sym,side,t,cont,btc_ma20,btc_ma50,btc_mom4,altbtc_up,altbtc_mom10,coin_ma20,coin_ma50,coin_vs_btc10
ETHUSDT,bull,2020-06-01,True,True,False,False,False,True,True,,True
ETHUSDT,bull,2020-07-27,True,True,False,True,True,True,True,,True
ETHUSDT,bull,2020-08-17,True,True,False,True,True,True,True,,True
ETHUSDT,bull,2020-08-31,True,True,False,False,True,True,True,,True
ETHUSDT,bull,2020-10-19,True,True,False,True,False,False,True,,False
ETHUSDT,bull,2020-11-30,True,True,True,True,False,False,True,True,False
ETHUSDT,bull,2021-01-04,True,True,True,True,False,False,True,True,True
ETHUSDT,bull,2021-02-15,True,True,True,True,True,True,True,True,True
ETHUSDT,bull,2021-03-08,True,True,True,False,True,True,True,True,False
ETHUSDT,bull,2021-07-05,True,False,False,False,True,False,False,True,False
ETHUSDT,bull,2021-08-30,True,True,True,False,True,True,True,True,True
ETHUSDT,bull,2021-11-08,False,True,True,False,True,False,True,True,False
ETHUSDT,bull,2022-02-07,True,False,False,True,False,False,False,False,False
ETHUSDT,bull,2022-02-28,True,False,False,False,False,False,False,False,False
ETHUSDT,bull,2022-03-28,False,False,False,True,False,False,False,True,True
ETHUSDT,bull,2022-07-25,True,False,False,True,True,True,False,False,True
ETHUSDT,bull,2022-08-08,False,False,False,False,True,True,False,False,True
ETHUSDT,bull,2022-11-28,True,False,False,True,True,True,False,False,True
ETHUSDT,bull,2022-12-12,True,False,False,True,False,False,False,False,True
ETHUSDT,bull,2023-01-16,True,True,False,True,False,False,True,False,False
ETHUSDT,bull,2023-01-30,True,True,False,True,False,False,True,False,False
ETHUSDT,bull,2023-02-13,True,True,False,False,False,False,True,False,False
ETHUSDT,bull,2023-03-20,True,True,True,True,False,False,True,True,False
ETHUSDT,bull,2023-04-10,False,True,True,False,False,False,True,True,False
ETHUSDT,bull,2023-05-22,False,True,True,False,False,True,True,True,True
ETHUSDT,bull,2023-07-10,False,True,True,False,False,False,True,True,False
ETHUSDT,bull,2023-09-25,False,False,True,True,False,False,False,False,False
ETHUSDT,bull,2023-11-06,True,True,True,True,True,True,True,True,False
ETHUSDT,bull,2023-12-04,True,True,True,True,True,True,True,True,False
ETHUSDT,bull,2024-01-08,True,True,True,False,True,True,True,True,True
ETHUSDT,bull,2024-03-11,False,True,True,True,False,False,True,True,False
ETHUSDT,bull,2024-03-25,True,True,True,True,False,False,True,True,False
ETHUSDT,bull,2024-05-27,False,True,True,True,False,False,True,True,True
ETHUSDT,bull,2024-08-19,True,False,True,False,False,False,False,False,False
ETHUSDT,bull,2024-09-23,True,True,True,True,False,False,False,False,False
ETHUSDT,bull,2024-10-21,True,True,True,True,False,False,False,False,False
ETHUSDT,bull,2024-12-02,True,True,True,True,True,True,True,True,False
ETHUSDT,bull,2024-12-16,False,True,True,False,True,True,True,True,False
ETHUSDT,bull,2025-05-12,True,True,True,True,False,False,True,False,True
ETHUSDT,bull,2025-05-26,True,True,True,True,False,False,True,False,True
ETHUSDT,bull,2025-08-18,False,True,True,False,True,True,True,True,True
ETHUSDT,bull,2025-09-08,False,True,True,True,True,True,True,True,True
ETHUSDT,bull,2025-12-08,False,False,False,True,False,False,False,False,False
ETHUSDT,bull,2026-01-12,False,False,False,False,False,False,False,False,False
ETHUSDT,bull,2026-03-16,True,False,False,True,False,False,False,False,False
ETHUSDT,bull,2026-04-13,False,True,False,True,False,False,False,False,True
ETHUSDT,bull,2026-07-27,True,False,False,True,False,False,False,False,True
ETHUSDT,bull,2026-08-24,True,True,False,True,True,True,True,False,True
ETHUSDT,bear,2020-05-11,False,True,False,True,False,False,True,,False
ETHUSDT,bear,2020-06-22,False,True,False,False,True,False,True,,False
ETHUSDT,bear,2020-09-21,False,True,False,True,False,False,True,,True
ETHUSDT,bear,2021-02-22,False,True,True,True,True,True,True,True,True
ETHUSDT,bear,2021-05-17,False,False,True,False,True,True,True,True,True
ETHUSDT,bear,2021-09-06,True,True,True,False,True,True,True,True,True
ETHUSDT,bear,2021-09-20,False,True,True,False,True,True,True,True,True
ETHUSDT,bear,2021-11-29,True,False,True,False,False,False,True,True,True
ETHUSDT,bear,2022-01-24,True,False,False,True,False,False,False,True,False
ETHUSDT,bear,2022-02-21,False,False,False,False,False,False,False,False,False
ETHUSDT,bear,2022-03-07,False,False,False,True,False,False,False,False,False
ETHUSDT,bear,2022-05-09,True,False,False,False,False,False,False,False,True
ETHUSDT,bear,2022-05-23,True,False,False,False,False,False,False,False,False
ETHUSDT,bear,2022-06-13,False,False,False,False,True,False,False,False,False
ETHUSDT,bear,2022-08-29,True,False,False,False,True,True,True,False,True
ETHUSDT,bear,2022-09-19,True,False,False,False,True,True,False,False,False
ETHUSDT,bear,2022-10-10,True,False,False,True,True,False,False,False,False
ETHUSDT,bear,2022-11-07,False,False,False,False,True,True,False,False,False
ETHUSDT,bear,2022-12-19,False,False,False,False,False,False,False,False,True
ETHUSDT,bear,2023-04-24,True,True,True,True,False,False,True,True,False
ETHUSDT,bear,2023-05-08,True,True,True,False,False,False,True,True,False
ETHUSDT,bear,2023-08-14,False,False,True,False,False,True,False,True,False
ETHUSDT,bear,2023-09-11,False,False,True,True,False,False,False,False,False
ETHUSDT,bear,2023-10-09,False,True,True,True,False,False,False,True,False
ETHUSDT,bear,2023-12-11,False,True,True,True,True,True,True,True,False
ETHUSDT,bear,2024-03-18,True,True,True,True,False,False,True,True,False
ETHUSDT,bear,2024-04-29,False,True,True,False,False,False,False,True,False
ETHUSDT,bear,2024-07-01,True,False,True,False,False,False,False,True,True
ETHUSDT,bear,2024-08-05,False,False,True,False,False,False,False,False,False
ETHUSDT,bear,2024-09-02,False,False,True,True,False,False,False,False,False
ETHUSDT,bear,2024-09-30,False,True,True,True,False,False,False,False,False
ETHUSDT,bear,2025-01-13,True,True,True,True,True,True,True,True,False
ETHUSDT,bear,2025-02-03,True,True,True,False,True,False,False,False,False
ETHUSDT,bear,2025-03-10,True,False,True,False,False,False,False,False,False
ETHUSDT,bear,2025-04-07,False,False,True,False,False,False,False,False,False
ETHUSDT,bear,2025-06-16,False,True,True,True,False,False,True,False,True
ETHUSDT,bear,2025-09-22,True,True,True,True,True,True,True,True,True
ETHUSDT,bear,2025-10-06,True,False,True,False,True,False,True,True,True
ETHUSDT,bear,2025-11-17,True,False,False,False,False,False,False,False,False
ETHUSDT,bear,2025-12-15,True,False,False,False,False,False,False,False,False
ETHUSDT,bear,2026-02-02,True,False,False,False,False,False,False,False,False
ETHUSDT,bear,2026-03-23,False,False,False,True,False,False,False,False,False
ETHUSDT,bear,2026-06-01,False,False,False,False,False,False,False,False,False
ETHUSDT,bear,2026-06-22,False,False,False,True,False,True,False,False,False
BTCUSDT,bull,2020-05-04,True,True,False,True,False,False,True,,False
BTCUSDT,bull,2020-06-01,True,True,False,False,False,True,True,,False
BTCUSDT,bull,2020-07-27,True,True,False,True,True,True,True,,False
BTCUSDT,bull,2020-08-17,True,True,False,True,True,True,True,,False
BTCUSDT,bull,2020-11-30,True,True,True,True,False,False,True,True,False
BTCUSDT,bull,2021-01-04,True,True,True,True,False,False,True,True,False
BTCUSDT,bull,2021-02-15,True,True,True,True,True,True,True,True,False
BTCUSDT,bull,2021-03-08,True,True,True,False,True,True,True,True,False
BTCUSDT,bull,2021-06-28,True,False,True,False,True,False,False,True,False
BTCUSDT,bull,2021-07-26,True,False,True,True,False,False,False,True,False
BTCUSDT,bull,2021-09-06,True,True,True,False,True,True,True,True,False
BTCUSDT,bull,2021-10-18,True,True,True,True,False,False,True,True,False
BTCUSDT,bull,2022-02-07,True,False,False,True,False,False,False,False,False
BTCUSDT,bull,2022-02-28,True,False,False,False,False,False,False,False,False
BTCUSDT,bull,2022-03-28,False,False,False,True,False,False,False,False,False
BTCUSDT,bull,2022-07-04,True,False,False,True,True,False,False,False,False
BTCUSDT,bull,2022-07-25,True,False,False,True,True,True,False,False,False
BTCUSDT,bull,2022-12-12,True,False,False,True,False,False,False,False,False
BTCUSDT,bull,2023-01-30,True,True,False,True,False,False,True,False,False
BTCUSDT,bull,2023-02-20,False,True,False,False,False,False,True,False,False
BTCUSDT,bull,2023-03-27,True,True,True,True,False,False,True,True,False
BTCUSDT,bull,2023-04-10,False,True,True,False,False,False,True,True,False
BTCUSDT,bull,2023-06-19,True,True,True,True,False,False,True,True,False
BTCUSDT,bull,2023-07-10,False,True,True,False,False,False,True,True,False
BTCUSDT,bull,2023-10-02,True,False,True,True,False,False,False,True,False
BTCUSDT,bull,2023-11-06,True,True,True,True,True,True,True,True,False
BTCUSDT,bull,2023-12-04,True,True,True,True,True,True,True,True,False
BTCUSDT,bull,2024-03-11,False,True,True,True,False,False,True,True,False
BTCUSDT,bull,2024-03-25,True,True,True,True,False,False,True,True,False
BTCUSDT,bull,2024-05-20,True,True,True,True,False,False,True,True,False
BTCUSDT,bull,2024-06-03,False,True,True,True,False,False,True,True,False
BTCUSDT,bull,2024-08-19,True,False,True,False,False,False,False,True,False
BTCUSDT,bull,2024-09-23,True,True,True,True,False,False,True,True,False
BTCUSDT,bull,2024-11-18,True,True,True,True,True,True,True,True,False
BTCUSDT,bull,2024-12-16,False,True,True,False,True,True,True,True,False
BTCUSDT,bull,2025-01-20,False,True,True,False,True,False,True,True,False
BTCUSDT,bull,2025-03-24,False,False,True,False,False,False,False,True,False
BTCUSDT,bull,2025-05-19,True,True,True,True,False,False,True,True,False
BTCUSDT,bull,2025-07-14,True,True,True,True,True,True,True,True,False
BTCUSDT,bull,2025-09-15,True,True,True,True,True,True,True,True,False
BTCUSDT,bull,2025-12-08,True,False,False,True,False,False,False,False,False
BTCUSDT,bull,2026-01-12,False,False,False,False,False,False,False,False,False
BTCUSDT,bull,2026-03-02,True,False,False,True,False,False,False,False,False
BTCUSDT,bull,2026-03-16,True,False,False,True,False,False,False,False,False
BTCUSDT,bull,2026-05-04,False,True,False,True,False,False,True,False,False
BTCUSDT,bull,2026-07-20,True,False,False,False,False,True,False,False,False
BTCUSDT,bull,2026-08-31,True,True,False,True,True,False,True,False,False
BTCUSDT,bear,2020-03-09,False,False,False,False,False,False,,,False
BTCUSDT,bear,2020-06-22,False,True,False,False,True,False,True,,False
BTCUSDT,bear,2020-08-31,False,True,False,False,True,True,True,,False
BTCUSDT,bear,2020-09-21,False,True,False,True,False,False,True,,False
BTCUSDT,bear,2021-02-22,False,True,True,True,True,True,True,True,False
BTCUSDT,bear,2021-04-19,True,True,True,False,True,True,True,True,False
BTCUSDT,bear,2021-05-17,False,False,True,False,True,True,False,True,False
BTCUSDT,bear,2021-06-21,False,False,True,False,True,True,False,True,False
BTCUSDT,bear,2021-09-20,False,True,True,False,True,True,True,True,False
BTCUSDT,bear,2021-10-25,False,True,True,True,True,False,True,True,False
BTCUSDT,bear,2021-11-29,True,False,True,False,False,False,False,True,False
BTCUSDT,bear,2022-01-24,True,False,False,True,False,False,False,False,False
BTCUSDT,bear,2022-02-21,False,False,False,False,False,False,False,False,False
BTCUSDT,bear,2022-03-07,False,False,False,True,False,False,False,False,False
BTCUSDT,bear,2022-05-09,True,False,False,False,False,False,False,False,False
BTCUSDT,bear,2022-06-13,True,False,False,False,True,False,False,False,False
BTCUSDT,bear,2022-08-22,True,False,False,False,True,True,False,False,False
BTCUSDT,bear,2022-09-05,True,False,False,False,True,True,False,False,False
BTCUSDT,bear,2022-09-19,True,False,False,False,True,True,False,False,False
BTCUSDT,bear,2022-10-10,False,False,False,True,True,False,False,False,False
BTCUSDT,bear,2022-11-07,True,False,False,False,True,True,False,False,False
BTCUSDT,bear,2022-11-21,False,False,False,False,True,True,False,False,False
BTCUSDT,bear,2022-12-19,False,False,False,False,False,False,False,False,False
BTCUSDT,bear,2023-04-24,True,True,True,True,False,False,True,True,False
BTCUSDT,bear,2023-05-08,True,True,True,False,False,False,True,True,False
BTCUSDT,bear,2023-07-31,True,True,True,False,False,False,True,True,False
BTCUSDT,bear,2023-08-14,False,False,True,False,False,True,False,True,False
BTCUSDT,bear,2023-09-11,False,False,True,True,False,False,False,True,False
BTCUSDT,bear,2023-11-13,False,True,True,True,True,True,True,True,False
BTCUSDT,bear,2024-01-22,False,True,True,False,True,True,True,True,False
BTCUSDT,bear,2024-03-18,True,True,True,True,False,False,True,True,False
BTCUSDT,bear,2024-04-15,True,True,True,False,False,False,True,True,False
BTCUSDT,bear,2024-04-29,False,True,True,False,False,False,True,True,False
BTCUSDT,bear,2024-07-01,True,False,True,False,False,False,False,True,False
BTCUSDT,bear,2024-08-05,False,False,True,False,False,False,False,True,False
BTCUSDT,bear,2024-09-02,False,False,True,True,False,False,False,True,False
BTCUSDT,bear,2025-02-03,True,True,True,False,True,False,True,True,False
BTCUSDT,bear,2025-02-24,True,False,True,False,False,False,False,True,False
BTCUSDT,bear,2025-03-10,True,False,True,False,False,False,False,True,False
BTCUSDT,bear,2025-04-07,False,False,True,False,False,False,False,True,False
BTCUSDT,bear,2025-06-02,True,True,True,False,False,False,True,True,False
BTCUSDT,bear,2025-06-16,False,True,True,True,False,False,True,True,False
BTCUSDT,bear,2025-07-28,False,True,True,True,True,True,True,True,False
BTCUSDT,bear,2025-09-01,False,True,True,False,True,True,True,True,False
BTCUSDT,bear,2025-11-17,True,False,False,False,False,False,False,False,False
BTCUSDT,bear,2025-12-15,False,False,False,False,False,False,False,False,False
BTCUSDT,bear,2026-02-02,True,False,False,False,False,False,False,False,False
BTCUSDT,bear,2026-03-23,False,False,False,True,False,False,False,False,False
BTCUSDT,bear,2026-06-01,True,False,False,False,False,False,False,False,False
BTCUSDT,bear,2026-06-29,False,False,False,False,False,False,False,False,False
BTCUSDT,bear,2026-07-27,False,False,False,True,False,False,False,False,False
SOLUSDT,bull,2020-11-16,False,True,False,True,False,False,False,,False
SOLUSDT,bull,2021-02-22,True,True,True,True,True,True,True,True,True
SOLUSDT,bull,2021-04-26,True,True,True,False,True,True,True,True,True
SOLUSDT,bull,2021-05-17,True,False,True,False,True,True,True,True,True
SOLUSDT,bull,2021-07-05,True,False,False,False,True,False,False,True,True
SOLUSDT,bull,2021-09-06,True,True,True,False,True,True,True,True,True
SOLUSDT,bull,2021-09-27,True,True,True,True,False,True,True,True,True
SOLUSDT,bull,2021-11-01,False,True,True,True,True,False,True,True,True
SOLUSDT,bull,2022-04-04,False,False,False,False,False,False,False,False,False
SOLUSDT,bull,2022-06-20,True,False,False,False,True,False,False,False,False
SOLUSDT,bull,2022-07-18,True,False,False,True,True,True,False,False,True
SOLUSDT,bull,2022-09-12,False,False,False,False,True,True,False,False,False
SOLUSDT,bull,2022-09-26,False,False,False,False,True,True,False,False,False
SOLUSDT,bull,2023-01-23,True,True,False,True,False,False,True,False,True
SOLUSDT,bull,2023-02-20,False,True,False,False,False,False,True,False,True
SOLUSDT,bull,2023-03-20,True,True,True,True,False,False,True,False,False
SOLUSDT,bull,2023-04-17,False,True,True,True,False,False,True,False,False
SOLUSDT,bull,2023-07-10,True,True,True,False,False,False,True,True,True
SOLUSDT,bull,2023-10-02,True,False,True,True,False,False,True,True,True
SOLUSDT,bull,2023-11-13,True,True,True,True,True,True,True,True,True
SOLUSDT,bull,2023-12-25,True,True,True,True,False,True,True,True,True
SOLUSDT,bull,2024-02-12,True,True,True,True,False,False,True,True,True
SOLUSDT,bull,2024-03-18,False,True,True,True,False,False,True,True,True
SOLUSDT,bull,2024-05-20,False,True,True,True,False,False,True,True,False
SOLUSDT,bull,2024-09-23,True,True,True,True,False,False,False,True,False
SOLUSDT,bull,2024-11-18,True,True,True,True,True,True,True,True,True
SOLUSDT,bull,2025-04-21,True,True,True,True,False,False,False,False,False
SOLUSDT,bull,2025-05-19,True,True,True,True,False,False,False,False,False
SOLUSDT,bull,2025-07-21,True,True,True,True,True,True,True,False,False
SOLUSDT,bull,2025-08-25,True,True,True,False,True,True,True,True,True
SOLUSDT,bull,2025-09-15,False,True,True,True,True,True,True,True,True
SOLUSDT,bull,2025-12-01,False,False,False,False,False,False,False,False,False
SOLUSDT,bull,2026-01-12,False,False,False,False,False,False,False,False,False
SOLUSDT,bull,2026-03-02,True,False,False,True,False,False,False,False,False
SOLUSDT,bull,2026-03-16,True,False,False,True,False,False,False,False,False
SOLUSDT,bull,2026-04-13,True,True,False,True,False,False,False,False,False
SOLUSDT,bull,2026-05-11,False,True,False,False,False,False,False,False,False
SOLUSDT,bull,2026-06-29,True,False,False,False,False,False,False,False,True
SOLUSDT,bull,2026-08-03,True,False,False,False,True,True,False,False,True
SOLUSDT,bull,2026-08-24,True,True,False,True,True,True,True,False,True
SOLUSDT,bear,2020-11-02,True,True,False,True,False,False,False,,False
SOLUSDT,bear,2020-11-23,True,True,False,True,False,False,False,,False
SOLUSDT,bear,2020-12-07,True,True,True,True,False,False,False,False,False
SOLUSDT,bear,2020-12-21,False,True,True,True,False,False,True,True,False
SOLUSDT,bear,2021-06-21,False,False,True,False,True,True,True,True,True
SOLUSDT,bear,2021-07-19,False,False,True,True,True,False,True,True,True
SOLUSDT,bear,2021-09-20,False,True,True,False,True,True,True,True,True
SOLUSDT,bear,2021-12-13,True,False,True,False,False,True,True,True,True
SOLUSDT,bear,2022-01-24,True,False,False,True,False,False,False,True,False
SOLUSDT,bear,2022-03-07,False,False,False,True,False,False,False,False,False
SOLUSDT,bear,2022-05-09,True,False,False,False,False,False,False,False,False
SOLUSDT,bear,2022-06-13,True,False,False,False,True,False,False,False,False
SOLUSDT,bear,2022-06-27,False,False,False,False,False,False,False,False,False
SOLUSDT,bear,2022-07-25,False,False,False,True,True,True,False,False,True
SOLUSDT,bear,2022-08-29,True,False,False,False,True,True,False,False,False
SOLUSDT,bear,2022-09-19,True,False,False,False,True,True,False,False,False
SOLUSDT,bear,2022-10-17,False,False,False,True,True,True,False,False,False
SOLUSDT,bear,2022-11-07,True,False,False,False,True,True,False,False,False
SOLUSDT,bear,2023-02-06,False,True,False,True,False,False,True,False,True
SOLUSDT,bear,2023-03-06,True,True,True,True,False,False,True,False,False
SOLUSDT,bear,2023-03-27,False,True,True,True,False,False,True,False,False
SOLUSDT,bear,2023-04-24,True,True,True,True,False,False,True,False,False
SOLUSDT,bear,2023-05-22,True,True,True,False,False,True,False,False,True
SOLUSDT,bear,2023-06-05,False,True,True,False,False,False,False,False,False
SOLUSDT,bear,2023-09-11,False,False,True,True,False,False,False,False,False
SOLUSDT,bear,2024-01-01,True,True,True,True,True,True,True,True,True
SOLUSDT,bear,2024-01-22,False,True,True,False,True,True,True,True,True
SOLUSDT,bear,2024-04-08,True,True,True,False,False,False,True,True,True
SOLUSDT,bear,2024-04-29,False,True,True,False,False,False,True,True,True
SOLUSDT,bear,2024-07-01,False,False,True,False,False,False,False,True,True
SOLUSDT,bear,2024-08-05,False,False,True,False,False,False,False,True,True
SOLUSDT,bear,2024-09-02,False,False,True,True,False,False,False,True,False
SOLUSDT,bear,2024-09-30,False,True,True,True,False,False,False,True,False
SOLUSDT,bear,2024-12-16,True,True,True,False,True,True,True,True,False
SOLUSDT,bear,2025-03-10,True,False,True,False,False,False,False,False,False
SOLUSDT,bear,2025-04-07,False,False,True,False,False,False,False,False,False
SOLUSDT,bear,2025-06-16,False,True,True,True,False,False,True,False,False
SOLUSDT,bear,2025-07-28,False,True,True,True,True,True,True,True,True
SOLUSDT,bear,2025-09-22,True,True,True,True,True,True,True,True,True
SOLUSDT,bear,2025-10-06,True,False,True,False,True,False,True,True,True
SOLUSDT,bear,2025-11-17,True,False,False,False,False,False,False,False,False
SOLUSDT,bear,2025-12-15,False,False,False,False,False,False,False,False,False
SOLUSDT,bear,2026-02-02,True,False,False,False,False,False,False,False,False
SOLUSDT,bear,2026-03-30,False,False,False,False,False,False,False,False,False
SOLUSDT,bear,2026-06-01,False,False,False,False,False,False,False,False,False
BNBUSDT,bull,2020-04-27,True,False,False,True,False,False,,,False
BNBUSDT,bull,2020-06-01,True,True,False,False,False,True,True,,False
BNBUSDT,bull,2020-08-17,True,True,False,True,True,True,True,,True
BNBUSDT,bull,2020-09-14,True,True,False,False,True,False,True,,True
BNBUSDT,bull,2020-09-28,True,True,False,True,False,False,True,,True
BNBUSDT,bull,2020-10-12,True,True,False,True,False,False,True,,True
BNBUSDT,bull,2020-10-26,True,True,False,True,False,False,True,,False
BNBUSDT,bull,2020-11-23,True,True,False,True,False,False,True,,False
BNBUSDT,bull,2020-12-14,True,True,True,True,False,False,True,True,False
BNBUSDT,bull,2021-01-18,True,True,True,True,True,True,True,True,False
BNBUSDT,bull,2021-02-15,True,True,True,True,True,True,True,True,True
BNBUSDT,bull,2021-04-12,True,True,True,False,True,True,True,True,True
BNBUSDT,bull,2021-08-23,True,True,True,True,True,True,True,True,True
BNBUSDT,bull,2021-11-01,False,True,True,True,True,False,True,True,True
BNBUSDT,bull,2022-02-28,True,False,False,False,False,False,False,False,False
BNBUSDT,bull,2022-04-04,False,False,False,False,False,False,False,False,True
BNBUSDT,bull,2022-08-08,True,False,False,False,True,True,False,False,True
BNBUSDT,bull,2022-11-07,False,False,False,False,True,True,False,False,True
BNBUSDT,bull,2023-01-09,True,True,False,True,False,False,True,False,False
BNBUSDT,bull,2023-01-30,True,True,False,True,False,False,True,True,False
BNBUSDT,bull,2023-03-13,True,True,True,True,False,False,True,True,False
BNBUSDT,bull,2023-04-10,False,True,True,False,False,False,True,True,False
BNBUSDT,bull,2023-06-19,True,True,True,True,False,False,False,False,False
BNBUSDT,bull,2023-07-10,False,True,True,False,False,False,False,False,False
BNBUSDT,bull,2023-08-28,False,False,True,False,False,True,False,False,True
BNBUSDT,bull,2023-09-18,True,True,True,True,False,False,False,False,False
BNBUSDT,bull,2023-11-06,True,True,True,True,True,True,True,False,False
BNBUSDT,bull,2023-11-20,True,True,True,True,False,True,True,False,False
BNBUSDT,bull,2023-12-25,True,True,True,True,False,True,True,True,True
BNBUSDT,bull,2024-03-11,True,True,True,True,False,False,True,True,True
BNBUSDT,bull,2024-03-25,True,True,True,True,False,False,True,True,True
BNBUSDT,bull,2024-05-06,True,True,True,True,False,False,True,True,True
BNBUSDT,bull,2024-05-20,True,True,True,True,False,False,True,True,True
BNBUSDT,bull,2024-06-03,False,True,True,True,False,False,True,True,True
BNBUSDT,bull,2024-07-22,False,False,True,True,False,False,False,True,False
BNBUSDT,bull,2024-08-19,True,False,True,False,False,False,False,True,False
BNBUSDT,bull,2024-09-23,True,True,True,True,False,False,True,True,True
BNBUSDT,bull,2024-11-18,True,True,True,True,True,True,True,True,False
BNBUSDT,bull,2024-12-02,False,True,True,True,True,True,True,True,False
BNBUSDT,bull,2025-01-06,False,True,True,True,True,True,True,True,False
BNBUSDT,bull,2025-02-10,True,True,True,False,False,False,True,True,False
BNBUSDT,bull,2025-03-24,True,False,True,False,False,False,False,False,True
BNBUSDT,bull,2025-04-21,True,True,True,True,False,False,False,False,False
BNBUSDT,bull,2025-05-12,True,True,True,True,False,False,True,True,False
BNBUSDT,bull,2025-07-28,True,True,True,True,True,True,True,True,True
BNBUSDT,bull,2025-08-18,True,True,True,False,True,True,True,True,True
BNBUSDT,bull,2025-09-15,True,True,True,True,True,True,True,True,True
BNBUSDT,bull,2025-10-13,False,True,True,True,True,False,True,True,True
BNBUSDT,bull,2026-01-12,False,False,False,False,False,False,False,True,True
BNBUSDT,bull,2026-03-16,False,False,False,True,False,False,False,False,False
BNBUSDT,bull,2026-04-20,True,True,False,True,False,False,False,False,False
BNBUSDT,bull,2026-05-11,True,True,False,False,False,False,False,False,False
BNBUSDT,bull,2026-08-17,True,True,False,True,False,True,True,False,False
BNBUSDT,bull,2026-08-31,True,True,False,True,True,False,True,False,True
BNBUSDT,bear,2020-05-04,False,True,False,True,False,False,True,,False
BNBUSDT,bear,2020-06-22,False,True,False,False,True,False,False,,False
BNBUSDT,bear,2020-09-21,False,True,False,True,False,False,True,,True
BNBUSDT,bear,2020-11-02,False,True,False,True,False,False,True,,False
BNBUSDT,bear,2021-05-17,False,False,True,False,True,True,True,True,True
BNBUSDT,bear,2021-06-21,False,False,True,False,True,True,False,True,False
BNBUSDT,bear,2021-09-06,True,True,True,False,True,True,True,True,False
BNBUSDT,bear,2021-09-20,False,True,True,False,True,True,True,True,True
BNBUSDT,bear,2021-11-29,True,False,True,False,False,False,True,True,True
BNBUSDT,bear,2022-01-17,True,False,False,False,False,False,False,False,False
BNBUSDT,bear,2022-02-21,False,False,False,False,False,False,False,False,False
BNBUSDT,bear,2022-04-11,True,False,False,False,False,False,False,False,True
BNBUSDT,bear,2022-05-09,True,False,False,False,False,False,False,False,True
BNBUSDT,bear,2022-06-13,False,False,False,False,True,False,False,False,True
BNBUSDT,bear,2022-09-05,True,False,False,False,True,True,False,False,True
BNBUSDT,bear,2022-09-19,True,False,False,False,True,True,True,False,True
BNBUSDT,bear,2022-10-10,False,False,False,True,True,False,True,False,True
BNBUSDT,bear,2022-11-21,True,False,False,False,True,True,True,False,True
BNBUSDT,bear,2022-12-12,False,False,False,True,False,False,False,False,True
BNBUSDT,bear,2023-02-13,True,True,False,False,False,False,True,True,False
BNBUSDT,bear,2023-05-08,True,True,True,False,False,False,False,True,False
BNBUSDT,bear,2023-06-12,True,True,True,True,False,False,False,False,False
BNBUSDT,bear,2023-08-21,True,False,True,False,False,True,False,False,True
BNBUSDT,bear,2023-09-11,True,False,True,True,False,False,False,False,False
BNBUSDT,bear,2023-10-09,False,True,True,True,False,False,False,False,False
BNBUSDT,bear,2023-11-27,False,True,True,True,True,True,True,False,False
BNBUSDT,bear,2024-01-22,False,True,True,False,True,True,True,True,True
BNBUSDT,bear,2024-03-18,True,True,True,True,False,False,True,True,True
BNBUSDT,bear,2024-04-29,False,True,True,False,False,False,True,True,True
BNBUSDT,bear,2024-07-01,True,False,True,False,False,False,False,True,False
BNBUSDT,bear,2024-08-05,False,False,True,False,False,False,False,True,False
BNBUSDT,bear,2024-09-02,False,False,True,True,False,False,False,True,True
BNBUSDT,bear,2024-09-30,False,True,True,True,False,False,True,True,True
BNBUSDT,bear,2024-12-16,True,True,True,False,True,True,True,True,False
BNBUSDT,bear,2025-01-13,True,True,True,True,True,True,True,True,False
BNBUSDT,bear,2025-02-03,False,True,True,False,True,False,True,True,False
BNBUSDT,bear,2025-03-10,False,False,True,False,False,False,False,True,False
BNBUSDT,bear,2025-04-07,False,False,True,False,False,False,False,False,True
BNBUSDT,bear,2025-06-02,True,True,True,False,False,False,True,True,False
BNBUSDT,bear,2025-06-16,False,True,True,True,False,False,True,True,False
BNBUSDT,bear,2025-11-03,True,False,False,False,False,False,False,True,True
BNBUSDT,bear,2025-11-17,True,False,False,False,False,False,False,True,True
BNBUSDT,bear,2026-02-02,True,False,False,False,False,False,False,False,False
BNBUSDT,bear,2026-03-30,False,False,False,False,False,False,False,False,False
BNBUSDT,bear,2026-06-01,True,False,False,False,False,False,False,False,True
BNBUSDT,bear,2026-06-29,False,False,False,False,False,False,False,False,True
XRPUSDT,bull,2020-04-27,False,False,False,True,False,False,,,False
XRPUSDT,bull,2020-07-06,True,True,False,False,True,True,True,,False
XRPUSDT,bull,2020-07-27,True,True,False,True,True,True,True,,True
XRPUSDT,bull,2020-10-05,True,True,False,True,False,False,True,,False
XRPUSDT,bull,2020-11-23,False,True,False,True,False,False,True,,True
XRPUSDT,bull,2021-01-04,True,True,True,True,False,False,False,True,False
XRPUSDT,bull,2021-02-01,True,True,True,True,True,True,True,True,False
XRPUSDT,bull,2021-04-12,False,True,True,False,True,True,True,True,True
XRPUSDT,bull,2021-05-03,False,False,True,False,True,True,True,True,True
XRPUSDT,bull,2021-08-09,True,True,True,True,True,True,True,True,True
XRPUSDT,bull,2021-10-04,True,True,True,True,False,True,True,True,False
XRPUSDT,bull,2021-11-08,False,True,True,False,True,False,True,True,False
XRPUSDT,bull,2022-02-07,False,False,False,True,False,False,False,False,True
XRPUSDT,bull,2022-03-21,False,True,True,True,False,False,True,False,True
XRPUSDT,bull,2022-06-20,True,False,False,False,True,False,False,False,False
XRPUSDT,bull,2022-07-25,True,False,False,True,True,True,False,False,True
XRPUSDT,bull,2022-09-19,False,False,False,False,True,True,True,False,True
XRPUSDT,bull,2023-01-23,True,True,False,True,False,False,False,False,False
XRPUSDT,bull,2023-03-27,True,True,True,True,False,False,True,True,True
XRPUSDT,bull,2023-05-29,True,False,True,False,False,False,True,True,True
XRPUSDT,bull,2023-06-12,True,True,True,True,False,False,True,True,False
XRPUSDT,bull,2023-07-10,False,True,True,False,False,False,True,True,True
XRPUSDT,bull,2023-09-25,True,False,True,True,False,False,False,True,False
XRPUSDT,bull,2023-11-13,False,True,True,True,True,True,True,True,False
XRPUSDT,bull,2024-02-12,True,True,True,True,False,False,False,False,False
XRPUSDT,bull,2024-03-11,False,True,True,True,False,False,True,True,False
XRPUSDT,bull,2024-05-06,False,True,True,True,False,False,False,False,False
XRPUSDT,bull,2024-05-20,False,True,True,True,False,False,False,False,False
XRPUSDT,bull,2024-07-15,True,True,True,True,False,False,True,True,True
XRPUSDT,bull,2024-07-29,True,False,True,False,False,False,True,True,True
XRPUSDT,bull,2024-09-23,False,True,True,True,False,False,False,False,False
XRPUSDT,bull,2024-12-02,True,True,True,True,True,True,True,True,True
XRPUSDT,bull,2024-12-16,True,True,True,False,True,True,True,True,True
XRPUSDT,bull,2025-01-13,False,True,True,True,True,True,True,True,True
XRPUSDT,bull,2025-02-10,True,True,True,False,False,False,True,True,True
XRPUSDT,bull,2025-02-24,False,False,True,False,False,False,True,True,True
XRPUSDT,bull,2025-03-17,False,False,True,False,False,False,False,True,False
XRPUSDT,bull,2025-05-12,False,True,True,True,False,False,False,True,False
XRPUSDT,bull,2025-07-14,False,True,True,True,True,True,True,True,True
XRPUSDT,bull,2025-08-04,False,True,True,True,True,True,True,True,True
XRPUSDT,bull,2025-09-08,False,True,True,True,True,True,True,True,True
XRPUSDT,bull,2026-01-05,False,False,False,True,False,False,False,False,False
XRPUSDT,bull,2026-02-09,False,False,False,False,False,False,False,False,False
XRPUSDT,bull,2026-03-16,False,False,False,True,False,False,False,False,False
XRPUSDT,bull,2026-04-13,True,True,False,True,False,False,False,False,False
XRPUSDT,bull,2026-06-29,False,False,False,False,False,False,False,False,False
XRPUSDT,bull,2026-08-17,False,True,False,True,False,True,True,False,False
XRPUSDT,bear,2020-03-09,False,False,False,False,False,False,,,False
XRPUSDT,bear,2020-04-13,False,False,False,True,False,False,,,False
XRPUSDT,bear,2020-05-04,True,True,False,True,False,False,False,,False
XRPUSDT,bear,2020-06-01,False,True,False,False,False,True,False,,False
XRPUSDT,bear,2020-08-31,True,True,False,False,True,True,True,,True
XRPUSDT,bear,2020-09-21,False,True,False,True,False,False,True,,True
XRPUSDT,bear,2020-12-28,False,True,True,True,False,False,False,True,False
XRPUSDT,bear,2021-04-19,True,True,True,False,True,True,True,True,True
XRPUSDT,bear,2021-05-17,True,False,True,False,True,True,True,True,True
XRPUSDT,bear,2021-06-21,False,False,True,False,True,True,False,True,False
XRPUSDT,bear,2021-09-20,True,True,True,False,True,True,True,True,True
XRPUSDT,bear,2021-11-29,True,False,True,False,False,False,False,False,False
XRPUSDT,bear,2022-01-17,True,False,False,False,False,False,False,False,False
XRPUSDT,bear,2022-04-11,True,False,False,False,False,False,False,False,False
XRPUSDT,bear,2022-05-09,True,False,False,False,False,False,False,False,False
XRPUSDT,bear,2022-06-13,False,False,False,False,True,False,False,False,False
XRPUSDT,bear,2022-06-27,True,False,False,False,False,False,False,False,False
XRPUSDT,bear,2022-07-11,False,False,False,True,True,True,False,False,True
XRPUSDT,bear,2022-10-17,True,False,False,True,True,True,True,False,True
XRPUSDT,bear,2022-11-07,True,False,False,False,True,True,False,False,True
XRPUSDT,bear,2022-12-19,True,False,False,False,False,False,False,False,False
XRPUSDT,bear,2023-02-13,True,True,False,False,False,False,False,False,False
XRPUSDT,bear,2023-03-06,False,True,True,True,False,False,True,False,False
XRPUSDT,bear,2023-04-24,True,True,True,True,False,False,True,True,False
XRPUSDT,bear,2023-05-08,False,True,True,False,False,False,True,True,True
XRPUSDT,bear,2023-06-26,False,True,True,True,False,False,True,True,False
XRPUSDT,bear,2023-08-14,False,False,True,False,False,True,False,True,True
XRPUSDT,bear,2023-09-11,False,False,True,True,False,False,False,True,False
XRPUSDT,bear,2023-10-09,False,True,True,True,False,False,False,True,False
XRPUSDT,bear,2023-11-20,True,True,True,True,False,True,True,True,False
XRPUSDT,bear,2023-12-04,True,True,True,True,True,True,True,True,False
XRPUSDT,bear,2024-01-01,False,True,True,True,True,True,True,True,False
XRPUSDT,bear,2024-03-18,True,True,True,True,False,False,True,True,False
XRPUSDT,bear,2024-04-08,True,True,True,False,False,False,False,False,False
XRPUSDT,bear,2024-04-29,True,True,True,False,False,False,False,False,False
XRPUSDT,bear,2024-05-13,True,True,True,True,False,False,False,False,False
XRPUSDT,bear,2024-06-03,True,True,True,True,False,False,False,False,False
XRPUSDT,bear,2024-08-05,False,False,True,False,False,False,True,True,True
XRPUSDT,bear,2024-09-02,False,False,True,True,False,False,True,True,True
XRPUSDT,bear,2024-09-30,True,True,True,True,False,False,False,False,False
XRPUSDT,bear,2024-10-21,False,True,True,True,False,False,False,False,False
XRPUSDT,bear,2024-12-09,False,True,True,False,True,True,True,True,True
XRPUSDT,bear,2025-02-03,True,True,True,False,True,False,True,True,True
XRPUSDT,bear,2025-03-10,True,False,True,False,False,False,True,True,True
XRPUSDT,bear,2025-04-07,False,False,True,False,False,False,False,True,False
XRPUSDT,bear,2025-06-02,True,True,True,False,False,False,False,True,False
XRPUSDT,bear,2025-06-16,False,True,True,True,False,False,False,True,False
XRPUSDT,bear,2025-07-28,True,True,True,True,True,True,True,True,True
XRPUSDT,bear,2025-09-01,True,True,True,False,True,True,True,True,True
XRPUSDT,bear,2025-09-22,True,True,True,True,True,True,True,True,False
XRPUSDT,bear,2025-10-06,True,False,True,False,True,False,False,False,False
XRPUSDT,bear,2025-11-03,True,False,False,False,False,False,False,False,False
XRPUSDT,bear,2025-11-17,True,False,False,False,False,False,False,False,False
XRPUSDT,bear,2025-12-15,True,False,False,False,False,False,False,False,False
XRPUSDT,bear,2026-02-02,True,False,False,False,False,False,False,False,False
XRPUSDT,bear,2026-02-23,True,False,False,False,False,False,False,False,False
XRPUSDT,bear,2026-03-30,True,False,False,False,False,False,False,False,False
XRPUSDT,bear,2026-06-01,True,False,False,False,False,False,False,False,False
XRPUSDT,bear,2026-06-22,True,False,False,True,False,True,False,False,False
ADAUSDT,bull,2020-04-27,True,False,False,True,False,False,,,True
ADAUSDT,bull,2020-06-01,True,True,False,False,False,True,True,,True
ADAUSDT,bull,2020-07-06,True,True,False,False,True,True,True,,True
ADAUSDT,bull,2020-07-20,True,True,False,True,True,True,True,,True
ADAUSDT,bull,2020-10-12,False,True,False,True,False,False,False,,False
ADAUSDT,bull,2020-11-23,True,True,False,True,False,False,True,,False
ADAUSDT,bull,2021-01-11,True,True,True,True,False,True,True,True,True
ADAUSDT,bull,2021-02-22,True,True,True,True,True,True,True,True,True
ADAUSDT,bull,2021-03-15,True,True,True,True,True,True,True,True,True
ADAUSDT,bull,2021-05-10,True,False,True,False,True,True,True,True,True
ADAUSDT,bull,2021-06-28,True,False,True,False,True,False,False,True,True
ADAUSDT,bull,2021-08-30,False,True,True,False,True,True,True,True,True
ADAUSDT,bull,2022-02-28,True,False,False,False,False,False,False,False,False
ADAUSDT,bull,2022-04-04,False,False,False,False,False,False,False,False,False
ADAUSDT,bull,2022-05-30,False,False,False,False,False,False,False,False,False
ADAUSDT,bull,2022-07-25,True,False,False,True,True,True,False,False,True
ADAUSDT,bull,2022-08-08,False,False,False,False,True,True,False,False,True
ADAUSDT,bull,2022-09-05,False,False,False,False,True,True,False,False,True
ADAUSDT,bull,2022-10-24,False,True,False,True,True,True,False,False,False
ADAUSDT,bull,2023-01-30,True,True,False,True,False,False,True,False,False
ADAUSDT,bull,2023-02-13,True,True,False,False,False,False,True,False,False
ADAUSDT,bull,2023-03-27,True,True,True,True,False,False,True,False,False
ADAUSDT,bull,2023-04-10,False,True,True,False,False,False,True,False,False
ADAUSDT,bull,2023-07-10,False,True,True,False,False,False,False,False,False
ADAUSDT,bull,2023-10-02,False,False,True,True,False,False,False,False,False
ADAUSDT,bull,2023-11-13,True,True,True,True,True,True,True,True,True
ADAUSDT,bull,2023-12-11,True,True,True,True,True,True,True,True,True
ADAUSDT,bull,2024-03-11,False,True,True,True,False,False,True,True,False
ADAUSDT,bull,2024-05-20,False,True,True,True,False,False,False,True,False
ADAUSDT,bull,2024-07-15,False,True,True,True,False,False,False,False,False
ADAUSDT,bull,2024-08-19,True,False,True,False,False,False,False,False,False
ADAUSDT,bull,2024-09-09,True,True,True,False,False,False,False,False,False
ADAUSDT,bull,2024-09-23,False,True,True,True,False,False,False,False,False
ADAUSDT,bull,2024-12-02,False,True,True,True,True,True,True,True,True
ADAUSDT,bull,2025-01-13,False,True,True,True,True,True,True,True,True
ADAUSDT,bull,2025-02-10,True,True,True,False,False,False,False,True,False
ADAUSDT,bull,2025-03-03,False,False,True,False,False,False,False,True,False
ADAUSDT,bull,2025-04-21,True,True,True,True,False,False,False,True,False
ADAUSDT,bull,2025-05-12,False,True,True,True,False,False,False,True,False
ADAUSDT,bull,2025-07-21,True,True,True,True,True,True,True,True,False
ADAUSDT,bull,2025-08-11,False,True,True,False,True,True,True,True,True
ADAUSDT,bull,2025-09-08,False,True,True,True,True,True,True,True,True
ADAUSDT,bull,2026-01-05,False,False,False,True,False,False,False,False,False
ADAUSDT,bull,2026-02-23,False,False,False,False,False,False,False,False,False
ADAUSDT,bull,2026-05-04,False,True,False,True,False,False,False,False,False
ADAUSDT,bull,2026-06-29,True,False,False,False,False,False,False,False,False
ADAUSDT,bull,2026-08-03,True,False,False,False,True,True,False,False,True
ADAUSDT,bull,2026-08-17,True,True,False,True,False,True,False,False,True
ADAUSDT,bear,2020-02-24,True,False,False,False,False,False,,,
ADAUSDT,bear,2020-03-09,False,False,False,False,False,False,,,False
ADAUSDT,bear,2020-05-04,False,True,False,True,False,False,True,,False
ADAUSDT,bear,2020-06-15,False,True,False,False,False,False,True,,True
ADAUSDT,bear,2020-08-31,True,True,False,False,True,True,False,,False
ADAUSDT,bear,2020-09-21,False,True,False,True,False,False,False,,False
ADAUSDT,bear,2020-11-02,False,True,False,True,False,False,False,,False
ADAUSDT,bear,2021-04-19,False,True,True,False,True,True,True,True,True
ADAUSDT,bear,2021-05-17,False,False,True,False,True,True,True,True,True
ADAUSDT,bear,2021-06-21,False,False,True,False,True,True,True,True,True
ADAUSDT,bear,2021-07-19,False,False,True,True,True,False,False,True,False
ADAUSDT,bear,2021-09-06,True,True,True,False,True,True,True,True,True
ADAUSDT,bear,2021-10-11,True,True,True,True,False,False,True,True,False
ADAUSDT,bear,2021-10-25,False,True,True,True,True,False,True,True,False
ADAUSDT,bear,2021-11-29,True,False,True,False,False,False,False,False,False
ADAUSDT,bear,2022-02-21,True,False,False,False,False,False,False,False,False
ADAUSDT,bear,2022-05-09,True,False,False,False,False,False,False,False,False
ADAUSDT,bear,2022-06-13,True,False,False,False,True,False,False,False,True
ADAUSDT,bear,2022-07-11,True,False,False,True,True,True,False,False,True
ADAUSDT,bear,2022-08-29,True,False,False,False,True,True,False,False,False
ADAUSDT,bear,2022-09-19,True,False,False,False,True,True,False,False,False
ADAUSDT,bear,2022-10-17,True,False,False,True,True,True,False,False,False
ADAUSDT,bear,2022-11-21,True,False,False,False,True,True,False,False,False
ADAUSDT,bear,2022-12-26,False,False,False,True,False,False,False,False,False
ADAUSDT,bear,2023-03-06,False,True,True,True,False,False,True,False,False
ADAUSDT,bear,2023-05-08,True,True,True,False,False,False,False,False,False
ADAUSDT,bear,2023-06-05,False,True,True,False,False,False,False,False,False
ADAUSDT,bear,2023-08-14,False,False,True,False,False,True,False,False,True
ADAUSDT,bear,2023-09-11,False,False,True,True,False,False,False,False,False
ADAUSDT,bear,2024-01-08,True,True,True,False,True,True,True,True,True
ADAUSDT,bear,2024-01-22,False,True,True,False,True,True,True,True,True
ADAUSDT,bear,2024-03-18,True,True,True,True,False,False,True,True,False
ADAUSDT,bear,2024-04-08,True,True,True,False,False,False,False,True,False
ADAUSDT,bear,2024-04-29,True,True,True,False,False,False,False,True,False
ADAUSDT,bear,2024-06-17,True,False,True,False,False,False,False,False,False
ADAUSDT,bear,2024-07-01,True,False,True,False,False,False,False,False,False
ADAUSDT,bear,2024-08-05,False,False,True,False,False,False,False,False,False
ADAUSDT,bear,2024-09-02,False,False,True,True,False,False,False,False,False
ADAUSDT,bear,2024-10-07,True,True,True,True,False,False,False,False,False
ADAUSDT,bear,2024-10-21,False,True,True,True,False,False,False,False,False
ADAUSDT,bear,2024-12-16,True,True,True,False,True,True,True,True,True
ADAUSDT,bear,2025-02-03,False,True,True,False,True,False,False,True,False
ADAUSDT,bear,2025-03-10,True,False,True,False,False,False,False,True,False
ADAUSDT,bear,2025-04-07,False,False,True,False,False,False,False,True,True
ADAUSDT,bear,2025-06-16,False,True,True,True,False,False,False,False,False
ADAUSDT,bear,2025-07-28,False,True,True,True,True,True,True,True,True
ADAUSDT,bear,2025-09-22,True,True,True,True,True,True,True,True,False
ADAUSDT,bear,2025-10-06,True,False,True,False,True,False,False,False,False
ADAUSDT,bear,2025-11-17,True,False,False,False,False,False,False,False,False
ADAUSDT,bear,2025-12-01,True,False,False,False,False,False,False,False,False
ADAUSDT,bear,2025-12-29,True,False,False,True,False,False,False,False,False
ADAUSDT,bear,2026-02-02,True,False,False,False,False,False,False,False,False
ADAUSDT,bear,2026-03-02,True,False,False,True,False,False,False,False,False
ADAUSDT,bear,2026-03-23,True,False,False,True,False,False,False,False,False
ADAUSDT,bear,2026-06-01,True,False,False,False,False,False,False,False,False
DOGEUSDT,bull,2020-11-23,True,True,False,True,False,False,True,,False
DOGEUSDT,bull,2020-12-28,True,True,True,True,False,False,True,True,True
DOGEUSDT,bull,2021-01-25,True,True,True,True,True,True,True,True,True
DOGEUSDT,bull,2021-03-08,True,True,True,False,True,True,True,True,True
DOGEUSDT,bull,2021-04-12,True,True,True,False,True,True,True,True,True
DOGEUSDT,bull,2021-05-03,False,False,True,False,True,True,True,True,True
DOGEUSDT,bull,2021-08-16,False,True,True,True,True,True,False,True,False
DOGEUSDT,bull,2021-10-04,True,True,True,True,False,True,False,True,False
DOGEUSDT,bull,2021-10-25,False,True,True,True,True,False,True,True,False
DOGEUSDT,bull,2022-04-04,False,False,False,False,False,False,False,False,False
DOGEUSDT,bull,2022-06-27,True,False,False,False,False,False,False,False,False
DOGEUSDT,bull,2022-07-18,True,False,False,True,True,True,False,False,True
DOGEUSDT,bull,2022-08-15,False,False,False,False,True,True,False,False,True
DOGEUSDT,bull,2022-10-31,False,False,False,False,True,True,True,False,True
DOGEUSDT,bull,2022-12-05,False,False,False,True,False,False,True,False,True
DOGEUSDT,bull,2023-01-30,False,True,False,True,False,False,False,False,False
DOGEUSDT,bull,2023-04-03,False,True,True,True,False,False,True,True,False
DOGEUSDT,bull,2023-07-24,False,True,True,False,False,False,True,False,False
DOGEUSDT,bull,2023-10-23,True,True,True,True,True,False,True,False,False
DOGEUSDT,bull,2023-11-13,True,True,True,True,True,True,True,True,False
DOGEUSDT,bull,2023-12-11,True,True,True,True,True,True,True,True,False
DOGEUSDT,bull,2024-03-04,True,True,True,True,False,True,True,True,True
DOGEUSDT,bull,2024-03-25,False,True,True,True,False,False,True,True,True
DOGEUSDT,bull,2024-05-20,False,True,True,True,False,False,True,True,False
DOGEUSDT,bull,2024-07-15,False,True,True,True,False,False,False,True,False
DOGEUSDT,bull,2024-08-19,True,False,True,False,False,False,False,False,False
DOGEUSDT,bull,2024-09-23,True,True,True,True,False,False,False,False,False
DOGEUSDT,bull,2024-11-18,True,True,True,True,True,True,True,True,True
DOGEUSDT,bull,2024-12-02,False,True,True,True,True,True,True,True,True
DOGEUSDT,bull,2025-01-13,False,True,True,True,True,True,True,True,False
DOGEUSDT,bull,2025-03-24,False,False,True,False,False,False,False,False,False
DOGEUSDT,bull,2025-04-21,True,True,True,True,False,False,False,False,False
DOGEUSDT,bull,2025-05-05,True,True,True,True,False,False,True,True,True
DOGEUSDT,bull,2025-07-21,True,True,True,True,True,True,True,False,False
DOGEUSDT,bull,2025-08-11,True,True,True,False,True,True,True,True,True
DOGEUSDT,bull,2025-09-08,False,True,True,True,True,True,True,True,True
DOGEUSDT,bull,2026-01-05,False,False,False,True,False,False,False,False,False
DOGEUSDT,bull,2026-02-09,True,False,False,False,False,False,False,False,False
DOGEUSDT,bull,2026-03-16,True,False,False,True,False,False,False,False,False
DOGEUSDT,bull,2026-04-13,True,True,False,True,False,False,False,False,False
DOGEUSDT,bull,2026-05-11,False,True,False,False,False,False,False,False,False
DOGEUSDT,bull,2026-08-17,True,True,False,True,False,True,False,False,False
DOGEUSDT,bear,2020-09-07,True,True,False,False,False,False,False,,False
DOGEUSDT,bear,2020-09-21,False,True,False,True,False,False,False,,False
DOGEUSDT,bear,2020-11-02,False,True,False,True,False,False,False,,False
DOGEUSDT,bear,2021-05-17,True,False,True,False,True,True,True,True,True
DOGEUSDT,bear,2021-06-21,True,False,True,False,True,True,True,True,True
DOGEUSDT,bear,2021-07-19,True,False,True,True,True,False,False,True,False
DOGEUSDT,bear,2021-08-23,True,True,True,True,True,True,True,True,False
DOGEUSDT,bear,2021-09-06,True,True,True,False,True,True,False,True,False
DOGEUSDT,bear,2021-09-20,False,True,True,False,True,True,False,True,False
DOGEUSDT,bear,2021-11-29,True,False,True,False,False,False,False,False,False
DOGEUSDT,bear,2022-01-17,True,False,False,False,False,False,False,False,False
DOGEUSDT,bear,2022-02-21,False,False,False,False,False,False,False,False,False
DOGEUSDT,bear,2022-05-09,True,False,False,False,False,False,False,False,False
DOGEUSDT,bear,2022-06-13,False,False,False,False,True,False,False,False,False
DOGEUSDT,bear,2022-07-11,False,False,False,True,True,True,False,False,True
DOGEUSDT,bear,2022-07-25,False,False,False,True,True,True,False,False,True
DOGEUSDT,bear,2022-10-10,False,False,False,True,True,False,False,False,False
DOGEUSDT,bear,2022-11-07,True,False,False,False,True,True,True,False,True
DOGEUSDT,bear,2022-12-26,True,False,False,True,False,False,False,False,False
DOGEUSDT,bear,2023-02-06,True,True,False,True,False,False,True,True,False
DOGEUSDT,bear,2023-03-06,False,True,True,True,False,False,False,False,False
DOGEUSDT,bear,2023-04-24,True,True,True,True,False,False,False,False,False
DOGEUSDT,bear,2023-05-08,True,True,True,False,False,False,False,False,False
DOGEUSDT,bear,2023-05-22,True,True,True,False,False,True,False,False,True
DOGEUSDT,bear,2023-06-05,False,True,True,False,False,False,False,False,False
DOGEUSDT,bear,2023-08-14,False,False,True,False,False,True,False,False,True
DOGEUSDT,bear,2023-09-11,True,False,True,True,False,False,False,False,True
DOGEUSDT,bear,2023-09-25,True,False,True,True,False,False,False,False,False
DOGEUSDT,bear,2023-10-09,False,True,True,True,False,False,False,False,False
DOGEUSDT,bear,2024-01-01,False,True,True,True,True,True,True,True,False
DOGEUSDT,bear,2024-04-08,True,True,True,False,False,False,True,True,True
DOGEUSDT,bear,2024-04-29,True,True,True,False,False,False,True,True,False
DOGEUSDT,bear,2024-06-17,True,False,True,False,False,False,False,True,False
DOGEUSDT,bear,2024-07-01,True,False,True,False,False,False,False,True,False
DOGEUSDT,bear,2024-08-05,False,False,True,False,False,False,False,False,False
DOGEUSDT,bear,2024-09-02,False,False,True,True,False,False,False,False,False
DOGEUSDT,bear,2024-09-30,False,True,True,True,False,False,False,False,False
DOGEUSDT,bear,2024-12-16,True,True,True,False,True,True,True,True,True
DOGEUSDT,bear,2025-02-03,True,True,True,False,True,False,False,True,False
DOGEUSDT,bear,2025-03-10,True,False,True,False,False,False,False,False,False
DOGEUSDT,bear,2025-04-07,False,False,True,False,False,False,False,False,False
DOGEUSDT,bear,2025-06-02,True,True,True,False,False,False,False,False,False
DOGEUSDT,bear,2025-06-16,False,True,True,True,False,False,False,False,False
DOGEUSDT,bear,2025-07-28,False,True,True,True,True,True,True,True,True
DOGEUSDT,bear,2025-09-22,True,True,True,True,True,True,True,True,True
DOGEUSDT,bear,2025-10-06,True,False,True,False,True,False,False,False,False
DOGEUSDT,bear,2025-11-03,True,False,False,False,False,False,False,False,False
DOGEUSDT,bear,2025-11-17,True,False,False,False,False,False,False,False,False
DOGEUSDT,bear,2025-12-01,True,False,False,False,False,False,False,False,False
DOGEUSDT,bear,2025-12-15,True,False,False,False,False,False,False,False,False
DOGEUSDT,bear,2025-12-29,True,False,False,True,False,False,False,False,False
DOGEUSDT,bear,2026-02-02,True,False,False,False,False,False,False,False,False
DOGEUSDT,bear,2026-03-02,False,False,False,True,False,False,False,False,False
DOGEUSDT,bear,2026-03-23,False,False,False,True,False,False,False,False,False
DOGEUSDT,bear,2026-06-01,True,False,False,False,False,False,False,False,True
DOGEUSDT,bear,2026-06-29,True,False,False,False,False,False,False,False,False
DOGEUSDT,bear,2026-07-27,False,False,False,True,False,False,False,False,False
LTCUSDT,bull,2020-04-27,True,False,False,True,False,False,,,False
LTCUSDT,bull,2020-06-01,False,True,False,False,False,True,False,,False
LTCUSDT,bull,2020-07-06,True,True,False,False,True,True,False,,False
LTCUSDT,bull,2020-07-27,True,True,False,True,True,True,True,,True
LTCUSDT,bull,2020-08-17,False,True,False,True,True,True,True,,True
LTCUSDT,bull,2020-11-23,True,True,False,True,False,False,True,,True
LTCUSDT,bull,2021-01-04,True,True,True,True,False,False,True,True,True
LTCUSDT,bull,2021-02-15,True,True,True,True,True,True,True,True,False
LTCUSDT,bull,2021-03-08,True,True,True,False,True,True,True,True,False
LTCUSDT,bull,2021-04-12,True,True,True,False,True,True,True,True,True
LTCUSDT,bull,2021-08-30,True,True,True,False,True,True,False,True,False
LTCUSDT,bull,2021-10-18,True,True,True,True,False,False,True,True,False
LTCUSDT,bull,2021-11-08,False,True,True,False,True,False,True,True,False
LTCUSDT,bull,2021-12-20,False,False,False,False,False,True,False,False,True
LTCUSDT,bull,2022-03-21,False,True,True,True,False,False,False,False,False
LTCUSDT,bull,2022-06-20,True,False,False,False,True,False,False,False,False
LTCUSDT,bull,2022-07-25,True,False,False,True,True,True,False,False,True
LTCUSDT,bull,2022-08-08,False,False,False,False,True,True,False,False,True
LTCUSDT,bull,2022-11-21,True,False,False,False,True,True,True,False,True
LTCUSDT,bull,2022-12-05,True,False,False,True,False,False,True,False,True
LTCUSDT,bull,2023-01-30,True,True,False,True,False,False,True,True,False
LTCUSDT,bull,2023-02-13,True,True,False,False,False,False,True,True,True
LTCUSDT,bull,2023-03-20,True,True,True,True,False,False,True,True,False
LTCUSDT,bull,2023-04-17,True,True,True,True,False,False,True,True,False
LTCUSDT,bull,2023-05-15,True,True,True,False,False,True,True,True,True
LTCUSDT,bull,2023-07-03,False,True,True,True,False,False,True,True,True
LTCUSDT,bull,2023-09-25,True,False,True,True,False,False,False,False,False
LTCUSDT,bull,2023-10-23,True,True,True,True,True,False,False,False,False
LTCUSDT,bull,2023-11-06,True,True,True,True,True,True,False,False,False
LTCUSDT,bull,2023-12-04,False,True,True,True,True,True,True,False,False
LTCUSDT,bull,2024-01-08,True,True,True,False,True,True,True,False,False
LTCUSDT,bull,2024-02-12,True,True,True,True,False,False,True,False,False
LTCUSDT,bull,2024-02-26,True,True,True,True,False,False,True,True,False
LTCUSDT,bull,2024-03-11,True,True,True,True,False,False,True,True,False
LTCUSDT,bull,2024-05-20,False,True,True,True,False,False,True,True,False
LTCUSDT,bull,2024-08-12,True,True,True,False,False,False,False,False,False
LTCUSDT,bull,2024-09-02,True,False,True,True,False,False,False,False,False
LTCUSDT,bull,2024-09-23,True,True,True,True,False,False,False,False,True
LTCUSDT,bull,2024-10-14,True,True,True,True,False,False,True,False,False
LTCUSDT,bull,2024-12-02,False,True,True,True,True,True,True,True,True
LTCUSDT,bull,2025-01-13,False,True,True,True,True,True,True,True,True
LTCUSDT,bull,2025-02-17,False,True,True,False,True,True,True,True,True
LTCUSDT,bull,2025-05-05,True,True,True,True,False,False,True,True,False
LTCUSDT,bull,2025-07-21,True,True,True,True,True,True,True,True,True
LTCUSDT,bull,2025-08-11,False,True,True,False,True,True,True,True,True
LTCUSDT,bull,2025-09-08,False,True,True,True,True,True,True,True,True
LTCUSDT,bull,2026-03-16,True,False,False,True,False,False,False,False,True
LTCUSDT,bull,2026-04-13,True,True,False,True,False,False,False,False,False
LTCUSDT,bull,2026-06-29,True,False,False,False,False,False,False,False,False
LTCUSDT,bull,2026-07-20,True,False,False,False,False,True,False,False,True
LTCUSDT,bull,2026-08-17,True,True,False,True,False,True,False,False,False
LTCUSDT,bull,2026-09-07,True,True,True,True,True,True,True,False,True
LTCUSDT,bear,2020-03-09,False,False,False,False,False,False,,,False
LTCUSDT,bear,2020-04-13,False,False,False,True,False,False,,,False
LTCUSDT,bear,2020-05-04,True,True,False,True,False,False,False,,False
LTCUSDT,bear,2020-06-22,False,True,False,False,True,False,False,,False
LTCUSDT,bear,2020-08-31,True,True,False,False,True,True,False,,True
LTCUSDT,bear,2020-09-21,False,True,False,True,False,False,False,,False
LTCUSDT,bear,2021-01-11,False,True,True,True,False,True,True,True,True
LTCUSDT,bear,2021-02-22,False,True,True,True,True,True,True,True,False
LTCUSDT,bear,2021-03-22,False,True,True,True,True,True,True,True,False
LTCUSDT,bear,2021-04-19,False,True,True,False,True,True,True,True,True
LTCUSDT,bear,2021-05-17,True,False,True,False,True,True,False,True,True
LTCUSDT,bear,2021-06-21,True,False,True,False,True,True,False,True,False
LTCUSDT,bear,2021-07-19,True,False,True,True,True,False,False,False,False
LTCUSDT,bear,2021-09-27,False,True,True,True,False,True,True,True,False
LTCUSDT,bear,2021-10-25,False,True,True,True,True,False,True,True,False
LTCUSDT,bear,2021-11-29,True,False,True,False,False,False,False,False,False
LTCUSDT,bear,2022-01-17,True,False,False,False,False,False,False,False,False
LTCUSDT,bear,2022-03-07,True,False,False,True,False,False,False,False,False
LTCUSDT,bear,2022-04-11,True,False,False,False,False,False,False,False,False
LTCUSDT,bear,2022-05-09,True,False,False,False,False,False,False,False,False
LTCUSDT,bear,2022-06-13,False,False,False,False,True,False,False,False,False
LTCUSDT,bear,2022-08-22,False,False,False,False,True,True,False,False,True
LTCUSDT,bear,2022-09-19,True,False,False,False,True,True,False,False,True
LTCUSDT,bear,2022-10-10,False,False,False,True,True,False,False,False,True
LTCUSDT,bear,2022-12-19,False,False,False,False,False,False,True,False,True
LTCUSDT,bear,2023-03-06,False,True,True,True,False,False,True,True,False
LTCUSDT,bear,2023-05-08,True,True,True,False,False,False,True,True,False
LTCUSDT,bear,2023-06-12,False,True,True,True,False,False,False,True,False
LTCUSDT,bear,2023-08-14,False,False,True,False,False,True,False,False,False
LTCUSDT,bear,2023-09-11,False,False,True,True,False,False,False,False,False
LTCUSDT,bear,2023-11-20,False,True,True,True,False,True,True,False,False
LTCUSDT,bear,2023-12-18,True,True,True,True,True,True,True,False,False
LTCUSDT,bear,2024-01-01,False,True,True,True,True,True,True,False,False
LTCUSDT,bear,2024-04-08,True,True,True,False,False,False,True,True,False
LTCUSDT,bear,2024-04-29,False,True,True,False,False,False,True,True,False
LTCUSDT,bear,2024-06-03,True,True,True,True,False,False,False,True,False
LTCUSDT,bear,2024-07-01,True,False,True,False,False,False,False,False,False
LTCUSDT,bear,2024-08-05,False,False,True,False,False,False,False,False,False
LTCUSDT,bear,2024-09-30,False,True,True,True,False,False,False,False,False
LTCUSDT,bear,2024-12-16,True,True,True,False,True,True,True,True,False
LTCUSDT,bear,2025-03-10,True,False,True,False,False,False,False,True,False
LTCUSDT,bear,2025-04-07,False,False,True,False,False,False,False,False,False
LTCUSDT,bear,2025-06-16,False,True,True,True,False,False,False,False,False
LTCUSDT,bear,2025-09-01,True,True,True,False,True,True,True,True,True
LTCUSDT,bear,2025-12-01,True,False,False,False,False,False,False,False,False
LTCUSDT,bear,2025-12-15,True,False,False,False,False,False,False,False,True
LTCUSDT,bear,2026-02-02,True,False,False,False,False,False,False,False,False
LTCUSDT,bear,2026-03-30,False,False,False,False,False,False,False,False,False
LTCUSDT,bear,2026-06-01,True,False,False,False,False,False,False,False,False
LTCUSDT,bear,2026-06-22,False,False,False,True,False,True,False,False,True
LTCUSDT,bear,2026-07-27,True,False,False,True,False,False,False,False,False
LINKUSDT,bull,2020-06-01,True,True,False,False,False,True,True,,True
LINKUSDT,bull,2020-06-22,True,True,False,False,True,False,True,,True
LINKUSDT,bull,2020-07-13,True,True,False,True,True,True,True,,True
LINKUSDT,bull,2020-08-10,True,True,False,True,True,True,True,,True
LINKUSDT,bull,2020-10-19,True,True,False,True,False,False,True,,False
LINKUSDT,bull,2020-11-23,False,True,False,True,False,False,True,,False
LINKUSDT,bull,2021-02-15,True,True,True,True,True,True,True,True,False
LINKUSDT,bull,2021-04-12,True,True,True,False,True,True,True,True,False
LINKUSDT,bull,2021-08-16,True,True,True,True,True,True,False,True,False
LINKUSDT,bull,2021-10-25,True,True,True,True,True,False,True,True,False
LINKUSDT,bull,2021-11-08,False,True,True,False,True,False,True,True,False
LINKUSDT,bull,2022-01-03,False,False,False,False,True,True,False,False,True
LINKUSDT,bull,2022-02-07,False,False,False,True,False,False,False,False,False
LINKUSDT,bull,2022-02-28,True,False,False,False,False,False,False,False,False
LINKUSDT,bull,2022-03-28,False,False,False,True,False,False,False,False,False
LINKUSDT,bull,2022-06-20,True,False,False,False,True,False,False,False,False
LINKUSDT,bull,2022-08-08,False,False,False,False,True,True,False,False,True
LINKUSDT,bull,2022-09-12,True,False,False,False,True,True,True,False,True
LINKUSDT,bull,2022-09-26,False,False,False,False,True,True,True,False,True
LINKUSDT,bull,2022-11-28,False,False,False,True,True,True,False,False,True
LINKUSDT,bull,2023-01-23,True,True,False,True,False,False,True,False,False
LINKUSDT,bull,2023-02-20,False,True,False,False,False,False,True,False,False
LINKUSDT,bull,2023-03-20,True,True,True,True,False,False,True,False,False
LINKUSDT,bull,2023-07-17,True,True,True,False,True,False,True,True,True
LINKUSDT,bull,2023-09-04,True,False,True,True,False,True,False,False,True
LINKUSDT,bull,2023-09-25,True,False,True,True,False,False,True,True,True
LINKUSDT,bull,2023-11-06,True,True,True,True,True,True,True,True,True
LINKUSDT,bull,2023-12-04,True,True,True,True,True,True,True,True,True
LINKUSDT,bull,2024-01-15,True,True,True,False,True,False,True,True,False
LINKUSDT,bull,2024-02-12,True,True,True,True,False,False,True,True,True
LINKUSDT,bull,2024-03-25,False,True,True,True,False,False,True,True,False
LINKUSDT,bull,2024-05-27,False,True,True,True,False,False,False,True,False
LINKUSDT,bull,2024-07-15,False,True,True,True,False,False,False,False,False
LINKUSDT,bull,2024-08-26,True,False,True,False,False,False,False,False,False
LINKUSDT,bull,2024-09-23,True,True,True,True,False,False,False,False,False
LINKUSDT,bull,2024-12-09,False,True,True,False,True,True,True,True,True
LINKUSDT,bull,2025-01-20,False,True,True,False,True,False,True,True,True
LINKUSDT,bull,2025-04-21,True,True,True,True,False,False,False,False,False
LINKUSDT,bull,2025-05-12,False,True,True,True,False,False,False,True,False
LINKUSDT,bull,2025-07-21,True,True,True,True,True,True,True,True,True
LINKUSDT,bull,2025-08-18,False,True,True,False,True,True,True,True,True
LINKUSDT,bull,2025-09-08,False,True,True,True,True,True,True,True,True
LINKUSDT,bull,2026-03-02,True,False,False,True,False,False,False,False,False
LINKUSDT,bull,2026-03-16,True,False,False,True,False,False,False,False,False
LINKUSDT,bull,2026-04-13,True,True,False,True,False,False,False,False,False
LINKUSDT,bull,2026-05-04,False,True,False,True,False,False,False,False,False
LINKUSDT,bull,2026-06-29,True,False,False,False,False,False,False,False,True
LINKUSDT,bull,2026-07-27,True,False,False,True,False,False,False,False,True
LINKUSDT,bull,2026-08-17,True,True,False,True,False,True,True,False,True
LINKUSDT,bear,2020-03-09,False,False,False,False,False,False,,,False
LINKUSDT,bear,2020-05-11,False,True,False,True,False,False,True,,True
LINKUSDT,bear,2020-08-31,True,True,False,False,True,True,True,,True
LINKUSDT,bear,2020-09-21,False,True,False,True,False,False,True,,True
LINKUSDT,bear,2020-12-21,False,True,True,True,False,False,True,True,False
LINKUSDT,bear,2021-02-22,False,True,True,True,True,True,True,True,True
LINKUSDT,bear,2021-05-17,True,False,True,False,True,True,False,True,True
LINKUSDT,bear,2021-06-21,True,False,True,False,True,True,False,False,False
LINKUSDT,bear,2021-09-20,False,True,True,False,True,True,True,True,True
LINKUSDT,bear,2021-11-29,True,False,True,False,False,False,False,False,False
LINKUSDT,bear,2022-01-24,True,False,False,True,False,False,False,False,False
LINKUSDT,bear,2022-02-21,True,False,False,False,False,False,False,False,False
LINKUSDT,bear,2022-03-07,False,False,False,True,False,False,False,False,False
LINKUSDT,bear,2022-05-09,True,False,False,False,False,False,False,False,False
LINKUSDT,bear,2022-06-13,False,False,False,False,True,False,False,False,False
LINKUSDT,bear,2022-06-27,True,False,False,False,False,False,False,False,True
LINKUSDT,bear,2022-08-29,True,False,False,False,True,True,True,False,True
LINKUSDT,bear,2022-10-10,False,False,False,True,True,False,False,False,True
LINKUSDT,bear,2022-11-21,True,False,False,False,True,True,True,False,True
LINKUSDT,bear,2022-12-26,False,False,False,True,False,False,False,False,False
LINKUSDT,bear,2023-03-06,False,True,True,True,False,False,True,False,False
LINKUSDT,bear,2023-03-27,False,True,True,True,False,False,True,True,False
LINKUSDT,bear,2023-04-24,True,True,True,True,False,False,False,False,False
LINKUSDT,bear,2023-05-08,True,True,True,False,False,False,False,False,False
LINKUSDT,bear,2023-05-22,True,True,True,False,False,True,False,False,False
LINKUSDT,bear,2023-06-05,False,True,True,False,False,False,False,False,False
LINKUSDT,bear,2023-08-14,False,False,True,False,False,True,False,False,True
LINKUSDT,bear,2024-01-01,False,True,True,True,True,True,True,True,True
LINKUSDT,bear,2024-03-18,True,True,True,True,False,False,True,True,False
LINKUSDT,bear,2024-04-08,True,True,True,False,False,False,False,True,False
LINKUSDT,bear,2024-04-29,False,True,True,False,False,False,False,True,False
LINKUSDT,bear,2024-07-01,True,False,True,False,False,False,False,False,False
LINKUSDT,bear,2024-08-05,False,False,True,False,False,False,False,False,False
LINKUSDT,bear,2024-09-02,False,False,True,True,False,False,False,False,False
LINKUSDT,bear,2024-10-07,True,True,True,True,False,False,False,False,True
LINKUSDT,bear,2025-01-13,True,True,True,True,True,True,True,True,True
LINKUSDT,bear,2025-02-03,True,True,True,False,True,False,True,True,False
LINKUSDT,bear,2025-03-10,True,False,True,False,False,False,False,False,False
LINKUSDT,bear,2025-04-07,False,False,True,False,False,False,False,False,False
LINKUSDT,bear,2025-06-02,True,True,True,False,False,False,False,False,False
LINKUSDT,bear,2025-06-16,False,True,True,True,False,False,False,False,False
LINKUSDT,bear,2025-09-01,True,True,True,False,True,True,True,True,True
LINKUSDT,bear,2025-09-22,True,True,True,True,True,True,True,True,True
LINKUSDT,bear,2025-10-06,True,False,True,False,True,False,False,False,False
LINKUSDT,bear,2025-12-15,True,False,False,False,False,False,False,False,False
LINKUSDT,bear,2026-02-02,True,False,False,False,False,False,False,False,False
LINKUSDT,bear,2026-03-23,False,False,False,True,False,False,False,False,False
LINKUSDT,bear,2026-06-01,False,False,False,False,False,False,False,False,False
LINKUSDT,bear,2026-06-22,False,False,False,True,False,True,False,False,True
