sym,side,t,reclaim,above_open,depth,wed_above_open,wed_above_PL,wed_new_low,w_rest_up,w_atr_up,w_low_holds,w_opp_taken,w_opp_after,w_mid_after,w_wh_after,rest_up,atr_up,low_holds,opp_taken,mid_taken,week_bull
BTCUSDT,bull,2020-02-24,True,False,0.10104716307167769,False,False,True,False,,False,False,False,False,False,False,0.0,False,False,False,False
BTCUSDT,bull,2020-08-24,False,False,0.5736556401824331,False,True,False,True,,True,False,False,False,False,True,,True,False,False,True
BTCUSDT,bull,2021-02-22,True,False,0.11736672014521111,False,True,False,False,0.0,False,False,False,True,False,False,0.0,False,False,True,False
BTCUSDT,bull,2021-03-22,True,False,0.09325602437044515,False,False,True,True,1.0,False,False,False,False,False,True,0.0,False,False,True,False
BTCUSDT,bull,2021-11-15,False,False,1.3666315008555463,False,False,True,False,0.0,False,False,False,False,False,False,0.0,False,False,False,False
BTCUSDT,bull,2022-01-03,True,False,0.09880362829796248,False,False,True,False,0.0,False,False,False,False,False,False,0.0,False,False,False,False
BTCUSDT,bull,2022-06-06,True,True,0.02168850147946563,True,True,False,False,0.0,False,False,False,False,False,False,0.0,False,False,True,False
BTCUSDT,bull,2022-07-25,True,False,0.06061939218524116,True,True,False,True,1.0,True,True,True,True,True,True,1.0,True,True,True,True
BTCUSDT,bull,2022-09-05,False,False,1.2089755805915234,False,False,True,True,1.0,False,True,True,True,True,True,1.0,False,True,True,True
BTCUSDT,bull,2022-10-10,True,False,0.13113291703835767,False,True,False,True,0.0,False,False,False,True,True,True,0.0,False,False,True,False
BTCUSDT,bull,2022-11-07,False,False,4.869247260341053,False,False,True,True,1.0,False,False,False,False,False,False,0.0,False,False,False,False
BTCUSDT,bull,2023-07-31,True,True,0.4897734797656082,False,True,False,False,,True,False,False,False,False,False,0.0,True,False,True,False
BTCUSDT,bull,2023-11-13,True,False,0.06342792420485509,True,True,False,False,0.0,True,False,False,True,False,True,1.0,True,False,True,True
BTCUSDT,bull,2024-03-18,False,False,0.6346069222371272,False,True,True,False,0.0,False,False,False,False,False,True,1.0,False,False,False,False
BTCUSDT,bull,2024-04-01,False,False,0.5164990273278438,False,False,True,True,1.0,False,False,False,True,False,True,1.0,False,False,True,False
BTCUSDT,bull,2024-06-10,False,False,0.8726789746314292,False,True,False,False,0.0,False,False,False,False,False,False,1.0,False,False,True,False
BTCUSDT,bull,2024-06-17,True,False,0.5365495033855064,False,False,False,False,,False,False,False,False,False,False,0.0,False,False,False,False
BTCUSDT,bull,2024-09-30,False,False,1.2416991035621632,False,False,True,True,1.0,False,False,False,False,False,True,1.0,False,False,False,False
BTCUSDT,bull,2025-02-17,True,False,0.18844273646582266,True,True,False,False,,True,True,True,True,True,True,1.0,True,True,True,True
BTCUSDT,bull,2026-01-19,False,False,0.9404592754178597,False,False,True,False,0.0,False,False,False,False,False,False,1.0,False,False,False,False
BTCUSDT,bull,2026-06-22,True,False,0.1888860736854649,False,False,True,False,0.0,False,False,False,False,False,False,0.0,False,False,False,False
BTCUSDT,bull,2026-08-31,True,False,0.08960540821253839,False,True,True,True,1.0,False,True,True,True,True,True,1.0,False,True,True,True
BTCUSDT,bull,2026-09-14,False,False,0.513732521099144,False,True,False,True,1.0,True,True,True,True,True,True,1.0,True,True,True,True
BTCUSDT,bear,2020-07-20,False,False,0.540907011697055,False,False,True,False,0.0,False,False,False,False,False,False,0.0,False,False,False,False
BTCUSDT,bear,2020-08-31,False,False,0.6160444199459557,True,True,False,True,1.0,True,True,True,True,True,True,1.0,True,True,True,True
BTCUSDT,bear,2020-10-26,False,False,0.949205167222456,False,True,True,False,0.0,False,False,False,False,False,False,1.0,False,False,False,False
BTCUSDT,bear,2020-11-23,False,False,0.5276685617129803,False,True,True,True,1.0,False,False,False,True,True,True,1.0,False,False,True,True
BTCUSDT,bear,2020-12-14,True,False,0.15745235363441382,False,False,True,False,0.0,False,False,False,False,False,False,0.0,False,False,False,False
BTCUSDT,bear,2021-02-15,True,False,0.33139033426564757,False,False,True,False,0.0,False,False,False,False,False,False,0.0,False,False,False,False
BTCUSDT,bear,2021-03-08,False,False,0.4855902495604527,False,False,True,False,0.0,False,False,False,False,False,False,0.0,False,False,False,False
BTCUSDT,bear,2021-03-29,False,False,0.28900833528082887,False,False,True,True,,False,False,False,False,False,True,,False,False,False,False
BTCUSDT,bear,2021-04-12,False,False,0.8289593931208501,False,False,True,True,1.0,False,True,True,True,True,True,1.0,False,True,True,True
BTCUSDT,bear,2021-06-28,False,False,0.2962803468731334,False,True,False,False,,True,False,False,False,True,True,1.0,True,False,False,False
BTCUSDT,bear,2021-10-18,False,False,0.15382468719292552,False,False,True,True,1.0,False,False,False,False,True,True,1.0,False,False,False,True
BTCUSDT,bear,2021-11-01,True,False,0.1723980452013269,False,True,False,False,,True,False,False,True,False,False,,True,False,True,False
BTCUSDT,bear,2022-01-31,True,False,0.1571927699114088,True,True,False,False,0.0,False,False,False,False,True,False,1.0,False,False,False,False
BTCUSDT,bear,2022-03-21,True,False,0.5129455871436918,False,False,False,False,0.0,False,False,False,False,False,False,0.0,False,False,False,False
BTCUSDT,bear,2022-09-26,True,False,0.20311576403210482,False,True,False,True,,True,False,False,True,False,True,0.0,True,False,True,False
BTCUSDT,bear,2022-10-03,True,False,0.12511170688114392,False,True,False,True,,True,False,False,True,False,True,1.0,True,False,True,False
BTCUSDT,bear,2022-10-24,False,False,1.2958018757020788,False,False,True,True,1.0,False,False,False,False,False,False,0.0,False,False,False,False
BTCUSDT,bear,2022-12-12,False,False,1.6332073894799153,False,False,True,True,1.0,False,True,True,True,True,True,0.0,False,True,True,True
BTCUSDT,bear,2023-01-16,True,False,0.17585638395310516,True,True,True,False,0.0,False,False,False,False,False,False,1.0,False,False,False,False
BTCUSDT,bear,2023-02-20,True,False,0.06065894388445764,True,True,False,True,1.0,True,False,False,True,True,True,1.0,True,False,True,True
BTCUSDT,bear,2023-08-07,True,False,0.3366006045505682,False,True,False,True,,True,False,False,True,False,True,,True,False,True,False
BTCUSDT,bear,2023-08-28,False,False,1.6107450582868723,False,False,False,True,1.0,True,False,False,True,True,True,1.0,True,False,True,True
BTCUSDT,bear,2024-02-19,True,False,0.13766287732628976,True,True,False,True,,True,False,False,False,True,True,1.0,True,False,False,True
BTCUSDT,bear,2024-06-03,True,False,0.1685102920144632,False,False,True,True,1.0,False,False,False,True,False,True,,False,False,True,False
BTCUSDT,bear,2024-09-16,True,False,0.3202113541711259,False,False,True,False,0.0,False,False,False,False,False,False,0.0,False,False,False,False
BTCUSDT,bear,2024-11-18,True,False,0.132729265668352,False,False,True,False,0.0,False,False,False,False,False,False,0.0,False,False,False,False
BTCUSDT,bear,2025-04-14,True,True,0.07658899842579467,False,True,False,False,,True,False,False,False,False,False,,True,False,False,False
BTCUSDT,bear,2025-12-08,True,False,0.10889627944719375,False,True,False,True,1.0,True,False,False,True,True,True,1.0,True,False,True,True
BTCUSDT,bear,2026-01-12,False,False,0.9593177050077509,False,False,True,True,1.0,False,False,False,False,False,True,0.0,False,False,False,False
BTCUSDT,bear,2026-07-13,False,False,0.22701414258060382,False,False,True,True,1.0,False,False,False,True,False,True,1.0,False,False,True,False
ETHUSDT,bull,2020-08-24,True,False,0.3823928640682573,False,True,False,True,1.0,True,False,False,True,True,True,1.0,True,False,True,True
ETHUSDT,bull,2020-11-02,True,False,0.15254054442806148,True,True,False,True,1.0,True,True,True,True,True,True,1.0,True,True,True,True
ETHUSDT,bull,2020-12-07,False,False,0.2032697389435781,False,True,True,True,,False,False,False,False,False,True,,False,False,False,False
ETHUSDT,bull,2021-09-06,True,False,1.0639000987235228,False,True,False,False,0.0,True,False,False,False,False,False,0.0,True,False,False,False
ETHUSDT,bull,2021-11-15,False,False,1.7222784734979537,False,False,True,False,0.0,False,False,False,False,False,True,0.0,False,False,False,False
ETHUSDT,bull,2022-06-06,True,True,0.09261328815025771,False,True,False,False,0.0,False,False,False,False,False,False,0.0,False,False,False,False
ETHUSDT,bull,2022-07-11,False,False,0.15175748558675853,False,True,True,True,1.0,False,True,True,True,True,True,1.0,False,True,True,True
ETHUSDT,bull,2022-11-07,False,False,3.1960043599659556,False,False,True,True,1.0,False,False,False,False,False,False,0.0,False,False,False,False
ETHUSDT,bull,2023-03-06,True,False,0.16563440485017525,False,False,True,True,0.0,False,False,False,False,True,True,0.0,False,False,False,True
ETHUSDT,bull,2023-07-31,True,True,0.49800741587829606,False,True,False,False,,True,False,False,False,False,False,0.0,True,False,True,False
ETHUSDT,bull,2024-03-18,False,False,0.9315962899682687,False,True,True,False,,False,False,False,False,False,True,1.0,False,False,False,False
ETHUSDT,bull,2024-04-29,False,False,0.9162683869331048,False,False,True,True,1.0,False,False,False,False,False,True,0.0,False,False,False,False
ETHUSDT,bull,2024-06-10,False,False,1.033670383452223,False,True,False,True,0.0,False,False,False,False,False,True,1.0,False,False,False,False
ETHUSDT,bull,2024-06-17,True,False,0.1410431314933382,False,True,False,False,0.0,True,False,False,True,False,False,1.0,True,False,True,False
ETHUSDT,bull,2024-08-26,False,False,1.228324901867386,False,False,False,False,0.0,True,False,False,False,False,False,1.0,True,False,False,False
ETHUSDT,bull,2024-09-30,False,False,1.1960434218833773,False,False,True,True,,False,False,False,False,False,False,0.0,False,False,False,False
ETHUSDT,bull,2025-03-03,True,False,0.4510923455269856,False,True,False,False,0.0,True,False,False,False,False,False,,True,False,False,False
ETHUSDT,bull,2025-08-18,False,False,0.4180229497841859,False,True,True,True,1.0,False,True,True,True,True,True,1.0,False,True,True,True
ETHUSDT,bull,2026-01-19,False,False,1.3236754811746831,False,False,True,False,0.0,False,False,False,False,False,False,1.0,False,False,False,False
ETHUSDT,bull,2026-04-27,True,False,0.02381791064910909,False,False,True,True,1.0,False,False,False,True,False,True,,False,False,True,False
ETHUSDT,bull,2026-05-11,True,False,0.11300999268827344,False,False,True,False,0.0,False,False,False,False,False,False,0.0,False,False,False,False
ETHUSDT,bull,2026-06-22,False,False,0.5356944644288684,False,False,True,False,0.0,False,False,False,False,False,False,0.0,False,False,False,False
ETHUSDT,bull,2026-08-31,True,True,0.018737318850278118,False,True,True,True,1.0,False,False,False,True,True,True,,False,False,True,True
ETHUSDT,bull,2026-09-14,False,False,0.49871595749588565,False,True,False,True,1.0,True,True,True,True,True,True,1.0,True,True,True,True
ETHUSDT,bear,2020-02-10,False,False,0.8397965250710167,False,False,True,True,0.0,False,False,False,False,False,False,0.0,False,False,False,False
ETHUSDT,bear,2020-07-20,False,False,0.1703194650817239,False,False,True,False,0.0,False,False,False,False,False,False,0.0,False,False,False,False
ETHUSDT,bear,2020-11-16,False,False,0.24984548825710776,False,True,True,False,0.0,False,False,False,False,False,False,0.0,False,False,True,False
ETHUSDT,bear,2020-11-30,True,False,0.30352362235186675,False,True,False,False,,True,False,False,False,False,False,,True,False,False,False
ETHUSDT,bear,2021-01-18,False,False,0.8089494377172811,False,False,False,False,1.0,True,False,False,True,True,False,1.0,True,False,True,False
ETHUSDT,bear,2021-02-01,False,False,0.440509081434161,False,False,True,True,1.0,False,False,False,False,False,False,0.0,False,False,False,False
ETHUSDT,bear,2021-04-05,True,False,0.0890613003596394,True,True,False,False,0.0,False,False,False,False,False,False,1.0,False,False,False,False
ETHUSDT,bear,2021-04-12,False,False,0.8531126288771911,False,False,True,True,1.0,False,True,True,True,True,True,0.0,False,True,True,False
ETHUSDT,bear,2021-04-26,False,False,0.16068055226536906,False,False,True,False,0.0,False,False,False,False,False,False,0.0,False,False,False,False
ETHUSDT,bear,2021-08-09,True,False,0.20765232467262115,False,True,True,False,,False,False,False,False,False,False,,False,False,False,False
ETHUSDT,bear,2021-08-30,False,False,0.5340100136915349,False,False,True,False,0.0,False,False,False,False,False,False,0.0,False,False,False,False
ETHUSDT,bear,2021-10-04,False,False,0.21720243710993437,False,False,True,True,,False,False,False,False,False,True,,False,False,False,True
ETHUSDT,bear,2021-11-01,False,False,0.5161878631375066,False,False,True,False,1.0,False,False,False,False,False,False,1.0,False,False,False,False
ETHUSDT,bear,2021-11-29,False,False,0.636325942936294,False,False,True,True,1.0,False,True,True,True,True,True,1.0,False,True,True,True
ETHUSDT,bear,2022-01-31,False,False,0.3831852539451006,False,True,False,False,0.0,False,False,False,False,False,False,0.0,False,False,False,False
ETHUSDT,bear,2022-03-21,True,False,0.42087732174109443,False,False,False,False,0.0,False,False,False,False,False,False,0.0,False,False,False,False
ETHUSDT,bear,2022-09-05,True,True,0.36491469590441905,False,True,False,False,0.0,False,False,False,False,False,False,0.0,False,False,True,False
ETHUSDT,bear,2022-10-24,False,False,3.1644528427721905,False,False,True,False,1.0,False,False,False,False,False,False,0.0,False,False,False,False
ETHUSDT,bear,2022-12-12,False,False,0.8448567062545234,False,False,True,True,1.0,False,True,True,True,True,True,1.0,False,True,True,True
ETHUSDT,bear,2023-04-03,False,False,0.57921515466277,False,False,True,True,1.0,False,False,False,False,False,True,,False,False,False,False
ETHUSDT,bear,2023-05-22,False,False,0.49250288350634397,True,True,False,False,0.0,False,True,True,True,True,False,1.0,False,True,True,False
ETHUSDT,bear,2023-06-19,False,False,0.31204139324604174,False,False,True,False,,False,False,False,False,False,False,0.0,False,False,False,False
ETHUSDT,bear,2023-08-28,False,False,0.6884411838190234,False,False,False,True,1.0,True,False,False,True,True,True,1.0,True,False,True,True
ETHUSDT,bear,2025-12-08,False,False,0.9503629468192819,False,False,True,True,1.0,False,False,False,False,True,True,1.0,False,False,False,False
ETHUSDT,bear,2026-01-12,False,False,0.7764830120049001,False,False,True,True,1.0,False,False,False,False,False,True,,False,False,False,False
ETHUSDT,bear,2026-07-20,True,False,0.10162027770169337,False,True,True,False,1.0,False,False,False,True,False,False,1.0,False,False,True,False
SOLUSDT,bull,2020-10-05,False,False,0.9112126283414003,False,False,True,True,1.0,False,False,False,False,False,True,1.0,False,False,False,False
SOLUSDT,bull,2020-12-07,False,False,0.756868782567504,False,False,True,False,,False,False,False,False,False,False,,False,False,False,False
SOLUSDT,bull,2021-11-15,True,False,0.12493090523605797,False,True,True,True,0.0,False,False,False,True,False,True,0.0,False,False,True,False
SOLUSDT,bull,2022-05-23,True,False,0.07121158601200979,False,True,False,False,,False,False,False,False,False,False,,False,False,False,False
SOLUSDT,bull,2022-10-10,False,False,0.8286604361370732,False,False,False,False,0.0,False,False,False,False,False,False,0.0,False,False,False,False
SOLUSDT,bull,2022-12-26,True,False,0.4162912236438997,False,False,True,True,0.0,False,False,False,False,False,False,0.0,False,False,False,False
SOLUSDT,bull,2023-03-06,True,False,0.3177716390423587,False,False,True,True,0.0,False,False,False,False,False,False,0.0,False,False,False,False
SOLUSDT,bull,2023-04-24,True,True,0.054809198054893024,False,True,True,True,1.0,False,False,False,True,True,True,1.0,False,False,True,True
SOLUSDT,bull,2023-07-31,True,False,0.059617595707531855,False,True,False,True,,False,False,False,False,False,False,0.0,False,False,True,False
SOLUSDT,bull,2023-08-21,True,False,0.32259793151492405,False,True,False,False,0.0,True,False,False,False,True,True,1.0,True,False,False,False
SOLUSDT,bull,2024-02-19,True,False,0.12537857278061787,False,True,True,False,0.0,False,False,False,False,False,False,0.0,False,False,False,False
SOLUSDT,bull,2024-04-29,False,False,0.9122911900300051,False,True,True,True,1.0,False,False,False,True,True,True,1.0,False,False,True,True
SOLUSDT,bull,2024-06-10,False,False,0.928841121495325,False,True,False,False,0.0,False,False,False,False,False,True,1.0,False,False,False,False
SOLUSDT,bull,2024-06-17,False,False,1.3901355977980254,False,False,False,False,,True,False,False,False,False,False,0.0,True,False,False,False
SOLUSDT,bull,2024-11-25,True,False,0.43135989675754083,False,True,False,False,,True,False,False,False,False,True,,True,False,False,False
SOLUSDT,bull,2026-04-27,True,False,0.10570469798657703,False,False,True,True,,False,False,False,False,False,False,,False,False,False,False
SOLUSDT,bull,2026-07-27,True,False,0.4412726732084459,False,True,True,False,0.0,False,False,False,False,False,False,0.0,False,False,False,False
SOLUSDT,bull,2026-09-14,False,False,0.3747347804798435,False,True,False,True,1.0,True,True,True,True,True,True,1.0,True,True,True,True
SOLUSDT,bear,2020-12-28,False,False,0.6466990086479655,False,True,False,False,0.0,False,False,False,False,False,False,1.0,False,False,False,False
SOLUSDT,bear,2021-01-11,True,False,0.10255739420498407,False,True,False,False,1.0,False,False,False,False,False,False,1.0,False,False,False,False
SOLUSDT,bear,2021-02-01,False,False,1.238080798334965,False,False,True,False,0.0,False,False,False,False,False,False,0.0,False,False,False,False
SOLUSDT,bear,2021-03-29,True,False,1.0098710205801922,False,True,False,False,0.0,False,False,False,False,False,False,0.0,False,False,False,False
SOLUSDT,bear,2021-05-17,False,False,1.0442397126849021,True,True,False,True,0.0,True,True,True,True,True,True,1.0,True,True,True,True
SOLUSDT,bear,2021-06-28,True,False,0.06480707203440496,False,True,True,True,,False,False,False,False,False,False,,False,False,False,False
SOLUSDT,bear,2021-08-09,False,False,0.34819922717277557,False,False,True,False,0.0,False,False,False,False,False,False,0.0,False,False,False,False
SOLUSDT,bear,2021-11-01,False,False,0.19301403818289986,False,False,True,False,,False,False,False,False,False,False,0.0,False,False,False,False
SOLUSDT,bear,2022-01-31,False,False,0.6913207547169808,False,True,False,False,0.0,False,False,False,False,False,False,1.0,False,False,False,False
SOLUSDT,bear,2022-09-05,True,True,0.35198300283286166,False,True,False,False,0.0,False,False,False,False,False,False,0.0,False,False,True,False
SOLUSDT,bear,2022-09-26,True,False,0.230667020993887,False,True,False,True,,True,False,False,True,False,True,,True,False,True,True
SOLUSDT,bear,2022-10-24,True,False,0.5039508340649693,False,True,False,False,0.0,False,False,False,False,False,False,0.0,False,False,False,False
SOLUSDT,bear,2022-12-05,True,False,0.07294268788808654,True,True,False,True,,True,False,False,True,True,True,1.0,True,False,True,True
SOLUSDT,bear,2023-04-10,False,False,2.29126213592233,False,False,True,False,0.0,False,False,False,False,False,False,0.0,False,False,False,False
SOLUSDT,bear,2023-05-29,False,False,0.24211961151814548,False,True,False,False,0.0,False,False,False,False,False,False,1.0,False,False,False,False
SOLUSDT,bear,2023-06-19,False,False,0.2880859801651449,False,False,True,True,,False,False,False,False,False,False,,False,False,False,False
SOLUSDT,bear,2023-08-07,True,False,0.013958898797984247,False,True,True,True,,False,False,False,False,False,False,,False,False,False,False
SOLUSDT,bear,2023-08-14,True,True,0.1848550868158705,True,True,False,True,1.0,True,True,True,True,True,True,1.0,True,True,True,True
SOLUSDT,bear,2023-08-28,True,False,0.04484933426769451,False,True,False,True,1.0,True,True,True,True,True,True,1.0,True,True,True,True
SOLUSDT,bear,2024-03-04,True,True,0.6120459004697056,False,True,False,False,0.0,False,False,False,False,False,False,0.0,False,False,False,False
SOLUSDT,bear,2024-03-11,True,False,0.1835253248562116,False,False,True,False,0.0,False,False,False,False,False,False,0.0,False,False,False,False
SOLUSDT,bear,2024-07-01,False,False,0.3930686318821476,True,True,False,True,1.0,True,True,True,True,True,True,1.0,True,True,True,True
SOLUSDT,bear,2024-09-09,True,False,0.054039366743653096,False,True,False,True,,False,False,False,False,False,True,,False,False,True,False
SOLUSDT,bear,2024-09-23,False,False,0.22034898255087412,False,True,False,False,0.0,False,False,False,False,False,False,0.0,False,False,False,False
SOLUSDT,bear,2025-06-09,False,False,0.2497172191768917,False,True,True,True,1.0,False,True,True,True,True,True,1.0,False,True,True,False
SOLUSDT,bear,2026-04-06,True,False,0.13932658815723872,False,True,False,True,,True,False,False,True,False,True,1.0,True,False,True,True
SOLUSDT,bear,2026-04-13,True,False,0.10947002606429257,False,True,False,True,0.0,False,False,False,False,False,True,0.0,False,False,True,False
SOLUSDT,bear,2026-08-17,True,False,0.03202439954250982,False,False,True,False,0.0,False,False,False,False,False,False,0.0,False,False,False,False
SOLUSDT,bear,2026-08-24,True,False,0.09397474828192456,False,True,False,True,0.0,False,False,False,False,False,False,0.0,False,False,False,False
BNBUSDT,bull,2020-02-24,False,False,0.4291359606963583,False,False,True,True,,False,False,False,False,False,False,0.0,False,False,False,False
BNBUSDT,bull,2020-08-10,True,False,0.0107791807822584,False,True,True,True,1.0,False,True,True,True,True,True,1.0,False,True,True,True
BNBUSDT,bull,2020-08-24,True,False,0.2219020172910666,True,True,False,True,1.0,True,False,False,True,True,True,1.0,True,False,True,True
BNBUSDT,bull,2020-11-02,False,False,1.2732644017725263,False,False,False,True,1.0,True,False,False,False,True,True,1.0,True,False,False,False
BNBUSDT,bull,2020-12-07,False,False,0.5167587698222005,False,False,True,True,,False,False,False,False,False,True,,False,False,False,False
BNBUSDT,bull,2021-09-06,False,False,3.8060459160340243,False,False,False,True,,True,False,False,False,False,False,0.0,True,False,False,False
BNBUSDT,bull,2021-11-15,True,False,0.05227391531625719,False,True,True,True,0.0,False,False,False,False,False,False,0.0,False,False,False,False
BNBUSDT,bull,2022-01-03,True,False,0.18388470357025832,False,False,True,False,0.0,False,False,False,False,False,False,0.0,False,False,False,False
BNBUSDT,bull,2022-08-15,True,False,0.023758198413062714,False,False,True,False,0.0,False,False,False,False,False,False,0.0,False,False,False,False
BNBUSDT,bull,2022-09-05,False,False,0.8659705159705153,False,True,True,True,1.0,False,True,True,True,True,True,1.0,False,True,True,True
BNBUSDT,bull,2023-08-14,False,False,1.1390503189227452,False,False,True,False,0.0,False,False,False,False,False,False,0.0,False,False,False,False
BNBUSDT,bull,2023-08-21,True,False,0.28230257970035233,True,True,False,True,,True,False,False,False,True,True,1.0,True,False,False,True
BNBUSDT,bull,2023-11-13,True,False,0.6346523242412608,True,True,False,False,0.0,True,False,False,True,True,True,1.0,True,False,True,False
BNBUSDT,bull,2024-01-22,False,False,0.7283903188628477,False,False,True,True,1.0,False,False,False,False,False,True,,False,False,False,False
BNBUSDT,bull,2024-03-18,True,False,0.1252809218322231,False,True,False,True,,True,False,False,True,True,True,1.0,True,False,True,False
BNBUSDT,bull,2024-04-01,False,False,0.47654840649428837,False,False,True,True,1.0,False,False,False,True,False,True,1.0,False,False,True,False
BNBUSDT,bull,2024-04-29,False,False,0.8995513945777237,False,False,True,True,1.0,False,False,False,False,False,True,0.0,False,False,False,False
BNBUSDT,bull,2024-05-13,False,False,0.5964202525438266,False,True,False,False,,True,False,False,False,False,True,,True,False,False,False
BNBUSDT,bull,2024-06-10,True,False,0.3126651758487519,False,True,True,False,0.0,False,False,False,False,False,True,1.0,False,False,False,False
BNBUSDT,bull,2024-06-17,False,False,0.4862060732347897,False,True,False,False,,True,False,False,False,False,False,,True,False,False,False
BNBUSDT,bull,2024-08-26,True,False,0.39397358465520776,False,True,False,False,0.0,False,False,False,False,False,False,0.0,False,False,False,False
BNBUSDT,bull,2025-03-03,True,False,0.4368781094527346,False,True,False,False,0.0,True,False,False,True,False,False,0.0,True,False,True,False
BNBUSDT,bull,2025-11-17,True,True,0.06856191385685254,False,True,True,False,0.0,False,False,False,False,False,False,0.0,False,False,False,False
BNBUSDT,bull,2026-01-19,False,False,0.37710701685613063,False,False,True,False,0.0,False,False,False,False,False,False,0.0,False,False,False,False
BNBUSDT,bull,2026-06-22,True,False,0.002289639381801795,False,False,True,False,0.0,False,False,False,False,False,False,0.0,False,False,False,False
BNBUSDT,bull,2026-08-31,True,False,0.1706107411081178,True,True,False,True,1.0,True,True,True,True,True,True,1.0,True,True,True,True
BNBUSDT,bear,2020-04-13,False,False,0.45141523198132505,False,True,False,False,0.0,False,False,False,True,False,False,1.0,False,False,True,False
BNBUSDT,bear,2020-06-01,True,False,0.031119409620345855,False,True,False,True,,True,False,False,True,False,False,,True,False,True,False
BNBUSDT,bear,2020-07-27,True,False,0.4070374235872974,False,True,False,False,0.0,False,False,False,True,False,False,0.0,False,False,True,False
BNBUSDT,bear,2020-11-23,False,False,3.213194444444447,False,True,True,True,1.0,False,True,True,True,True,True,0.0,False,True,True,False
BNBUSDT,bear,2021-03-08,False,False,0.8604182285882852,False,False,False,True,0.0,False,False,False,False,False,True,1.0,False,False,False,False
BNBUSDT,bear,2021-03-29,False,False,1.5405713881870686,False,False,True,False,0.0,False,False,False,False,False,False,1.0,False,False,False,False
BNBUSDT,bear,2021-07-05,False,False,0.2000042328938179,False,False,True,True,,False,False,False,False,False,False,,False,False,False,False
BNBUSDT,bear,2021-08-09,False,False,0.9442240373395554,False,False,True,False,1.0,False,False,False,False,False,False,0.0,False,False,False,False
BNBUSDT,bear,2021-10-04,False,False,0.19033853519727306,False,True,False,True,1.0,False,False,False,False,True,True,1.0,False,False,False,True
BNBUSDT,bear,2022-03-21,True,False,0.21742310174231097,False,False,True,False,0.0,False,False,False,False,False,False,0.0,False,False,False,False
BNBUSDT,bear,2022-04-04,True,True,0.2225409994959884,True,True,False,True,0.0,True,False,False,True,True,True,1.0,True,False,True,True
BNBUSDT,bear,2022-09-26,True,True,0.10846438482886019,False,True,False,False,,False,False,False,False,False,False,0.0,False,False,True,False
BNBUSDT,bear,2022-10-03,False,False,0.7435390132311147,False,False,False,True,1.0,True,False,False,True,True,True,1.0,True,False,True,True
BNBUSDT,bear,2023-01-23,True,True,0.843154850932295,False,True,False,False,,True,False,False,False,False,False,0.0,True,False,True,False
BNBUSDT,bear,2023-07-31,False,False,0.7380191693290721,True,True,True,False,0.0,False,True,False,True,False,True,1.0,False,True,True,False
BNBUSDT,bear,2023-08-28,False,False,2.2493004783825272,False,False,False,True,1.0,True,False,False,True,True,True,1.0,True,False,True,True
BNBUSDT,bear,2023-12-25,False,False,2.35613178003257,False,False,True,True,0.0,False,False,False,False,False,False,1.0,False,False,False,False
BNBUSDT,bear,2024-03-11,True,False,0.3394158867516362,False,False,True,True,1.0,False,False,False,False,False,False,0.0,False,False,False,False
BNBUSDT,bear,2024-10-28,True,False,0.018288700195946708,False,True,False,True,1.0,True,True,True,True,True,True,1.0,True,True,True,True
BNBUSDT,bear,2024-12-02,False,False,2.260614343647077,False,False,True,False,1.0,False,False,False,False,False,False,0.0,False,False,False,False
BNBUSDT,bear,2025-03-24,True,False,0.03656943839790786,True,True,False,True,,True,True,True,True,True,True,1.0,True,True,True,True
BNBUSDT,bear,2025-05-26,True,False,0.27585778219791296,False,True,False,True,1.0,True,False,False,True,True,True,1.0,True,False,True,True
BNBUSDT,bear,2025-06-09,True,False,0.043419774306855126,False,True,False,True,1.0,True,False,False,True,True,True,1.0,True,False,True,True
BNBUSDT,bear,2025-09-15,False,False,0.6826068850638513,False,False,True,False,0.0,False,False,False,False,False,False,0.0,False,False,False,False
BNBUSDT,bear,2026-01-12,False,False,1.2923604309500476,False,False,True,True,1.0,False,False,False,False,False,True,,False,False,False,False
BNBUSDT,bear,2026-04-06,True,False,0.14076072893949063,True,True,False,True,,True,False,False,True,True,True,1.0,True,False,True,True
BNBUSDT,bear,2026-04-13,True,False,0.01958498484495295,False,True,True,True,0.0,False,False,False,False,False,False,0.0,False,False,False,False
BNBUSDT,bear,2026-08-10,False,False,0.40965352944222727,False,True,True,True,,False,False,False,False,False,True,1.0,False,False,False,False
XRPUSDT,bull,2020-02-24,False,False,0.36749116607773913,False,False,True,False,,False,False,False,False,False,False,0.0,False,False,False,False
XRPUSDT,bull,2020-08-10,True,False,0.3770375620127577,False,True,False,True,,True,False,False,True,False,True,,True,False,True,True
XRPUSDT,bull,2020-08-24,True,False,0.1418439716312058,False,True,False,True,0.0,False,False,False,False,False,True,0.0,False,False,False,False
XRPUSDT,bull,2020-11-02,True,False,0.12700106723585963,False,True,False,True,1.0,True,True,True,True,True,True,1.0,True,True,True,True
XRPUSDT,bull,2020-12-14,False,False,0.3470404262712842,True,True,True,False,1.0,False,True,True,True,True,True,1.0,False,True,True,True
XRPUSDT,bull,2020-12-21,True,False,0.5605010064862447,False,False,True,True,1.0,False,False,False,False,False,False,0.0,False,False,False,False
XRPUSDT,bull,2020-12-28,True,False,0.4482840611872872,False,True,False,True,,True,False,False,False,False,True,,True,False,False,False
XRPUSDT,bull,2021-11-15,False,False,0.7072224515063987,False,True,False,False,,False,False,False,False,False,False,,False,False,False,False
XRPUSDT,bull,2022-08-08,True,False,0.14225648213034417,True,True,True,False,,False,False,False,True,True,True,1.0,False,False,True,True
XRPUSDT,bull,2022-11-07,False,False,4.988257107540176,False,False,True,True,1.0,False,False,False,False,False,False,0.0,False,False,False,False
XRPUSDT,bull,2023-07-31,True,True,0.051775147928993,False,True,False,False,0.0,False,False,False,False,False,False,0.0,False,False,False,False
XRPUSDT,bull,2023-08-14,True,False,0.8437970868910103,False,False,True,False,0.0,False,False,False,False,False,False,0.0,False,False,False,False
XRPUSDT,bull,2023-11-20,False,False,0.24179301252471985,False,True,False,True,,True,False,False,False,True,True,1.0,True,False,False,False
XRPUSDT,bull,2024-03-18,True,False,0.1517867020688116,False,True,True,True,,False,False,False,False,False,True,1.0,False,False,False,True
XRPUSDT,bull,2024-08-26,True,False,0.3769889840881286,False,True,False,False,0.0,False,False,False,False,False,False,0.0,False,False,False,False
XRPUSDT,bull,2026-05-18,True,False,0.13723829117753839,False,True,True,False,0.0,False,False,False,False,False,False,0.0,False,False,False,False
XRPUSDT,bull,2026-06-01,False,False,1.727015793848709,False,False,True,False,0.0,False,False,False,False,False,False,0.0,False,False,False,False
XRPUSDT,bull,2026-06-22,False,False,0.5330543933054412,False,False,True,False,0.0,False,False,False,False,False,False,0.0,False,False,False,False
XRPUSDT,bear,2020-02-03,False,False,0.730229949523278,False,False,True,False,1.0,False,False,False,False,False,False,0.0,False,False,False,False
XRPUSDT,bear,2020-08-31,False,False,0.43602693602693726,True,True,True,True,1.0,False,True,True,True,True,True,1.0,False,True,True,True
XRPUSDT,bear,2021-01-18,True,False,0.2643473089503417,False,True,False,True,1.0,True,True,True,True,True,True,1.0,True,True,True,True
XRPUSDT,bear,2021-03-15,True,False,0.90820436718253,False,True,False,False,0.0,False,False,False,False,False,False,0.0,False,False,True,False
XRPUSDT,bear,2021-04-12,False,False,2.561545330638717,False,False,True,True,1.0,False,False,False,False,True,True,0.0,False,False,False,False
XRPUSDT,bear,2021-05-17,True,False,0.34068743490199865,True,True,False,True,1.0,True,True,True,True,True,True,1.0,True,True,True,True
XRPUSDT,bear,2021-05-31,True,False,0.11926757758477599,False,True,False,True,,True,False,False,True,False,True,,True,False,True,False
XRPUSDT,bear,2021-08-09,False,False,0.3433014354066979,False,False,True,False,1.0,False,False,False,False,False,False,0.0,False,False,False,False
XRPUSDT,bear,2021-10-04,True,False,0.008025550732944822,False,True,True,False,0.0,False,False,False,False,False,False,0.0,False,False,False,False
XRPUSDT,bear,2022-05-30,True,False,0.21851040525739468,False,True,False,True,,True,False,False,True,True,True,1.0,True,False,True,False
XRPUSDT,bear,2022-09-19,False,False,1.1786632390745502,False,True,True,False,0.0,False,False,False,False,False,False,1.0,False,False,False,False
XRPUSDT,bear,2023-03-20,False,False,4.239080459770116,False,False,False,False,0.0,True,False,False,False,False,True,1.0,True,False,False,False
XRPUSDT,bear,2023-03-27,False,False,1.1884406983744729,False,False,True,True,1.0,False,False,False,False,False,False,0.0,False,False,False,False
XRPUSDT,bear,2023-04-10,True,False,0.050692225772099,True,True,False,False,0.0,False,False,False,True,False,False,,False,False,True,False
XRPUSDT,bear,2023-06-12,True,True,0.7363387978142043,True,True,False,False,,True,True,True,True,True,True,1.0,True,True,True,True
XRPUSDT,bear,2023-08-28,False,False,0.2616136919315413,False,True,False,True,1.0,True,True,True,True,True,True,1.0,True,True,True,True
XRPUSDT,bear,2023-09-18,False,False,0.5405147759771204,False,False,True,True,1.0,False,False,False,False,False,True,1.0,False,False,False,False
XRPUSDT,bear,2023-10-30,False,False,1.5052546483427665,False,False,False,False,0.0,False,False,False,False,False,False,0.0,False,False,False,False
XRPUSDT,bear,2024-02-26,False,False,0.9523510971786865,False,True,True,False,0.0,False,True,False,False,False,False,1.0,False,True,True,False
XRPUSDT,bear,2024-04-08,True,False,0.32035053554041176,False,True,False,True,1.0,True,True,True,True,True,True,1.0,True,True,True,True
XRPUSDT,bear,2024-07-15,False,False,0.9307479224376747,False,False,True,True,1.0,False,False,False,False,False,False,0.0,False,False,False,False
XRPUSDT,bear,2024-07-29,True,False,0.12716157205240133,False,True,True,True,1.0,False,True,True,True,True,True,1.0,False,True,True,True
XRPUSDT,bear,2024-12-16,True,False,0.35975139305615056,True,True,False,True,1.0,True,False,False,True,True,True,1.0,True,False,True,True
XRPUSDT,bear,2025-01-13,False,False,0.6274329360879762,False,False,True,True,1.0,False,False,False,False,False,False,0.0,False,False,False,False
XRPUSDT,bear,2025-04-21,False,False,0.45028839573760765,False,False,True,False,,False,False,False,False,False,False,,False,False,False,False
XRPUSDT,bear,2026-04-06,False,False,0.5344239945466944,False,True,False,True,,True,False,False,True,False,True,1.0,True,False,True,True
XRPUSDT,bear,2026-07-20,False,False,1.0149631190727089,False,False,False,True,1.0,True,False,False,True,False,True,1.0,True,False,True,False
ADAUSDT,bull,2020-08-10,True,False,0.054856328663024916,False,True,True,True,,False,False,False,False,False,True,0.0,False,False,False,False
ADAUSDT,bull,2020-08-24,False,False,1.4419600380589923,False,False,False,True,0.0,False,False,False,False,False,True,0.0,False,False,False,False
ADAUSDT,bull,2020-10-19,True,False,0.28967712596634865,False,True,False,True,1.0,True,False,False,True,True,True,1.0,True,False,True,False
ADAUSDT,bull,2020-11-02,True,False,0.19822139012403273,False,True,False,True,1.0,True,True,True,True,True,True,1.0,True,True,True,True
ADAUSDT,bull,2020-12-07,False,False,0.1900369607169719,False,True,True,True,,False,False,False,False,False,True,,False,False,False,False
ADAUSDT,bull,2021-06-07,True,False,0.5991098938719616,False,True,False,False,0.0,False,False,False,False,False,False,0.0,False,False,False,False
ADAUSDT,bull,2021-07-12,False,False,0.4490659146986252,False,False,True,False,0.0,False,False,False,False,False,False,0.0,False,False,False,False
ADAUSDT,bull,2021-09-06,False,False,3.7331903813754024,False,False,False,True,1.0,True,False,False,False,False,True,0.0,True,False,False,False
ADAUSDT,bull,2021-11-15,False,False,1.4521999056059578,False,False,False,False,0.0,False,False,False,False,False,False,0.0,False,False,False,False
ADAUSDT,bull,2022-11-07,False,False,1.4822256568778984,False,False,True,True,1.0,False,False,False,False,False,False,0.0,False,False,False,False
ADAUSDT,bull,2023-02-27,True,False,0.11131498470947976,False,True,False,False,0.0,False,False,False,False,False,False,0.0,False,False,False,False
ADAUSDT,bull,2023-04-24,True,True,0.11684698608964367,True,True,False,False,,True,False,False,True,True,True,1.0,True,False,True,True
ADAUSDT,bull,2023-06-19,True,True,0.007961330679555562,True,True,False,True,,True,True,True,True,True,True,1.0,True,True,True,True
ADAUSDT,bull,2023-08-14,True,False,0.8618618618618665,False,False,True,False,0.0,False,False,False,False,False,False,0.0,False,False,False,False
ADAUSDT,bull,2024-01-22,True,False,0.5817925691142795,False,True,False,True,,True,False,False,False,False,True,,True,False,False,False
ADAUSDT,bull,2024-03-18,False,False,0.6117229129662526,False,True,True,True,,False,False,False,False,False,True,,False,False,False,False
ADAUSDT,bull,2024-04-29,False,False,0.5386956521739129,False,True,True,True,,False,False,False,False,True,True,1.0,False,False,False,False
ADAUSDT,bull,2024-06-10,False,False,0.5810276679841901,False,True,False,False,0.0,False,False,False,False,False,False,1.0,False,False,False,False
ADAUSDT,bull,2024-07-22,False,False,0.4601123595505637,False,False,False,True,,False,False,False,False,False,False,0.0,False,False,False,False
ADAUSDT,bull,2024-09-30,True,False,0.1746987951807204,False,False,True,True,,False,False,False,False,False,True,0.0,False,False,False,False
ADAUSDT,bull,2025-06-16,False,False,0.35182427401340466,False,False,True,False,0.0,False,False,False,False,False,False,0.0,False,False,False,False
ADAUSDT,bull,2026-06-22,False,False,0.688034188034187,False,False,True,False,,False,False,False,False,False,False,0.0,False,False,False,False
ADAUSDT,bull,2026-09-14,False,False,0.5813692480359142,False,False,True,True,1.0,False,True,True,True,True,True,1.0,False,True,True,True
ADAUSDT,bear,2020-08-31,True,False,0.1072559852670364,True,True,False,True,1.0,True,True,True,True,True,True,1.0,True,True,True,True
ADAUSDT,bear,2020-11-16,False,False,0.5193480651934794,False,True,False,False,0.0,False,False,False,False,False,False,1.0,False,False,True,False
ADAUSDT,bear,2020-12-14,True,True,0.0683566778457283,False,False,True,True,,False,False,False,False,False,False,0.0,False,False,False,False
ADAUSDT,bear,2021-03-15,False,False,0.5559283044186718,False,False,True,True,1.0,False,False,False,False,False,True,0.0,False,False,False,False
ADAUSDT,bear,2021-04-05,False,False,1.129649421958244,True,True,False,False,0.0,True,False,False,True,False,False,1.0,True,False,True,False
ADAUSDT,bear,2021-04-26,True,False,0.06424901177157606,False,False,True,True,,False,False,False,False,False,False,,False,False,False,False
ADAUSDT,bear,2021-11-08,False,False,1.889011563716662,False,True,False,True,,True,False,False,True,False,True,1.0,True,False,True,False
ADAUSDT,bear,2022-02-28,True,False,0.22582668697912017,False,True,False,True,1.0,True,False,False,True,True,True,1.0,True,False,True,True
ADAUSDT,bear,2022-09-05,True,True,0.08591248665955056,True,True,False,False,0.0,False,False,False,True,False,False,0.0,False,False,True,False
ADAUSDT,bear,2022-10-24,False,False,2.1538461538461546,False,False,False,False,1.0,False,False,False,False,False,False,0.0,False,False,False,False
ADAUSDT,bear,2023-01-30,True,True,0.029245001492090986,True,True,True,True,,False,False,False,False,False,False,,False,False,True,True
ADAUSDT,bear,2023-03-20,False,False,0.8732764281024303,False,True,False,True,0.0,True,False,False,False,False,True,,True,False,False,False
ADAUSDT,bear,2023-04-10,True,False,0.45059880239520933,False,True,False,False,0.0,False,False,False,False,False,False,0.0,False,False,False,False
ADAUSDT,bear,2023-07-03,True,False,0.12854757929883343,True,True,False,False,,True,False,False,True,True,True,,True,False,True,True
ADAUSDT,bear,2023-08-28,True,False,0.5723270440251551,False,True,False,True,1.0,True,True,True,True,True,True,1.0,True,True,True,True
ADAUSDT,bear,2024-07-15,True,False,0.20686200851489978,False,True,True,False,,False,False,False,False,True,False,,False,False,False,False
ADAUSDT,bear,2024-08-19,True,False,0.11602209944751538,False,False,True,False,0.0,False,False,False,False,False,False,0.0,False,False,False,False
ADAUSDT,bear,2024-10-14,True,False,0.16390795316915385,False,True,False,False,,True,False,False,True,True,False,1.0,True,False,True,False
ADAUSDT,bear,2025-01-06,True,True,0.4726409250464582,True,True,False,False,0.0,True,False,False,True,True,True,1.0,True,False,True,True
ADAUSDT,bear,2025-03-24,True,False,0.2640368557443132,False,True,True,True,1.0,False,True,True,True,True,True,1.0,False,True,True,True
ADAUSDT,bear,2025-04-21,False,False,0.6044905008635572,False,False,True,False,0.0,False,False,False,False,False,False,0.0,False,False,False,False
ADAUSDT,bear,2025-08-11,False,False,0.5142768945824958,False,False,True,False,0.0,False,False,False,False,False,False,0.0,False,False,False,False
ADAUSDT,bear,2025-12-08,False,False,1.0660864835463701,False,True,False,True,1.0,True,False,False,True,True,True,1.0,True,False,True,True
ADAUSDT,bear,2026-05-04,False,False,1.2679245283018843,False,False,True,False,0.0,False,False,False,False,False,False,0.0,False,False,False,False
ADAUSDT,bear,2026-09-07,True,True,0.3680336487907469,True,True,False,True,,True,False,False,True,True,True,1.0,True,False,True,True
DOGEUSDT,bull,2020-08-24,False,False,0.5956325301204812,False,False,False,True,,False,False,False,False,False,True,,False,False,False,False
DOGEUSDT,bull,2020-09-07,True,False,0.04463929852530999,False,True,False,True,,True,False,False,False,True,True,,True,False,False,True
DOGEUSDT,bull,2020-11-02,True,False,0.5614035087719279,False,True,False,True,1.0,True,False,False,True,True,True,1.0,True,False,True,True
DOGEUSDT,bull,2020-12-07,False,False,0.3902241971318928,False,False,True,True,,False,False,False,False,False,True,,False,False,False,False
DOGEUSDT,bull,2021-07-19,True,False,0.47974115743804663,True,True,False,True,,True,False,False,True,False,True,1.0,True,False,True,True
DOGEUSDT,bull,2021-08-02,True,False,0.10857611817808797,False,True,False,True,1.0,True,True,True,True,True,True,1.0,True,True,True,True
DOGEUSDT,bull,2021-08-23,True,False,0.11958473870953655,False,True,False,False,,False,False,False,False,False,False,,False,False,False,False
DOGEUSDT,bull,2021-11-15,True,False,0.4399427344309239,False,True,False,False,0.0,False,False,False,False,False,False,0.0,False,False,False,False
DOGEUSDT,bull,2021-11-22,True,True,0.09314152356403892,False,True,True,False,0.0,False,False,False,False,False,False,0.0,False,False,False,False
DOGEUSDT,bull,2022-05-23,True,False,0.09917166523850368,False,True,False,False,,False,False,False,True,True,False,,False,False,True,False
DOGEUSDT,bull,2022-06-06,True,False,0.20941727367325666,False,True,False,False,0.0,False,False,False,False,False,False,0.0,False,False,False,False
DOGEUSDT,bull,2022-10-10,True,False,0.47047195453422297,False,True,False,False,0.0,False,False,False,False,False,False,0.0,False,False,False,False
DOGEUSDT,bull,2023-08-14,False,False,1.273038376924958,False,False,True,False,0.0,False,False,False,False,False,False,0.0,False,False,False,False
DOGEUSDT,bull,2023-12-25,True,False,0.1329258976317794,True,True,False,False,,True,False,False,True,False,False,,True,False,True,False
DOGEUSDT,bull,2024-03-18,False,False,0.3865944482058222,False,True,True,True,,False,False,False,True,True,True,1.0,False,False,True,True
DOGEUSDT,bull,2024-06-10,True,False,0.3397939584424663,False,True,False,False,0.0,False,False,False,False,False,False,1.0,False,False,False,False
DOGEUSDT,bull,2024-08-26,True,False,0.4197819314641756,False,True,False,False,0.0,False,False,False,False,False,False,,False,False,False,False
DOGEUSDT,bull,2024-09-30,True,False,0.23839732888146967,False,True,True,True,1.0,False,False,False,False,False,True,,False,False,False,False
DOGEUSDT,bull,2025-05-05,True,True,0.2329092688382491,True,True,False,True,1.0,True,True,True,True,True,True,1.0,True,True,True,True
DOGEUSDT,bull,2025-06-16,False,False,0.49149567217480783,False,True,False,False,0.0,False,False,False,False,False,False,0.0,False,False,False,False
DOGEUSDT,bull,2025-07-28,True,False,0.16090386675757226,False,False,True,False,0.0,False,False,False,False,False,False,0.0,False,False,False,False
DOGEUSDT,bull,2025-08-18,False,False,0.5083684627905998,False,True,True,True,1.0,False,False,False,True,True,True,1.0,False,False,True,False
DOGEUSDT,bull,2026-06-01,False,False,1.3466933867735456,False,False,True,False,0.0,False,False,False,False,False,False,0.0,False,False,False,False
DOGEUSDT,bull,2026-06-22,False,False,1.0248103342218577,False,False,True,False,0.0,False,False,False,False,False,False,0.0,False,False,False,False
DOGEUSDT,bull,2026-06-29,True,False,0.5459296482412089,False,True,False,True,1.0,True,False,False,True,True,True,1.0,True,False,True,True
DOGEUSDT,bull,2026-08-31,True,False,0.016625283385512103,False,True,True,True,1.0,False,True,True,True,True,True,1.0,False,True,True,True
DOGEUSDT,bear,2020-09-14,True,False,0.15869017632241883,False,True,False,True,,True,False,False,True,True,True,,True,False,True,True
DOGEUSDT,bear,2020-11-09,True,False,0.5083333333333321,False,True,False,False,,True,False,False,False,False,False,,True,False,False,False
DOGEUSDT,bear,2020-11-23,False,False,2.760629394040843,False,False,True,True,1.0,False,False,False,True,True,True,1.0,False,False,True,False
DOGEUSDT,bear,2021-04-12,False,False,2.6192754301633876,False,False,True,False,0.0,False,False,False,False,False,False,0.0,False,False,False,False
DOGEUSDT,bear,2021-05-31,True,False,0.0638560948132949,False,False,True,True,,False,False,False,False,False,False,,False,False,False,False
DOGEUSDT,bear,2022-03-21,True,False,0.12279302881877313,False,False,True,False,0.0,False,False,False,False,False,False,0.0,False,False,False,False
DOGEUSDT,bear,2022-06-20,True,False,0.49176582579723926,False,True,False,False,0.0,False,False,False,False,False,False,0.0,False,False,False,False
DOGEUSDT,bear,2022-08-15,False,False,1.0975531229877655,True,True,False,True,1.0,True,False,False,True,True,True,1.0,True,False,True,True
DOGEUSDT,bear,2022-10-03,False,False,0.888005024073688,False,False,True,True,1.0,False,False,False,False,False,True,1.0,False,False,False,False
DOGEUSDT,bear,2022-10-24,False,False,1.2576064908722129,False,False,True,False,0.0,False,False,False,False,False,False,0.0,False,False,False,False
DOGEUSDT,bear,2022-10-31,True,False,0.5965232190615113,False,True,False,True,1.0,True,False,False,False,True,True,1.0,True,False,False,True
DOGEUSDT,bear,2023-01-30,False,False,0.6283376888989883,False,False,False,True,,False,False,False,False,False,True,1.0,False,False,False,False
DOGEUSDT,bear,2023-03-13,True,False,0.40569514237855836,True,True,False,False,0.0,False,False,False,True,False,True,1.0,False,False,True,False
DOGEUSDT,bear,2023-07-03,True,False,0.13741656851197498,True,True,False,True,,True,False,False,True,True,True,1.0,True,False,True,True
DOGEUSDT,bear,2023-08-28,False,False,0.6574004507888773,False,True,False,True,,True,False,False,True,False,True,1.0,True,False,True,False
DOGEUSDT,bear,2023-09-18,True,False,0.1370399373531714,False,True,False,True,1.0,False,False,False,True,True,True,1.0,False,False,True,True
DOGEUSDT,bear,2024-02-26,False,False,2.1403091557669427,False,False,True,False,1.0,False,False,False,False,False,False,0.0,False,False,False,False
DOGEUSDT,bear,2024-09-23,True,False,0.036665211697948424,False,True,True,False,0.0,False,False,False,False,False,False,0.0,False,False,False,False
DOGEUSDT,bear,2025-04-21,False,False,0.9131957473420883,False,False,True,False,0.0,False,False,False,False,False,False,0.0,False,False,False,False
DOGEUSDT,bear,2026-04-06,False,False,0.39363669996300243,False,True,False,True,,True,False,False,True,False,True,1.0,True,False,True,True
DOGEUSDT,bear,2026-04-13,True,False,0.5853860484371789,False,True,False,True,0.0,False,False,False,True,False,False,0.0,False,False,True,False
DOGEUSDT,bear,2026-08-10,False,False,0.7677889621659122,False,True,False,True,,True,False,False,True,False,True,1.0,True,False,True,False
LTCUSDT,bull,2020-08-10,False,False,0.44091415830546365,False,False,True,True,1.0,False,True,True,True,True,True,1.0,False,True,True,True
LTCUSDT,bull,2020-08-24,True,False,0.23065902578796532,False,True,False,True,,False,False,False,False,False,True,,False,False,False,True
LTCUSDT,bull,2020-11-02,True,False,0.3010466222645106,False,True,False,True,1.0,True,True,True,True,True,True,1.0,True,True,True,True
LTCUSDT,bull,2020-12-07,True,False,0.13019031141868573,False,True,True,True,,False,False,False,False,False,True,,False,False,False,False
LTCUSDT,bull,2021-09-06,True,False,0.7117563739376781,False,True,False,True,,True,False,False,False,False,True,,True,False,False,False
LTCUSDT,bull,2021-09-27,False,False,0.10818103765485182,False,True,True,True,1.0,False,False,False,True,True,True,1.0,False,False,True,True
LTCUSDT,bull,2021-12-27,True,False,0.08263853021471379,False,True,True,True,,False,False,False,False,False,True,,False,False,False,False
LTCUSDT,bull,2022-06-06,True,True,0.25810699588477304,False,True,False,False,0.0,False,False,False,False,False,False,0.0,False,False,False,False
LTCUSDT,bull,2022-07-04,True,False,0.3104269745281293,False,True,False,True,1.0,True,False,False,True,True,True,1.0,True,False,True,True
LTCUSDT,bull,2022-07-11,False,False,0.1799130090945034,False,True,True,True,1.0,False,True,True,True,True,True,1.0,False,True,True,True
LTCUSDT,bull,2022-10-10,True,False,0.11752360965372605,False,True,False,False,0.0,False,False,False,False,False,False,0.0,False,False,False,False
LTCUSDT,bull,2023-03-06,True,False,0.35713102534371505,False,False,True,False,0.0,False,False,False,False,False,False,0.0,False,False,False,False
LTCUSDT,bull,2023-08-14,True,False,0.684444444444445,False,False,True,False,0.0,False,False,False,False,False,False,0.0,False,False,False,False
LTCUSDT,bull,2023-11-20,False,False,0.5499107287777963,False,True,False,True,,True,False,False,True,True,True,1.0,True,False,True,False
LTCUSDT,bull,2024-01-22,False,False,0.7519181585677762,False,False,False,True,,True,False,False,False,False,True,,True,False,False,False
LTCUSDT,bull,2024-02-19,True,False,0.4380530973451304,False,True,False,True,,True,False,False,False,False,True,0.0,True,False,False,False
LTCUSDT,bull,2024-03-18,False,False,0.3710943284466162,False,True,True,True,,False,False,False,False,True,True,1.0,False,False,False,True
LTCUSDT,bull,2024-06-03,True,True,0.21809851088201362,True,True,False,False,0.0,False,False,False,True,True,False,0.0,False,False,True,False
LTCUSDT,bull,2024-08-26,False,False,1.1908312620822976,False,False,False,True,1.0,True,False,False,True,True,True,1.0,True,False,True,False
LTCUSDT,bull,2024-09-30,False,False,1.6582524271844679,False,False,False,True,1.0,False,False,False,False,False,True,1.0,False,False,False,False
LTCUSDT,bull,2025-03-03,False,False,1.0551151845429776,False,False,False,False,,False,False,False,False,False,False,,False,False,False,False
LTCUSDT,bull,2026-06-22,False,False,0.7319450598139121,False,False,True,True,0.0,False,False,False,False,False,True,0.0,False,False,False,False
LTCUSDT,bull,2026-09-14,False,False,0.38077969174977283,False,True,True,True,1.0,False,False,False,True,True,True,1.0,False,False,True,True
LTCUSDT,bear,2020-04-27,False,False,0.20996038483305074,False,False,True,True,1.0,False,False,False,False,False,False,0.0,False,False,False,False
LTCUSDT,bear,2021-03-08,False,False,0.3839302876914206,False,False,True,False,0.0,False,False,False,False,False,False,0.0,False,False,False,False
LTCUSDT,bear,2021-03-29,True,False,0.10560943792184324,False,True,False,False,0.0,False,False,False,False,False,False,0.0,False,False,False,False
LTCUSDT,bear,2021-04-12,False,False,0.5488478244864893,False,False,True,True,0.0,False,False,False,True,True,False,0.0,False,False,True,False
LTCUSDT,bear,2021-10-04,True,False,0.048563685636855335,False,False,True,True,,False,False,False,False,False,False,0.0,False,False,False,False
LTCUSDT,bear,2021-11-01,True,False,0.016257699686964833,False,False,True,True,1.0,False,False,False,False,False,False,,False,False,False,False
LTCUSDT,bear,2022-01-31,True,False,0.02123170249241631,True,True,False,False,0.0,False,False,False,True,False,False,0.0,False,False,True,False
LTCUSDT,bear,2022-03-21,False,False,0.8447017950202651,False,False,True,False,0.0,False,False,False,False,False,False,0.0,False,False,False,False
LTCUSDT,bear,2022-09-05,True,True,0.07081712062256755,True,True,False,False,0.0,False,False,False,True,False,False,0.0,False,False,True,False
LTCUSDT,bear,2022-09-12,True,True,0.6774586597040906,True,True,False,True,1.0,True,True,True,True,True,True,1.0,True,True,True,True
LTCUSDT,bear,2022-10-03,True,False,0.03794972893050745,False,True,False,True,,True,False,False,True,False,True,1.0,True,False,True,False
LTCUSDT,bear,2022-11-21,False,False,1.00234925606891,False,False,True,True,,False,False,False,False,False,False,0.0,False,False,False,False
LTCUSDT,bear,2023-04-10,True,False,0.2785211267605623,False,True,False,False,0.0,False,False,False,True,False,False,0.0,False,False,True,False
LTCUSDT,bear,2023-04-17,True,False,0.33296172426607235,True,True,False,True,1.0,True,True,True,True,True,True,1.0,True,True,True,True
LTCUSDT,bear,2023-05-29,True,False,0.05300162249864632,True,True,False,False,0.0,False,False,False,False,False,False,1.0,False,False,True,False
LTCUSDT,bear,2023-06-19,False,False,0.21658536585365834,False,False,True,False,0.0,False,False,False,False,False,False,0.0,False,False,False,False
LTCUSDT,bear,2023-08-28,False,False,0.7877661372085164,False,False,False,True,1.0,True,True,True,True,True,True,1.0,True,True,True,True
LTCUSDT,bear,2023-12-25,True,False,0.10903426791277078,False,False,True,True,1.0,False,False,False,False,False,True,0.0,False,False,False,False
LTCUSDT,bear,2024-08-12,False,False,0.18730489073881346,False,False,True,False,,False,False,False,False,False,False,,False,False,False,False
LTCUSDT,bear,2024-10-14,False,False,1.6900149031296554,False,False,True,False,0.0,False,False,False,False,False,False,0.0,False,False,False,False
LTCUSDT,bear,2025-06-09,False,False,0.59310113864702,False,False,True,True,1.0,False,True,True,True,True,True,1.0,False,True,True,True
LTCUSDT,bear,2025-08-11,False,False,0.3991354466858763,False,False,True,True,1.0,False,False,False,True,True,True,1.0,False,False,True,True
LTCUSDT,bear,2025-12-08,True,False,0.17478758453268556,False,True,False,True,1.0,True,False,False,True,True,True,1.0,True,False,True,True
LTCUSDT,bear,2026-04-06,False,False,0.5710681244743475,True,True,False,True,0.0,True,False,False,False,False,True,1.0,True,False,False,True
LTCUSDT,bear,2026-07-20,True,True,0.1749159058145158,False,True,False,False,,False,False,False,False,True,False,,False,False,False,False
LINKUSDT,bull,2020-09-14,False,False,0.15017457974874918,False,False,True,False,,False,False,False,False,False,False,,False,False,False,False
LINKUSDT,bull,2020-10-05,False,False,0.21290121533187892,False,True,True,True,1.0,False,False,False,True,True,True,1.0,False,False,True,True
LINKUSDT,bull,2020-10-19,False,False,0.6579804560260574,False,True,False,True,1.0,True,True,True,True,True,True,1.0,True,True,True,True
LINKUSDT,bull,2020-12-07,False,False,0.38198975465084944,False,True,True,True,,False,False,False,False,False,True,,False,False,False,False
LINKUSDT,bull,2021-11-15,False,False,1.5239866528089272,False,False,False,False,0.0,False,False,False,False,False,False,0.0,False,False,False,False
LINKUSDT,bull,2022-06-27,True,False,0.047476340694006476,False,False,True,False,,False,False,False,False,False,False,,False,False,False,False
LINKUSDT,bull,2022-07-25,True,False,0.5107727664464244,False,True,False,True,1.0,True,True,True,True,True,True,1.0,True,True,True,True
LINKUSDT,bull,2022-09-19,False,False,0.28297872340425584,False,False,True,True,1.0,False,False,False,True,True,True,1.0,False,False,True,True
LINKUSDT,bull,2023-02-27,True,False,0.025457851669046756,True,True,False,False,0.0,False,False,False,False,True,False,0.0,False,False,False,False
LINKUSDT,bull,2023-07-31,True,True,0.054220085470085305,False,True,False,False,,False,False,False,False,False,False,0.0,False,False,True,False
LINKUSDT,bull,2023-08-14,True,False,0.6428571428571428,False,False,True,False,0.0,False,False,False,False,False,False,0.0,False,False,False,False
LINKUSDT,bull,2023-08-28,True,True,0.008297115764520269,False,True,False,True,,False,False,False,False,False,False,0.0,False,False,True,False
LINKUSDT,bull,2024-01-22,True,False,0.5023388476896744,False,True,False,True,,False,False,False,False,False,True,,False,False,False,False
LINKUSDT,bull,2024-02-19,True,False,0.7464912280701744,False,False,True,True,,False,False,False,False,False,False,0.0,False,False,False,False
LINKUSDT,bull,2024-03-04,True,False,1.216035634743877,False,True,False,True,1.0,True,True,True,True,True,True,1.0,True,True,True,True
LINKUSDT,bull,2024-03-18,False,False,0.46998547067370205,False,True,True,True,,False,False,False,False,False,True,1.0,False,False,False,False
LINKUSDT,bull,2024-06-10,False,False,0.5346492169062441,False,True,False,False,0.0,False,False,False,False,False,True,1.0,False,False,False,False
LINKUSDT,bull,2024-09-02,True,False,0.018964259664478327,False,True,True,True,0.0,False,False,False,False,False,True,0.0,False,False,False,False
LINKUSDT,bull,2024-09-30,True,False,0.11378032747699227,False,False,True,True,1.0,False,False,False,False,False,True,0.0,False,False,False,False
LINKUSDT,bull,2025-02-17,True,False,0.19696490673411413,False,True,False,False,,False,False,False,True,False,False,,False,False,True,False
LINKUSDT,bull,2025-03-03,True,False,0.2652009618687732,False,True,False,False,0.0,True,False,False,True,True,False,1.0,True,False,True,False
LINKUSDT,bull,2026-06-01,False,False,1.2695403326775172,False,False,True,False,0.0,False,False,False,False,False,False,0.0,False,False,False,False
LINKUSDT,bull,2026-06-22,False,False,0.806503412284223,False,False,True,False,0.0,False,False,False,False,False,False,0.0,False,False,False,False
LINKUSDT,bear,2020-02-10,False,False,2.3235294117647074,False,False,True,False,1.0,False,False,False,False,False,False,0.0,False,False,False,False
LINKUSDT,bear,2020-03-02,False,False,0.6869014292028863,False,False,True,True,1.0,False,False,False,False,False,True,1.0,False,False,False,False
LINKUSDT,bear,2020-11-16,True,False,0.032890320848436155,False,False,True,False,0.0,False,False,False,False,False,False,0.0,False,False,True,False
LINKUSDT,bear,2020-11-23,True,False,0.6107784431137725,True,True,False,True,1.0,True,True,True,True,True,True,1.0,True,True,True,True
LINKUSDT,bear,2021-02-08,False,False,0.3684620520810155,False,True,True,False,0.0,False,False,False,False,False,False,1.0,False,False,False,False
LINKUSDT,bear,2021-04-05,False,False,0.691489986492043,False,True,True,False,0.0,False,False,False,False,False,True,1.0,False,False,False,False
LINKUSDT,bear,2021-04-12,False,False,0.29212738853503273,False,False,True,True,0.0,False,True,True,True,True,False,0.0,False,True,True,False
LINKUSDT,bear,2021-08-09,True,False,0.16977611940298545,False,False,True,False,,False,False,False,False,False,False,0.0,False,False,False,False
LINKUSDT,bear,2022-02-28,True,False,0.25986078886310926,False,True,True,True,1.0,False,False,False,True,True,True,1.0,False,False,True,True
LINKUSDT,bear,2022-03-21,False,False,0.4843510279226762,False,False,True,False,0.0,False,False,False,False,False,False,0.0,False,False,False,False
LINKUSDT,bear,2022-05-30,True,False,0.08611884865366748,False,True,True,False,0.0,False,False,False,True,False,False,1.0,False,False,True,False
LINKUSDT,bear,2022-06-20,True,False,0.054884878655881056,False,True,False,False,,True,False,False,False,False,True,,True,False,False,False
LINKUSDT,bear,2022-09-26,True,False,0.5253682487725035,True,True,True,True,1.0,False,False,False,True,True,True,1.0,False,False,True,True
LINKUSDT,bear,2023-03-13,True,False,0.5481559167977633,True,True,False,False,0.0,False,False,False,False,False,False,1.0,False,False,True,False
LINKUSDT,bear,2024-07-01,True,False,0.18551023920151427,True,True,False,True,1.0,True,True,True,True,True,True,1.0,True,True,True,True
LINKUSDT,bear,2024-09-23,False,False,0.9522626931567334,False,False,True,False,0.0,False,False,False,False,False,False,0.0,False,False,False,False
LINKUSDT,bear,2024-10-21,True,False,0.550644567219152,True,True,False,True,0.0,True,False,False,True,True,True,1.0,True,False,True,True
LINKUSDT,bear,2025-06-09,False,False,1.3017543859649134,False,False,True,True,1.0,False,False,False,True,True,True,1.0,False,False,True,True
LINKUSDT,bear,2025-08-11,False,False,1.105185185185183,False,False,True,False,1.0,False,False,False,False,False,False,1.0,False,False,False,False
LINKUSDT,bear,2025-12-08,True,False,0.10138013290168787,False,True,False,True,1.0,True,False,False,True,True,True,1.0,True,False,True,True
LINKUSDT,bear,2026-04-06,False,False,0.5312552939183474,False,True,False,True,0.0,True,False,False,True,False,True,1.0,True,False,True,True
LINKUSDT,bear,2026-07-13,False,False,0.6992592592592558,False,False,True,True,1.0,False,False,False,False,False,False,1.0,False,False,False,False
LINKUSDT,bear,2026-08-10,False,False,1.3549447968052584,False,False,True,False,0.0,False,False,False,False,False,False,0.0,False,False,False,False
