sym,day,yr,risk_pct,k0.5,k0.75,k1,k1.5,k2,k3,mae_R,wide0.25,wide0.5,took_3d,took_5d,took_10d,took_pwl,pos_pw,above_sma20,pd_vs_atr,dow,btc_took_pdl,A_win,B_win,B_risk
ADAUSDT,2020-06-02,2020,16.234397332062887,False,False,False,False,False,False,0.1929510505927931,False,False,False,False,False,False,0.9169625785304565,True,1.8077101718532285,1,True,True,True,10.703910614525128
ADAUSDT,2021-01-15,2021,9.966626584335375,True,True,True,True,True,False,0.1757571824851922,True,True,False,False,False,False,0.7067929338918228,True,0.7002467352711079,4,True,False,True,8.28857880623696
ADAUSDT,2021-07-25,2021,2.324194873480135,True,True,True,True,True,True,0.4029678226658793,True,True,False,False,False,False,0.3050244553134728,False,0.6941544885177443,6,False,False,True,3.1359051653902714
ADAUSDT,2021-08-24,2021,6.314793478260876,True,False,False,False,False,False,1.661614692437756,False,False,False,False,False,False,1.043727347129662,True,1.495022532270795,1,True,False,False,4.9754988791297725
ADAUSDT,2021-09-10,2021,6.474932026036094,True,True,True,True,True,False,0.7087753900968684,True,True,False,False,False,True,-0.6885899352267074,False,0.8502799613343298,4,True,True,,
ADAUSDT,2021-10-19,2021,1.2926528878822339,True,True,True,True,True,True,0.00365044772742143,True,True,False,False,False,False,0.2678279804028327,False,0.613179031004406,1,False,False,True,0.9513801429856386
ADAUSDT,2021-10-31,2021,3.3833350136102385,False,False,False,False,False,False,1.0593188773305764,True,True,False,False,False,True,-0.5106888361045124,False,0.8507987362612904,6,True,True,False,2.5829021601016486
ADAUSDT,2021-11-04,2021,4.112287503727999,True,True,True,True,True,True,0.843698250957926,True,True,False,False,False,False,0.5395140363293234,False,1.72732499004997,3,False,True,True,2.753995059736849
ADAUSDT,2021-11-14,2021,2.5098577877008124,True,False,False,False,False,False,6.959888301431449,False,False,False,False,False,False,0.6315789473684205,True,0.41360621835555755,6,False,True,True,1.5927980010778584
ADAUSDT,2021-11-18,2021,6.572456275437255,True,True,True,False,False,False,0.5405839645725027,False,False,True,True,True,True,-0.2161458333333331,False,0.7371302163398453,3,True,True,,
ADAUSDT,2022-02-06,2022,2.1976143674052993,True,True,True,True,True,True,0.39437787906016086,True,True,False,False,False,False,0.8243045387994141,False,0.696803196803196,6,False,True,True,4.175409262015252
ADAUSDT,2022-05-24,2022,4.821208599651359,True,False,False,False,False,False,2.8643856033488833,False,False,True,False,False,False,0.20487804878048782,False,0.6519330573211274,1,True,True,False,5.806382978723411
ADAUSDT,2022-07-05,2022,2.4942612137203084,True,True,True,True,True,True,0.7404860762171732,True,True,False,False,False,False,0.288359788359788,False,0.8130899937067335,1,False,True,True,2.9211690017513057
ADAUSDT,2022-07-08,2022,3.275099978951803,True,False,False,False,False,False,4.742930591259636,False,False,False,False,False,False,0.5568783068783069,True,0.664139499620924,4,False,True,True,1.3015463917525794
ADAUSDT,2022-09-15,2022,3.073468950749466,True,True,True,True,False,False,0.22991548864008635,True,True,True,True,True,True,0.19121813031161491,True,0.853000674308833,3,True,False,False,1.0436668097896127
ADAUSDT,2022-12-22,2022,3.509690074539041,True,True,True,False,False,False,0.10060137264984131,True,False,True,True,True,True,0.009316770186335246,False,0.9180846853977049,3,True,True,False,4.148947778643802
ADAUSDT,2023-05-11,2023,5.093635618683418,True,False,False,False,False,False,0.7185834253906612,False,False,True,True,True,True,-0.27419354838709803,False,1.0010706638115632,3,True,False,True,3.3781423804226884
ADAUSDT,2023-05-30,2023,1.1554675118858972,False,False,False,False,False,False,4.137521144790376,False,False,False,False,False,False,0.7832817337461299,True,0.8554455445544534,1,False,True,False,0.8936970338983065
ADAUSDT,2023-06-20,2023,3.0631355932203435,True,True,True,True,True,True,0.0,True,True,True,True,False,True,0.2,False,0.34183919114106853,1,False,True,True,6.900443951165372
ADAUSDT,2023-06-24,2023,3.104511278195499,True,True,True,False,False,False,0.044034434928114895,True,False,False,False,False,False,1.08,True,0.735027223230492,5,False,False,True,1.9653526970954416
ADAUSDT,2023-08-07,2023,3.499828119628718,True,True,True,False,False,False,0.157155485708673,False,False,True,True,True,True,0.0786885245901643,False,0.46875000000000117,0,True,True,True,3.499828119628718
ADAUSDT,2023-09-27,2023,1.4829804560260635,True,True,True,True,True,True,0.0274559332271749,True,True,False,False,False,False,0.2590361445783143,False,0.6684491978609629,2,True,True,True,1.080212591986922
ADAUSDT,2023-10-31,2023,4.826812080536914,True,True,True,True,True,True,0.06256995668768635,True,True,True,False,False,False,0.9759999999999996,True,1.1105746016417208,1,True,False,True,3.202696245733789
ADAUSDT,2023-11-07,2023,5.293664772727266,True,True,True,True,True,False,0.2522311725529545,True,True,False,False,False,False,1.0240601503759397,True,2.349397590361445,1,True,True,True,5.1319578827546914
ADAUSDT,2023-11-17,2023,3.345848375451268,True,True,True,True,True,True,0.464792005577503,True,True,False,False,False,False,0.4244372990353696,True,1.9879868242588639,4,False,False,False,3.991500953418678
ADAUSDT,2024-01-12,2024,4.518008137272258,False,False,False,False,False,False,1.7305983093385706,False,False,False,False,False,False,0.5321750321750324,True,1.0724011644285854,4,True,False,,
ADAUSDT,2024-01-15,2024,1.770631341600906,True,False,False,False,False,False,1.1248713295766906,True,True,True,False,False,False,0.4446614583333333,False,0.5084585577922698,0,False,True,True,1.236087945413195
ADAUSDT,2024-01-25,2024,2.586343331206141,True,True,True,True,True,True,0.23029345966574621,True,True,False,False,False,True,-0.011612903225805887,False,0.41294927351516675,3,False,True,True,1.8556365195028002
ADAUSDT,2024-03-08,2024,6.053147699757849,False,False,False,False,False,False,1.3266932005306813,False,True,False,False,False,False,0.8872651356993734,True,0.6444906444906445,4,False,False,False,3.4691223220456013
ADAUSDT,2024-04-17,2024,5.207134918870866,False,False,False,False,False,False,1.1781328302080079,True,True,True,False,False,False,0.23801220575414134,False,0.8877644894204236,2,True,False,False,3.90421360973411
ADAUSDT,2024-05-26,2024,1.2877431906614771,False,False,False,False,False,False,1.3093619378556745,False,True,False,False,False,False,0.5757575757575762,True,0.33989266547406055,6,False,True,True,0.8196463654223974
ADAUSDT,2024-07-21,2024,4.153112033195017,True,True,False,False,False,False,2.9195945870938425,False,False,False,False,False,False,0.892123287671233,True,0.5498410323545933,6,True,False,False,6.9210208193418294
ADAUSDT,2024-10-10,2024,1.491612329579135,False,False,False,False,False,False,1.2518131420509808,False,True,True,True,False,False,0.09077155824508322,False,0.7577374599786548,3,False,True,True,2.5143236074270434
ADAUSDT,2025-03-06,2025,3.679904149874749,False,False,False,False,False,False,8.050862507843656,False,False,False,False,False,False,0.5925407109087726,True,1.1290401687184275,3,False,True,,
ADAUSDT,2025-03-22,2025,0.9925967947808781,True,False,False,False,False,False,1.2430702406126715,True,True,True,False,False,False,0.4469696969696965,False,0.24941968959082508,5,False,True,True,0.7413896418889985
ADAUSDT,2025-04-26,2025,3.64816753926701,True,True,False,False,False,False,1.6562199398020303,False,False,False,False,False,False,1.7767295597484278,True,0.6389452332657196,5,True,True,True,1.1746496815286622
ADAUSDT,2025-05-28,2025,3.360909211047973,False,False,False,False,False,False,4.061811890531614,False,False,False,False,False,False,0.3597883597883602,False,0.5869195669678794,2,True,False,True,2.145323163388189
ADAUSDT,2025-08-05,2025,4.316952124072824,True,True,True,True,True,False,0.2436723294449904,True,True,False,False,False,False,0.33507549361207944,False,0.5743815655709935,1,True,True,False,1.8076923076923133
ADAUSDT,2026-01-23,2026,3.8141607435757314,False,False,False,False,False,False,2.3867203738478473,False,False,False,False,False,True,-0.16098484848484876,False,0.6097018246550951,4,False,True,False,2.2916412107747814
ADAUSDT,2026-03-31,2026,6.0000803535556475,True,False,False,False,False,False,0.9575337145612084,False,False,False,False,False,False,0.371621621621622,False,0.9752599498027982,1,False,True,True,3.1598509933774865
ADAUSDT,2026-04-29,2026,3.5043002028397496,True,True,False,False,False,False,0.2546856368877429,False,False,True,True,True,True,0.3037974683544301,False,0.44465468306527944,2,True,False,True,2.6751636661211093
ADAUSDT,2026-06-25,2026,7.345936870382812,True,True,False,False,False,False,0.7222460939285629,False,False,True,True,True,True,-0.2130177514792893,False,1.3291703835860835,3,True,True,True,4.0598748261474356
ADAUSDT,2026-08-26,2026,3.2114039290848195,True,True,True,False,False,False,0.20888663423950055,True,False,True,False,False,False,0.42873432155074126,True,1.620288834096514,2,True,True,False,4.807822808671076
BNBUSDT,2020-02-16,2020,10.53898876404496,False,False,False,False,False,False,1.1964372231758167,False,False,True,True,True,,,,,6,True,False,False,6.972422933857787
BNBUSDT,2020-03-01,2020,4.616535920726675,True,True,True,True,True,False,0.2940190050307451,True,True,False,False,False,True,-0.46149474282466596,False,0.7527638190954781,6,True,False,True,2.214285714285704
BNBUSDT,2020-07-09,2020,1.95352045670789,False,False,False,False,False,False,1.098921169909657,True,True,False,False,False,False,1.917853231106242,True,1.4923076923076881,3,True,False,False,2.116504393255765
BNBUSDT,2020-11-09,2020,3.3618679105268696,False,False,False,False,False,False,1.0479569044803587,False,False,False,False,False,False,0.614282302364461,False,0.8358865059278001,0,False,True,False,2.677491103202849
BNBUSDT,2021-01-15,2021,5.2145351118085586,True,True,True,True,True,True,0.09733408065844883,True,True,False,False,False,False,0.3857281958547776,True,0.7108847637415628,4,True,False,True,5.437123287671248
BNBUSDT,2021-04-14,2021,8.287270382986843,False,False,False,False,False,False,3.1806770953281838,False,False,False,False,False,False,1.182578185690694,True,1.6140823588649489,2,False,True,False,5.68329265098546
BNBUSDT,2021-07-25,2021,2.027924148347031,True,True,True,True,True,True,0.27638939459137757,True,True,False,False,False,False,0.18068181818181792,False,0.6383195676557581,6,False,True,True,3.3961677201575293
BNBUSDT,2021-08-22,2021,2.5729264057700063,True,True,True,True,True,True,0.17217362715325227,True,True,False,False,False,False,1.3443554936767608,True,0.6323623049984076,6,True,True,True,2.5729264057700063
BNBUSDT,2021-10-31,2021,3.821664487522028,True,True,True,True,True,True,0.8295290526064228,True,True,False,False,False,False,1.5011893434823973,True,1.0448311705730484,6,True,True,True,3.214612333625709
BNBUSDT,2021-11-12,2021,3.2298583077343803,True,True,True,True,False,False,0.2255718844812997,True,True,False,False,False,False,0.697763779527559,True,0.8298627609917002,4,True,True,True,3.9251904130806294
BNBUSDT,2021-12-15,2021,4.006725297465078,True,True,True,False,False,False,0.27783755349926825,False,False,True,True,True,True,-0.13551401869158963,False,0.5539628633176024,2,False,True,False,7.424793968734981
BNBUSDT,2022-04-16,2022,1.450711991178016,False,False,False,False,False,False,3.5346608278939224,False,False,False,False,False,True,0.025687656285519327,False,0.3772247398668314,5,False,True,False,1.450711991178016
BNBUSDT,2022-05-24,2022,3.101728110599088,True,True,True,True,False,False,0.2569891512431342,True,True,False,False,False,False,0.9346545259775041,False,0.714320661480502,1,True,True,False,5.162890839275917
BNBUSDT,2022-06-27,2022,3.3293627409714595,True,False,False,False,False,False,4.06579097080874,False,False,False,False,False,False,0.8075702075702078,False,0.5956592408452053,0,True,True,True,1.6907370944268407
BNBUSDT,2022-08-16,2022,3.100046679529463,False,False,False,False,False,False,4.842551816007131,False,False,True,True,False,True,0.37359098228663373,True,0.8278185537239795,1,True,False,True,1.4438469329619543
BNBUSDT,2022-12-01,2022,0.9974790777113569,False,False,False,False,False,False,2.8663205621686823,False,False,False,False,False,False,0.6334204413472706,True,0.8298936835522188,3,False,False,False,0.8450632911392433
BNBUSDT,2023-02-27,2023,1.4101962331130995,False,False,False,False,False,False,4.48226672633701,False,False,False,False,False,False,0.37357259380098007,False,0.6805860805860824,0,False,True,False,1.4976157635467864
BNBUSDT,2023-04-02,2023,1.570384087353523,False,False,False,False,False,False,3.2082299841418433,False,False,False,False,False,True,-0.11872340425532002,False,0.4022118127707521,6,True,False,False,1.1226711739005588
BNBUSDT,2023-05-06,2023,1.3983661344225924,False,False,False,False,False,False,4.2421265069838645,False,False,True,True,False,False,0.20558375634517836,False,0.5500060662433783,5,True,False,,
BNBUSDT,2023-07-09,2023,3.9423076923076934,True,True,True,True,True,False,0.00105585471439334,True,True,False,False,False,False,0.6718419195483422,False,0.3969973298402941,6,True,False,False,0.6680261639091946
BNBUSDT,2023-08-16,2023,1.1096072662146568,False,False,False,False,False,False,11.55971623356164,False,False,True,True,True,True,-0.32361241768579396,False,1.761582509109833,2,True,True,,
BNBUSDT,2023-08-22,2023,3.1585533869116,True,True,True,True,False,False,0.754243757042635,True,True,True,True,True,True,0.12469569921557981,False,1.7905299466917504,1,True,True,True,3.985315879339793
BNBUSDT,2023-10-03,2023,1.4234575414287123,False,False,False,False,False,False,4.008826653599866,False,False,True,True,False,False,0.5294556301267708,True,1.80836421386977,1,True,False,False,0.6241637777569644
BNBUSDT,2023-10-05,2023,1.241419033289453,True,True,False,False,False,False,4.26096013635071,False,False,True,True,False,False,0.45935868754660686,False,0.667618315581425,3,True,False,True,0.3511717267552227
BNBUSDT,2023-10-17,2023,1.8767938643956195,False,False,False,False,False,False,1.1106236289564388,True,True,False,False,False,False,0.8179808400884303,True,1.9931532902244187,1,False,True,False,1.4222406050579155
BNBUSDT,2023-10-26,2023,4.840559501503344,False,False,False,False,False,False,0.7642727256359929,False,False,False,False,False,False,1.7765780730897034,True,1.1682491454614508,3,False,True,True,2.2114454594304176
BNBUSDT,2023-10-31,2023,1.8215005302226959,True,True,True,True,True,True,0.10673342357159075,True,True,True,False,False,False,0.43297524521251674,True,0.6968437932793897,1,True,False,False,1.4152286282306068
BNBUSDT,2023-11-01,2023,1.8215005302226959,True,True,True,True,True,True,0.10673342357159075,True,True,True,False,False,False,0.43297524521251674,True,0.8831806046612317,2,False,True,True,2.6089940828402445
BNBUSDT,2023-11-17,2023,2.500184184675837,True,True,False,False,False,False,1.7778650885249083,False,False,False,False,False,True,0.2792375064399788,True,1.6437512825774687,4,False,True,False,2.7588888435318655
BNBUSDT,2023-11-30,2023,1.755081097534459,True,True,True,True,False,False,0.9637873622453003,True,True,False,False,False,False,0.12329615861214367,False,0.4103507579090506,3,True,True,True,0.7625774146791339
BNBUSDT,2024-01-02,2024,4.6740212186649055,True,True,False,False,False,False,2.2865904693034467,False,False,True,True,False,False,0.7624641085878355,True,0.6147555430223148,1,False,True,True,2.335802231627547
BNBUSDT,2024-01-05,2024,2.979125938071508,False,False,False,False,False,False,2.976291278577484,False,False,False,False,False,False,0.7312712085617328,True,0.8205593348450485,4,True,False,False,2.979125938071508
BNBUSDT,2024-01-19,2024,2.865342741291764,True,True,False,False,False,False,2.592890554836254,False,False,True,False,False,False,0.8671107994389894,True,0.5894644917818034,4,True,True,False,3.2299182543973854
BNBUSDT,2024-02-03,2024,0.7395137483830283,False,False,False,False,False,False,1.605697985252694,False,False,False,False,False,False,0.4311616472034426,False,0.5726307147621721,5,False,True,,
BNBUSDT,2024-02-17,2024,2.443596363228204,True,False,False,False,False,False,1.3125861276986646,False,True,False,False,False,False,2.153323262839879,True,1.7015557967643586,5,True,True,True,1.3501319485826275
BNBUSDT,2024-02-20,2024,4.393465956384214,True,True,True,True,False,False,0.21092609818925848,True,True,True,False,False,False,0.8710734245519368,True,0.70439640514938,1,True,False,True,2.8954883616073896
BNBUSDT,2024-03-27,2024,4.468279999320201,True,True,True,False,False,False,0.46362678614216146,False,False,False,False,False,False,1.0063432005341635,True,0.5433260165151041,2,True,True,True,2.202974947807909
BNBUSDT,2024-04-17,2024,4.635154677599708,True,True,True,True,True,False,0.5299080420581357,True,True,True,False,False,False,0.33286713286713304,False,0.9368935690109063,2,True,True,True,4.160062928418935
BNBUSDT,2024-04-24,2024,3.2936651139985464,False,False,False,False,False,False,1.6752438556610594,False,False,False,False,False,False,1.369021440351842,True,0.6124362656039377,2,True,False,False,2.7564695054809785
BNBUSDT,2024-05-26,2024,0.9431914471071192,False,False,False,False,False,False,1.0598090238176117,True,True,False,False,False,False,1.1585111920874553,True,0.3632352941176459,6,False,True,True,0.5074835594772249
BNBUSDT,2024-10-17,2024,1.388814589665672,True,True,True,True,True,False,0.14104097969983395,True,True,False,False,False,False,1.1519842386715478,True,0.7908386999774516,3,True,True,True,1.4936086230454102
BNBUSDT,2024-11-19,2024,2.153979423468875,False,False,False,False,False,False,1.8715073519748204,False,False,False,False,False,False,0.27794518582293,True,0.7649517901692415,1,False,True,False,1.796546685499958
BNBUSDT,2024-12-03,2024,4.020881885388838,True,True,True,True,True,True,0.0038384032242552327,True,True,True,True,False,False,0.6157496473002434,True,1.1779296993163537,1,True,True,False,15.467872823412659
BNBUSDT,2025-02-14,2025,1.7306918726966245,False,False,False,False,False,False,1.6518280891814747,False,False,False,False,False,False,1.1578840560102823,True,1.7666276274425212,4,False,True,True,1.3680279639683448
BNBUSDT,2025-03-22,2025,0.7276006122839288,False,False,False,False,False,False,2.226497955391197,False,False,False,False,False,False,1.0363214837712522,True,0.39127801332525625,5,False,True,False,0.6230199521149113
BNBUSDT,2025-04-03,2025,2.6029742033384022,False,False,False,False,False,False,5.409295360092841,False,False,True,True,True,True,0.001742160278746262,False,1.2825083413318688,3,True,True,False,2.492824468713602
BNBUSDT,2025-04-13,2025,2.0167942421676575,False,False,False,False,False,False,1.2494573509320948,False,False,False,False,False,False,0.6279540850776506,True,0.6564516451245604,6,False,True,True,0.9364055062835948
BNBUSDT,2025-06-17,2025,1.7714206701593163,False,False,False,False,False,False,4.334778837814409,False,False,False,False,False,False,0.3601511879049677,False,0.7623418784282993,1,True,False,False,1.339423492377006
BNBUSDT,2025-06-26,2025,0.9655640307582789,False,False,False,False,False,False,1.2418418999059435,True,True,False,False,False,False,0.7736331119059793,False,0.6767287580752662,3,False,True,False,0.305385873374332
BNBUSDT,2025-07-12,2025,1.9443076923076938,True,True,True,False,False,False,0.2942166370592626,False,True,False,False,False,False,2.2674418604651163,True,1.1261055199756012,5,False,True,True,1.0653651071272456
BNBUSDT,2025-08-05,2025,2.0886739859312313,True,True,True,True,True,True,0.1504525221571234,True,True,False,False,False,False,0.22934592248534222,False,0.5277589249355248,1,True,False,True,1.4433354950567219
BNBUSDT,2025-08-15,2025,2.322029616619958,True,True,True,True,True,False,0.31187185278819485,True,True,False,False,False,False,1.1535258562793813,True,1.4656766267072219,4,True,True,True,1.933913043478271
BNBUSDT,2025-09-19,2025,1.7853444187712568,True,True,True,True,True,True,0.16219848460272937,True,True,False,False,False,False,1.593787021192576,True,1.2440316567466843,4,True,True,True,1.1259111409068783
BNBUSDT,2025-11-10,2025,2.359233938470489,False,False,False,False,False,False,4.652643019909477,False,False,False,False,False,False,0.5693371093937506,False,0.5733369437674877,0,False,True,False,1.7664273107760537
BNBUSDT,2025-11-16,2025,1.6735351149917148,True,True,True,False,False,False,0.8453856894198003,False,False,False,False,False,False,0.21192339077425235,False,0.5479204503356745,6,True,True,False,2.1019867335382605
BNBUSDT,2025-12-26,2025,2.598478748797613,True,True,True,True,False,False,0.14396044789523346,True,True,True,True,False,False,0.30599125739264693,False,0.7415488996096211,4,True,True,True,1.7561250524046275
BNBUSDT,2026-01-16,2026,1.6448179212004272,True,True,True,False,False,False,0.161334005450369,True,False,False,False,False,False,1.2706661316211878,True,1.0414582865541238,4,True,True,True,1.6647295742232355
BNBUSDT,2026-02-01,2026,3.3283568615650414,False,False,False,False,False,False,7.560251465921455,False,False,True,True,True,True,-1.1821580507928307,False,3.5137850907492316,6,False,False,False,2.6097127944219762
BNBUSDT,2026-02-16,2026,2.990067502410799,True,False,False,False,False,False,1.4480601154578034,False,False,False,False,False,False,0.5932860998650488,False,0.7308168650045784,0,True,True,False,3.7557522123893685
BNBUSDT,2026-04-05,2026,1.1286645994135298,True,True,True,True,True,True,0.40016305151202636,True,True,False,False,False,True,-0.046003148504460335,False,0.48324043481550827,6,True,True,True,2.5136288861933096
BNBUSDT,2026-06-09,2026,2.285234067498521,False,False,False,False,False,False,1.183671345405565,False,False,False,False,False,False,0.23017419206967663,False,0.6113874535181341,1,True,False,False,1.7553828536786626
BNBUSDT,2026-06-25,2026,5.237012987012971,False,False,False,False,False,False,0.9969672089944905,False,False,True,True,True,True,-0.014246838482473207,False,1.6546085119088636,3,True,True,False,3.73337493314315
BNBUSDT,2026-08-25,2026,1.4292688872001382,True,True,True,True,True,False,0.5698148603301509,True,True,False,False,False,False,0.765928959596755,True,1.3331495520330774,1,False,True,True,1.0604248521221038
DOGEUSDT,2020-08-11,2020,2.735111371629551,False,False,False,False,False,False,1.0822742761621016,True,True,True,True,False,False,0.29275362318840586,True,0.8823529411764706,1,True,False,False,2.4232558139534772
DOGEUSDT,2020-09-13,2020,1.5765320836337346,True,True,True,True,True,False,0.9603731735760213,True,True,False,False,False,False,0.1635220125786163,False,0.46787273861509665,6,True,True,True,2.0356297093649007
DOGEUSDT,2021-01-19,2021,6.004438295517422,False,False,False,False,False,False,2.779718378399307,False,False,True,False,False,False,0.6886053928674977,True,0.2253171752667884,1,True,False,False,1.447015915119363
DOGEUSDT,2021-06-22,2021,11.20788050898366,True,True,True,True,True,True,0.14812829664640412,True,True,True,True,True,True,-0.8638661531054407,False,3.1287491743391347,1,True,True,True,14.701615864854931
DOGEUSDT,2021-08-12,2021,5.438368682310476,True,True,True,True,True,True,0.7205233682600448,True,True,False,False,False,False,0.7933100893440838,True,1.3671539122957872,3,True,False,True,4.847962311272574
DOGEUSDT,2021-09-16,2021,3.862960515446886,True,True,True,True,False,False,0.3603121992943453,True,True,False,False,False,False,0.335888795282224,False,0.4117482034571308,3,False,False,True,3.862960515446886
DOGEUSDT,2021-10-21,2021,5.697931311508348,True,True,True,True,True,False,0.5548114205146281,True,True,True,False,False,False,1.098452420151465,True,1.0117932884547252,3,True,False,True,1.1706512778235816
DOGEUSDT,2021-10-22,2021,5.697931311508348,True,True,True,True,True,False,0.5548114205146281,True,True,True,False,False,False,1.098452420151465,True,0.9716495505416541,4,True,True,True,4.15407854984895
DOGEUSDT,2021-11-04,2021,5.935904097387193,False,False,False,False,False,False,1.2454904118496628,True,True,True,False,False,False,0.45374045801526725,True,0.5831205575874672,3,False,False,False,3.672874463152313
DOGEUSDT,2022-02-06,2022,1.6939315423428418,True,True,True,True,True,True,0.19723707090874598,True,True,False,False,False,False,0.7606534090909094,True,0.533369069954436,6,False,True,True,6.342938807327527
DOGEUSDT,2022-02-18,2022,6.255761260016586,False,False,False,False,False,False,4.253608721002133,False,False,True,True,True,True,0.14406779661016914,False,1.4017810371922474,4,True,False,True,1.983271939328277
DOGEUSDT,2022-04-16,2022,2.2360771434560704,False,False,False,False,False,False,3.624943360260016,False,False,False,False,False,False,0.07873417721518926,True,0.6162294081757177,5,False,True,False,1.7367914662204411
DOGEUSDT,2022-05-06,2022,4.4745031055900535,True,False,False,False,False,False,10.480361468361126,False,False,True,True,True,False,0.13464293022304077,False,1.1978012235127242,4,True,True,False,3.6516523101018
DOGEUSDT,2022-05-24,2022,3.6528028933092114,True,False,False,False,False,False,2.660066006600667,False,False,True,True,True,True,0.14406065711878605,False,0.5812027045179776,1,True,False,False,4.4247787610619405
DOGEUSDT,2022-08-09,2022,6.2160389335590285,True,True,True,True,True,True,0.2655138373557526,True,True,True,False,False,False,0.9301587301587286,True,0.8840161569532603,1,True,False,False,2.257573561385693
DOGEUSDT,2023-01-16,2023,6.689709762532971,False,False,False,False,False,False,1.8331727092200545,False,False,False,False,False,False,0.7130696044066099,True,1.1386513691958007,0,False,True,True,2.8445054945054884
DOGEUSDT,2023-06-20,2023,2.337888799355358,True,True,True,True,True,True,-0.0068934140322309346,True,True,True,False,False,False,0.6790540540540535,False,0.37715517241379093,1,False,False,True,3.96301109350238
DOGEUSDT,2023-06-24,2023,4.367716186252773,False,False,False,False,False,False,2.6939582233413204,False,False,False,False,False,False,1.6249999999999982,True,1.2087647483746684,5,False,True,False,2.932873218304576
DOGEUSDT,2023-07-02,2023,4.0113513513513634,True,True,True,False,False,False,0.4479617739286215,False,False,False,False,False,False,0.8225976768743399,True,1.5514853009081115,6,True,True,True,3.4045427815348557
DOGEUSDT,2023-08-24,2023,2.2079961922893903,False,False,False,False,False,False,1.0275202989149945,True,True,False,False,False,False,0.3628558517849074,False,1.0102389078498317,3,False,True,False,2.2079961922893903
DOGEUSDT,2023-09-04,2023,2.904155559040295,False,False,False,False,False,False,2.4676292400565885,False,False,True,True,False,False,0.28761061946902583,False,0.2913453299057392,0,True,False,True,2.0749327850703736
DOGEUSDT,2023-10-31,2023,5.891096087456837,True,True,True,True,False,False,0.8130895204236868,True,True,True,True,False,False,0.5909742120343837,True,0.9693211488250653,1,True,True,True,4.1539554644008145
DOGEUSDT,2024-01-16,2024,2.4221189136285743,False,False,False,False,False,False,3.510384677549706,False,False,False,False,False,False,0.5522710886806054,False,0.3440631373592261,1,False,True,False,1.9663716814159355
DOGEUSDT,2024-02-03,2024,0.9098290056998097,True,True,True,False,False,False,0.7656861243752823,True,False,False,False,False,False,0.3155737704918035,False,0.36687631027253637,5,False,False,False,0.3791920731707231
DOGEUSDT,2024-03-22,2024,6.071896228246118,True,True,True,True,True,True,0.03303027171127748,True,True,False,False,False,False,0.31183359552525813,False,0.5006152094466789,4,True,True,True,5.132860690015696
DOGEUSDT,2024-04-17,2024,5.458620689655183,True,False,False,False,False,False,1.2351015110598833,True,True,True,False,False,False,0.2904890348305384,False,0.7144267690619864,2,True,False,False,2.3490540448904857
DOGEUSDT,2024-05-23,2024,7.406745737583383,True,True,True,False,False,False,0.5721415441483112,False,False,False,False,False,False,1.1090369113279588,True,1.088407005838199,3,True,True,,
DOGEUSDT,2024-06-23,2024,4.215581838387053,False,False,False,False,False,False,2.340518077348189,False,False,True,False,False,True,-0.25353535353535356,False,0.327195894959252,6,True,False,,
DOGEUSDT,2024-08-16,2024,6.080880648899191,True,True,True,False,False,False,0.7987474116137542,False,False,True,True,False,False,0.7582705535538815,False,0.8086683775306528,4,False,True,True,3.0089349820502562
DOGEUSDT,2024-08-30,2024,4.089268727705107,True,False,False,False,False,False,2.195357763352067,False,False,False,False,False,True,0.14167160640189627,False,0.7472150814053107,4,True,True,False,4.871636363636355
DOGEUSDT,2024-10-13,2024,2.575969827586206,True,True,True,True,True,True,0.7320644216691088,True,True,False,False,False,False,0.4387971198644641,False,0.40208069731477597,6,True,True,True,2.575969827586206
DOGEUSDT,2024-11-15,2024,4.875923422205391,True,True,True,False,False,False,0.04270153182040479,False,False,False,False,False,False,1.4792792792792793,True,1.8629679721446857,4,False,True,False,7.916168887260156
DOGEUSDT,2024-12-10,2024,8.804771908763502,True,False,False,False,False,False,0.36358471807981774,False,False,True,True,True,True,0.12215235542727526,False,2.2184636752615434,1,False,False,True,7.38722950320025
DOGEUSDT,2024-12-30,2024,4.528787878787889,True,True,True,True,True,True,0.8033571655741827,True,True,True,True,False,False,0.4577303884234577,False,0.5861214577556072,0,True,True,True,2.417481358740689
DOGEUSDT,2025-03-27,2025,2.653553615960105,False,False,False,False,False,False,6.35920087086592,False,False,False,False,False,False,1.811023622047245,True,1.1909413211779178,3,True,True,False,1.5849361836230906
DOGEUSDT,2025-05-28,2025,1.9726161369193191,True,True,True,True,False,False,0.2547788244367317,True,True,False,False,False,False,0.17636944239744518,False,0.60042750438312,2,True,False,True,1.9726161369193191
DOGEUSDT,2025-06-30,2025,3.27351167373262,False,False,False,False,False,False,2.0101602473482054,False,False,False,False,False,False,0.8825174825174827,False,0.7555555555555569,0,True,True,False,1.8790659640196243
DOGEUSDT,2025-07-25,2025,5.0900572215290705,True,True,True,False,False,False,0.001690499897724098,True,False,True,True,False,False,0.48921503224371804,True,1.2874806800618235,4,True,True,False,6.7706956301242585
DOGEUSDT,2025-08-05,2025,2.342755000000016,True,True,True,True,True,True,0.33507558408796595,True,True,False,False,False,False,0.19153192198699787,False,0.6225718725718726,1,True,False,False,2.0008562415502436
DOGEUSDT,2025-09-16,2025,3.7108885966560186,True,True,True,True,True,False,0.6176258260745422,True,True,True,False,False,False,0.49446448563254136,True,1.6206134291240664,1,False,False,True,5.027620071153283
DOGEUSDT,2025-10-09,2025,4.164564672160532,False,False,False,False,False,False,15.996604521377977,False,False,True,True,False,False,0.6390168970814135,True,1.1680092059838918,3,True,False,False,3.0998550899649917
DOGEUSDT,2025-11-16,2025,3.289035392088832,True,True,True,False,False,False,0.3011441559811667,True,False,True,True,True,False,0.2006831767719898,False,0.6016394085578683,6,True,True,True,3.289035392088832
DOGEUSDT,2026-01-06,2026,7.275713727023849,False,False,False,False,False,False,1.6125564394753822,False,False,False,False,False,False,0.9806850373422611,True,1.1874115506435763,1,True,True,False,5.464114832535879
DOGEUSDT,2026-01-23,2026,3.072835773392728,True,False,False,False,False,False,2.1077489551883306,False,False,False,False,False,True,-0.27503736920777433,False,0.6006843239133197,4,False,True,False,2.311098636728147
DOGEUSDT,2026-04-27,2026,3.4589045196049106,True,True,True,True,True,True,0.6403489036188361,True,True,False,False,False,False,1.0482954545454535,True,0.6454971369078633,0,True,True,True,2.15073313782992
DOGEUSDT,2026-06-01,2026,3.3624443344878685,False,False,False,False,False,False,6.898682951953518,False,False,False,False,False,False,0.6266846361185989,False,0.5326027397260277,0,True,False,False,3.3624443344878685
DOGEUSDT,2026-06-09,2026,2.237845826436512,False,False,False,False,False,False,1.48459664935518,False,True,False,False,False,False,0.2912661930631008,False,0.6784000000000006,1,True,False,False,2.0211538461538545
DOGEUSDT,2026-06-14,2026,3.361534116583831,True,True,False,False,False,False,2.2650665573340705,False,False,False,False,False,False,0.4559130798161304,False,0.6526158125601791,6,False,True,False,3.7312964213369346
DOGEUSDT,2026-08-26,2026,1.9280821114369537,True,True,True,True,True,True,0.01825161678905523,True,True,True,False,False,False,0.5003162555344719,True,1.8271227188285442,2,True,True,False,4.602567320858047
ETHUSDT,2020-01-08,2020,2.447241011035938,False,False,False,False,False,False,1.5216094729645284,False,False,False,False,False,False,1.1840193704600488,,,2,False,False,False,2.6551687388987464
ETHUSDT,2020-01-09,2020,6.709406077348078,True,True,True,True,True,False,0.3180576456323169,True,True,False,False,False,False,1.5351089588377749,,,3,True,True,True,1.8407972119363885
ETHUSDT,2020-04-01,2020,3.8408149482214973,True,True,True,True,True,True,0.050798414307958076,True,True,False,False,False,False,0.5834697217675938,True,0.15699853759392143,2,True,True,True,5.500199115044226
ETHUSDT,2020-04-27,2020,3.746763943260979,True,True,True,True,True,True,0.5984115633196759,True,True,False,False,False,False,0.9011680143755613,True,0.635678702293219,0,False,False,True,3.5899119010032217
ETHUSDT,2020-05-26,2020,2.7454734445379305,True,True,True,True,True,True,0.3137011689875773,True,True,True,False,False,False,0.4071903087143415,True,0.6355304758474405,1,False,True,True,2.20331491712706
ETHUSDT,2020-07-12,2020,2.9058561897701933,False,False,False,False,False,False,1.8395691609977354,False,False,False,False,False,False,1.8603256212510713,True,0.4386379138464744,6,True,True,False,2.9058561897701933
ETHUSDT,2021-01-15,2021,10.114277545597494,True,True,True,True,True,False,0.3082806784170264,True,True,False,False,False,False,0.6439331984676968,True,1.1546415318072871,4,True,True,True,8.54387871217241
ETHUSDT,2021-07-01,2021,6.594382439268672,True,True,True,True,False,False,0.31360652211562284,True,True,False,False,False,False,0.8169202504325492,True,1.0039013377429673,3,True,True,False,1.9620565826223895
ETHUSDT,2021-08-22,2021,3.7042149884768136,True,True,True,False,False,False,0.06846328656257909,False,False,False,False,False,False,0.7841325118314137,True,0.4764922176210203,6,True,True,True,3.7042149884768136
ETHUSDT,2021-10-17,2021,5.204029242819843,True,True,True,True,True,False,0.775157550144917,True,True,False,False,False,False,1.3802016724053128,True,0.8824859008277931,6,True,False,True,5.721208721867773
ETHUSDT,2021-10-30,2021,3.792018848884906,False,False,False,False,False,False,1.0722590804499479,True,True,False,False,False,False,0.9034869065957148,True,0.7985710669179504,5,True,True,False,2.2775641529589614
ETHUSDT,2021-12-15,2021,4.500534266329403,True,True,True,True,False,False,0.2848148344639266,True,True,True,True,True,True,-0.036244620886114416,False,0.5666495155035979,2,False,True,False,9.53616412997231
ETHUSDT,2022-02-02,2022,1.8709479472878414,True,True,False,False,False,False,2.2178000307867256,False,False,False,False,False,False,0.9366499138930873,False,0.6460434271192759,2,True,False,False,2.6217475728155315
ETHUSDT,2022-02-06,2022,1.853846461468724,True,True,True,True,True,True,0.4970518443949052,True,True,False,False,False,False,1.493129019787017,True,0.4487375677895366,6,False,True,True,3.5755960527263584
ETHUSDT,2022-09-01,2022,4.813171089951383,True,True,True,False,False,False,0.6171654061164092,True,False,False,False,False,False,0.5233188357310138,False,0.8451918558785363,3,True,True,True,5.166204112526819
ETHUSDT,2022-10-05,2022,2.68083324075104,True,True,False,False,False,False,1.5209169595916796,False,False,False,False,False,False,0.6676666666666673,True,0.5720736845003722,2,False,True,False,2.785956747878454
ETHUSDT,2022-12-22,2022,2.957100591715974,False,False,False,False,False,False,0.8131843699627596,False,False,False,False,False,False,0.31096644967451126,False,0.456008685879732,3,True,False,False,3.004131790141213
ETHUSDT,2022-12-25,2022,2.834453217140608,False,False,False,False,False,False,1.2557957023238309,False,False,False,False,False,False,0.3317976965448171,False,0.3029109744646047,6,True,False,False,2.5951213504548565
ETHUSDT,2023-05-06,2023,2.946041748719964,True,False,False,False,False,False,2.421212121212124,False,False,False,False,False,False,0.6690753818360977,True,1.5303867403314928,5,True,True,False,2.4872183148752893
ETHUSDT,2023-05-11,2023,3.9111722647156775,True,False,False,False,False,False,0.3287731645139813,False,False,True,True,True,True,-0.004945507830387062,False,1.211816587981163,3,True,False,False,1.4827028172469967
ETHUSDT,2023-08-06,2023,0.656865896917556,True,True,False,False,False,False,2.922438822065519,False,False,False,False,False,True,0.10179738562091525,False,0.2912609497745868,6,False,True,True,0.33918595371110183
ETHUSDT,2023-08-07,2023,1.5774321025495035,True,True,True,True,False,False,0.12560721721026713,True,True,True,True,True,True,0.26200564971751367,False,0.3538625660239877,0,True,True,True,1.6398822873021266
ETHUSDT,2023-09-04,2023,1.0394984326018724,False,False,False,False,False,False,1.2770909708960205,False,True,False,False,False,False,0.19783457822243458,False,0.38834796360935087,0,True,True,False,1.0394984326018724
ETHUSDT,2023-11-17,2023,3.132006213710918,True,True,True,True,True,False,0.7708092895854064,True,True,True,True,False,False,0.3913644214162355,True,1.9178880901134472,4,False,True,True,3.023837834806069
ETHUSDT,2023-11-21,2023,2.7742073800038916,False,False,False,False,False,False,1.3829481327055098,False,True,False,False,False,False,0.4712521393218932,True,1.0030841024337858,1,True,False,,
ETHUSDT,2024-01-19,2024,2.372603953426283,True,False,False,False,False,False,5.188458459337482,False,False,True,True,False,False,0.5525195685892587,True,0.9503443700856532,4,True,True,False,3.182620784285405
ETHUSDT,2024-01-25,2024,3.1371243378556777,True,True,True,True,True,False,0.061699333590205206,True,True,False,False,False,True,-0.9003783102143758,False,0.574736903091777,3,False,True,True,2.3060675737820326
ETHUSDT,2024-01-29,2024,1.9877889573140874,True,True,True,True,True,False,0.23041882269691025,True,True,False,False,False,False,0.3595464276157338,False,0.6203731443730927,0,False,True,False,3.7449277364322326
ETHUSDT,2024-02-16,2024,2.1785285885645855,True,True,True,True,True,True,0.18700907018792487,True,True,False,False,False,False,1.8723396420944118,True,1.3322192988693715,4,True,False,False,2.629488281514727
ETHUSDT,2024-02-17,2024,2.1785285885645855,True,True,True,True,True,True,0.18700907018792487,True,True,False,False,False,False,1.8723396420944118,True,1.427088069058805,5,True,True,True,2.5757902440599416
ETHUSDT,2024-02-21,2024,3.5239125822908504,True,True,True,True,True,False,0.6023056178783195,True,True,False,False,False,False,1.16470451101527,True,1.674497332786213,2,True,True,True,3.5239125822908504
ETHUSDT,2024-02-23,2024,2.0729473421512403,True,True,True,True,True,True,0.2616054046895679,True,True,False,False,False,False,1.1542837160508215,True,1.2914246346515932,4,True,True,True,0.6717163528144157
ETHUSDT,2024-03-10,2024,1.5195472515348705,False,False,False,False,False,False,3.3048739495798296,False,False,False,False,False,False,1.779017721518987,True,0.38781423270938453,6,False,False,False,2.4173118246324523
ETHUSDT,2024-04-17,2024,3.825842566638466,True,False,False,False,False,False,1.4127919358886882,False,True,False,False,False,False,0.24761046942884404,False,0.6958581736142639,2,True,False,True,2.470877398810022
ETHUSDT,2024-06-13,2024,1.51064176939811,True,True,True,False,False,False,0.33888289795738796,False,False,True,True,True,True,-0.2371825302634704,False,1.459187782434265,3,True,True,True,1.343141895202894
ETHUSDT,2024-08-20,2024,2.6712214086846857,True,True,True,True,True,True,0.26157618582763903,True,True,True,False,False,False,0.33354553492484507,False,0.45255482100013567,1,False,True,True,0.8385151136880665
ETHUSDT,2024-08-21,2024,2.6712214086846857,True,True,True,True,True,True,0.26157618582763903,True,True,True,True,False,False,0.33354553492484507,False,0.7450992698592024,2,False,True,True,3.7424605800607025
ETHUSDT,2024-11-14,2024,3.7408050378691176,False,False,False,False,False,False,1.3199408124587033,False,False,True,False,False,False,0.9112888829383673,True,1.3783464970766235,3,False,False,,
ETHUSDT,2024-12-30,2024,3.763581891006477,True,True,True,True,False,False,0.893636415780832,True,True,True,True,False,False,0.6414810355207698,False,0.42392944263616245,0,True,True,True,1.821732026630092
ETHUSDT,2025-02-12,2025,4.0795039430746876,True,True,True,True,False,False,0.024534263302265914,True,True,False,False,False,False,0.676267651790502,False,0.7794785610465104,2,True,True,False,7.214545474473352
ETHUSDT,2025-02-18,2025,2.5835001516530234,True,True,True,True,True,False,0.22828012449745713,True,True,True,True,False,False,0.5077933380805454,False,0.9934422232496314,1,True,True,True,2.5835001516530234
ETHUSDT,2025-03-18,2025,1.7998739184567534,True,True,True,True,True,True,0.1692880038434209,True,True,False,False,False,False,0.3771130365302506,False,0.39485766758493995,1,True,True,True,3.17879770438818
ETHUSDT,2025-03-30,2025,3.775097764372864,True,True,True,True,False,False,0.5907590205969612,True,True,True,True,True,True,-0.18962477965248098,False,1.073285921678887,6,True,True,True,2.3639333919944225
ETHUSDT,2025-06-17,2025,3.0696164362963096,True,False,False,False,False,False,5.2736832647153085,False,False,True,False,False,False,0.20954627133872417,False,1.2452728658764434,1,True,False,,
ETHUSDT,2025-07-23,2025,4.1820366032531435,True,True,True,True,False,False,0.5508915426141004,True,True,True,False,False,False,0.80818091417973,True,1.1814447307110718,2,False,False,False,2.8812346829350246
ETHUSDT,2025-08-15,2025,2.534624335738122,True,True,False,False,False,False,3.642898724575308,False,False,False,False,False,False,1.1673410781882267,True,1.5875109633136864,4,True,False,,
ETHUSDT,2025-09-05,2025,2.157929427491911,True,True,True,True,True,False,0.4443966444396688,True,True,True,False,False,True,0.09927468025026294,False,0.873212186275118,4,False,False,False,1.3352610835379097
ETHUSDT,2025-09-14,2025,1.0383511101295242,True,True,True,False,False,False,0.8418308831195903,False,False,False,False,False,False,1.4288828903654494,True,0.8230185827620007,6,False,True,,
ETHUSDT,2025-09-16,2025,1.7706287531693348,True,False,False,False,False,False,1.157126382393595,True,True,True,False,False,False,0.44868154158214973,True,1.1574204767443177,1,False,False,False,1.8407082261896486
ETHUSDT,2025-11-12,2025,3.288050581857982,True,False,False,False,False,False,4.698409924864582,False,False,False,False,False,False,0.49641167835589634,False,1.1231016197521109,2,True,True,True,1.3719217450914887
ETHUSDT,2025-11-19,2025,4.019402605741199,True,False,False,False,False,False,3.0810446531827935,False,False,True,True,True,True,-0.01627117612140224,False,0.9461086117781048,2,True,False,False,5.0912175232880035
ETHUSDT,2025-12-24,2025,2.5616536247161843,True,True,True,False,False,False,0.9338305849301081,True,False,True,False,False,False,0.46211914956810124,False,0.8223569586730778,2,True,True,True,2.1168323586413873
ETHUSDT,2026-01-16,2026,2.4025930477475366,False,False,False,False,False,False,5.8007974345628135,False,False,False,False,False,False,1.0787651132762066,True,1.1203996573818438,4,True,True,True,1.4144058614106587
ETHUSDT,2026-01-23,2026,2.6645608239081673,True,False,False,False,False,False,2.3051561104349436,False,False,False,False,False,True,-0.277437065591963,False,1.0850077279752675,4,False,True,False,2.293345696224804
ETHUSDT,2026-02-12,2026,4.930364976708422,True,True,True,False,False,False,0.039851694619420744,False,False,True,True,False,False,0.3851648518305074,False,0.6565089385983549,3,True,True,True,2.8387011786457137
ETHUSDT,2026-04-16,2026,2.446214065708432,True,True,True,True,True,False,0.518688344551756,True,True,False,False,False,False,1.027979998529304,True,0.7414036875002966,3,True,False,True,2.8336159732756316
ETHUSDT,2026-05-13,2026,3.644401634458393,False,False,False,False,False,False,2.854941746767325,False,False,True,True,True,True,0.32503614306367457,False,1.1951825600768102,2,True,False,True,1.1859369047724575
ETHUSDT,2026-05-27,2026,1.10462863293864,False,False,False,False,False,False,4.738903783924265,False,False,True,False,False,False,0.36920000000000075,False,1.1397082999066241,2,True,True,,
ETHUSDT,2026-06-14,2026,3.8531555969497764,True,True,True,True,False,False,0.14276356420039737,True,True,False,False,False,False,0.414266383143244,False,0.4199313770676484,6,False,True,True,4.234456207892212
ETHUSDT,2026-06-25,2026,3.8716600324809898,True,True,True,False,False,False,0.8193664607859692,False,False,True,True,True,True,-0.5634047806082361,False,1.5834512499157738,3,True,False,False,2.4569710970854577
ETHUSDT,2026-08-11,2026,1.7752437878554583,True,True,True,False,False,False,0.17193834619830908,False,False,True,True,False,False,0.488948368157485,False,1.1460333324566228,1,True,True,True,1.6703273461579293
LINKUSDT,2020-02-16,2020,9.705769230769235,True,True,True,False,False,False,0.30203888327767753,True,False,False,False,False,False,1.8704358068315672,True,1.9962270622534728,6,True,True,False,10.28289178266726
LINKUSDT,2020-03-09,2020,10.0,True,False,False,False,False,False,6.586586586586587,False,False,True,True,True,True,0.15831134564643806,False,1.2551463224657828,0,True,True,False,12.708737864077671
LINKUSDT,2020-05-24,2020,2.82200152788389,False,False,False,False,False,False,1.4167117848763717,False,True,False,False,False,False,1.1074523396880411,True,0.7209515096065875,6,True,False,,
LINKUSDT,2020-06-10,2020,1.8368028900428959,False,False,False,False,False,False,9.489625331891059,False,False,False,False,False,False,0.6266666666666675,True,0.6453019402659677,2,False,False,False,1.7480677966101563
LINKUSDT,2021-01-31,2021,2.349064531823619,False,False,False,False,False,False,1.8056863114291082,False,False,False,False,False,False,0.6507278967925201,True,0.5802160479267899,6,True,False,False,2.349064531823619
LINKUSDT,2021-08-12,2021,3.712767232767223,True,True,True,True,True,True,0.9406750473566398,True,True,False,False,False,False,0.9574749075541465,True,1.4205107899425864,3,True,False,True,3.4155844155844126
LINKUSDT,2021-08-22,2021,3.450414713306892,True,True,True,True,False,False,0.05748327759197287,True,True,False,False,False,False,0.9518518518518522,True,0.6530715964678219,6,True,True,True,4.405327239618675
LINKUSDT,2021-09-10,2021,5.9486281999485815,True,True,True,True,False,False,0.9810864560057732,True,True,False,False,False,False,0.3123535676251332,False,1.1958363592350514,4,True,True,,
LINKUSDT,2021-11-04,2021,4.632301276380637,True,True,True,True,True,False,0.19301385334766596,True,True,False,False,False,False,0.6511346444780639,True,0.9604279891304365,3,False,True,True,2.639065926977163
LINKUSDT,2021-11-14,2021,2.906347498655206,True,True,True,False,False,False,0.17685975227295966,False,False,True,False,False,False,0.9368697939500227,True,0.5106505572861333,6,False,True,False,3.7918922120225194
LINKUSDT,2021-12-15,2021,8.68614879186096,True,True,False,False,False,False,0.6978801281073649,False,False,True,True,False,False,0.27685881370091897,False,0.4677279533454178,2,False,True,False,12.43076375832105
LINKUSDT,2022-01-10,2022,9.125470773919666,False,False,False,False,False,False,1.4556249107878079,False,False,False,False,False,False,0.8484035417225652,True,1.5503442340791729,0,True,True,False,10.467115893329519
LINKUSDT,2022-02-06,2022,5.149197298494235,True,True,True,True,False,False,0.4633656255812245,True,True,False,False,False,False,0.9877155172413796,True,0.4717297618125993,6,False,True,True,5.149197298494235
LINKUSDT,2022-04-04,2022,3.0192307692307683,True,False,False,False,False,False,4.418431170023526,False,False,False,False,False,False,0.5361251725724796,True,1.2167694460278833,0,True,True,False,4.07180395293043
LINKUSDT,2022-04-20,2022,2.9344446020712165,True,False,False,False,False,False,3.8143766709048648,False,False,False,False,False,False,0.4002052334530535,False,0.6161567622403759,2,False,False,True,2.401383638827474
LINKUSDT,2022-09-12,2022,3.1210922546892963,False,False,False,False,False,False,3.54047424366312,False,False,False,False,False,False,0.7907845579078454,True,0.9157509157509165,0,False,False,False,2.046187588698242
LINKUSDT,2022-09-20,2022,2.0862503500420053,True,False,False,False,False,False,2.570469798657718,False,False,True,True,False,False,0.12808988764044973,False,1.200285357588729,1,False,True,,
LINKUSDT,2022-10-18,2022,2.5242811053443526,False,False,False,False,False,False,3.856498255129055,False,False,False,False,False,False,0.5824099722991685,False,0.7777498112257745,1,True,False,False,2.442173241611674
LINKUSDT,2022-10-24,2022,4.195419847328241,True,True,True,True,True,False,0.8558412852444869,True,True,False,False,False,False,0.6826923076923074,False,0.7843676895555256,0,False,True,True,1.807939727615184
LINKUSDT,2022-12-22,2022,2.547957992998822,False,False,False,False,False,False,1.0205950854421295,False,False,False,False,False,False,0.17910447761194015,False,0.46584738496713424,3,True,False,False,2.612893553223384
LINKUSDT,2023-04-28,2023,3.8878750000000095,False,False,False,False,False,False,1.486101733666275,False,False,False,False,False,False,0.1791197543500514,False,0.6157932866457374,4,False,True,True,1.6476264923251864
LINKUSDT,2023-05-06,2023,1.8481067125645554,False,False,False,False,False,False,5.952658129608038,False,False,False,False,False,False,0.34734239802225036,False,1.0416924409253971,5,True,True,False,1.0533545401966562
LINKUSDT,2023-05-11,2023,3.3552385406922234,True,True,True,False,False,False,0.44608628981668846,True,False,True,True,True,True,-0.7489878542510127,False,1.267168808152413,3,True,False,True,2.442634560906509
LINKUSDT,2023-06-16,2023,2.944533029612754,True,True,False,False,False,False,1.921118116530643,False,False,False,False,False,False,0.32130965593784677,False,0.8976784178847813,4,False,True,False,3.911257282465699
LINKUSDT,2023-08-07,2023,2.4795771670190216,True,True,True,True,True,True,0.05684208132964889,True,True,True,True,True,True,0.133053221288515,False,0.45595854922279666,0,True,True,True,5.554545454545448
LINKUSDT,2024-01-16,2024,2.308064516129031,True,True,True,True,True,True,0.3019558109238999,True,True,False,False,False,False,0.8018244731047502,True,0.9817325145792305,1,False,True,True,3.606870129019577
LINKUSDT,2024-02-15,2024,2.8420035671819335,False,False,False,False,False,False,3.6051113086832913,False,False,False,False,False,False,0.8249134948096886,True,0.6644727944822597,3,False,False,True,1.582076984763453
LINKUSDT,2024-04-17,2024,6.261200974961212,True,True,True,True,True,False,0.9519832394326343,True,True,True,False,False,False,0.26181609853910043,False,0.7959281821096503,2,True,False,True,3.2970435842730823
LINKUSDT,2024-05-23,2024,9.004554326610275,True,True,True,False,False,False,0.12151865475564819,True,False,True,True,False,False,0.9520804114072,True,0.9490119541351533,3,True,True,True,7.355172829097921
LINKUSDT,2024-08-30,2024,5.296640476835559,False,False,False,False,False,False,2.1500536234626915,False,False,True,True,False,False,0.43489881634211547,True,1.0362204724409436,4,True,True,False,5.646005038689956
LINKUSDT,2024-10-10,2024,2.3465280391418966,False,False,False,False,False,False,1.5437729811659642,False,False,True,True,False,False,0.1381886087768438,False,0.8741475511469314,3,False,True,True,3.0346157490761048
LINKUSDT,2024-11-14,2024,3.841768839712909,False,False,False,False,False,False,1.2960350279737294,False,True,True,True,False,False,0.6883952667635456,True,1.4645937482832505,3,False,False,,
LINKUSDT,2025-04-26,2025,1.7350684196404584,True,False,False,False,False,False,2.613429004422731,False,False,False,False,False,False,1.7709923664122125,True,0.6588043920292797,5,False,True,True,1.404388208372598
LINKUSDT,2025-06-26,2025,1.9129157175398692,False,False,False,False,False,False,1.7901727060187078,False,False,False,False,False,False,0.6950201051654809,False,0.5926601322087982,3,False,False,,
LINKUSDT,2025-08-05,2025,2.4559597806215785,True,True,True,True,True,True,0.43918089042064384,True,True,False,False,False,False,0.23794523867215886,False,0.7109004739336491,1,True,False,False,1.9608464639062013
LINKUSDT,2025-08-15,2025,2.8167266432833715,True,True,True,True,True,True,0.9104787533395005,True,True,False,False,False,False,0.888256440982624,True,1.9420358311683932,4,True,False,True,1.8510189998619748
LINKUSDT,2025-09-05,2025,2.2338124664159005,True,True,True,True,True,True,0.44902827474917695,True,True,True,True,True,True,-0.13180202351654344,False,0.8810485369539898,4,False,True,False,1.238691437802902
LINKUSDT,2025-11-02,2025,3.51504465047494,False,False,False,False,False,False,6.302792970646306,False,False,False,False,False,False,0.357573322619526,False,0.3314827572233243,6,False,True,False,3.51504465047494
LINKUSDT,2025-11-19,2025,4.715940186915894,True,True,False,False,False,False,2.8109081627314434,False,False,True,True,True,True,-0.0029377203290246127,False,0.7283716245011812,2,True,True,False,5.737847633136099
LINKUSDT,2025-12-24,2025,3.0902920475689757,False,False,False,False,False,False,1.0078771489380607,True,True,True,False,False,False,0.3160259610584128,False,0.7539943749626002,2,True,True,False,2.3636074659711515
LINKUSDT,2026-01-16,2026,2.731427327479871,False,False,False,False,False,False,5.03961022055267,False,False,False,False,False,False,0.6290189612530919,True,1.1903252106169036,4,True,True,False,2.3132050721469173
LINKUSDT,2026-01-21,2026,5.776857142857139,False,False,False,False,False,False,1.7104373773843085,False,False,True,True,True,True,-0.1994680851063835,False,1.4628875405203237,2,True,True,False,4.2185074626865635
LINKUSDT,2026-01-23,2026,2.766370106761565,False,False,False,False,False,False,2.9499991228942166,False,False,False,False,False,True,-0.3563829787234041,False,0.7716826035900002,4,False,True,False,1.5400000000000003
LINKUSDT,2026-02-04,2026,4.5465875370919955,False,False,False,False,False,False,5.405392805862709,False,False,False,False,False,False,0.1483890954151175,False,1.1377752682100497,2,True,False,False,2.5956093868281678
LINKUSDT,2026-03-03,2026,3.124526590316375,True,True,True,True,True,False,0.5262164673092583,True,True,False,False,False,False,0.4996751137102016,True,1.2683467183605663,1,False,True,True,2.9704940374787054
LINKUSDT,2026-04-28,2026,1.5540700808625354,True,True,False,False,False,False,2.5738864992368535,False,False,True,False,False,False,0.45009784735812286,True,1.148051948051945,1,True,True,True,1.149074374797011
LINKUSDT,2026-05-13,2026,4.3891899627898,True,False,False,False,False,False,2.5715658292593377,False,False,True,False,False,False,0.7823167319529941,True,1.4079776067179857,2,True,True,True,1.8802604523646165
LINKUSDT,2026-06-09,2026,2.943766679374766,False,False,False,False,False,False,1.6965615489218384,False,False,False,False,False,False,0.3964044943820224,False,0.840127980183712,1,True,False,False,2.5225909380982836
LINKUSDT,2026-06-14,2026,3.666530308664937,True,True,True,True,False,False,0.11156978690170506,True,True,False,False,False,False,0.4853932584269664,False,0.46302539896606076,6,False,True,True,4.962443438914026
LINKUSDT,2026-06-16,2026,2.991305392097996,False,False,False,False,False,False,2.2723075564262927,False,False,False,False,False,False,1.2070921985815617,True,1.1324459960724418,1,False,True,False,2.346300773694396
LINKUSDT,2026-07-13,2026,1.5163037974683518,True,True,True,True,True,True,0.9099408955821967,True,True,False,False,False,False,0.5847328244274808,True,0.6942102304665563,0,True,False,True,1.3414658889170625
LINKUSDT,2026-08-26,2026,2.118897358624352,True,True,True,True,True,True,0.32210295581751464,True,True,False,False,False,False,0.593891744783792,True,1.4388605648620207,2,True,True,False,4.941499526555911
LTCUSDT,2020-03-04,2020,2.196153205661948,True,True,True,True,True,True,0.022748125175345607,True,True,False,False,False,False,0.16144067796610148,False,0.4100078595755832,2,False,True,True,2.76289735099338
LTCUSDT,2020-04-26,2020,3.732322105732756,True,True,True,True,True,True,0.45421945971790617,True,True,False,False,False,False,1.0561456752655534,True,0.625000000000001,6,False,True,False,2.207405745062841
LTCUSDT,2020-05-03,2020,3.25626688838079,False,False,False,False,False,False,2.438417199139536,False,False,False,False,False,False,1.3980424143556276,True,1.0716238381629295,6,True,False,False,3.25626688838079
LTCUSDT,2020-07-02,2020,3.479534548944329,True,True,True,True,True,False,0.6619457066615205,True,True,True,False,False,False,0.4724137931034483,False,0.6259055346276429,3,True,True,True,1.9743421052631474
LTCUSDT,2020-07-27,2020,9.656661502711076,True,True,True,True,True,False,0.11029338039184175,True,True,False,False,False,False,1.077405857740586,True,1.8637992831541232,0,False,True,True,12.650627223366403
LTCUSDT,2020-08-09,2020,3.4207756232686943,True,True,True,False,False,False,0.7945987529354613,False,False,False,False,False,False,0.5904965296316067,True,0.4951185495118556,6,False,True,True,2.2016830294530143
LTCUSDT,2020-10-06,2020,4.85714285714286,True,True,True,True,False,False,0.27450980392156954,True,True,False,False,False,False,0.7654784240150093,True,0.6934147405146109,1,True,False,False,1.272229465449813
LTCUSDT,2020-10-13,2020,2.5770245950809687,True,True,False,False,False,False,3.499460726118721,False,False,False,False,False,False,0.7952380952380953,True,1.072457345446488,1,False,True,False,2.4209293010214186
LTCUSDT,2020-10-26,2020,4.21240188383045,True,True,True,False,False,False,0.33954873145422154,True,False,False,False,False,False,0.7999999999999999,True,1.2442559208200783,0,False,True,True,3.386646727656583
LTCUSDT,2020-11-10,2020,5.347406914893615,True,True,True,True,True,False,0.8113148896487412,True,True,True,False,False,False,0.6571018651362983,True,1.0496850944716583,1,False,True,True,1.839338045164627
LTCUSDT,2021-01-31,2021,3.610103567318758,True,True,True,True,True,True,0.195504667673938,True,True,False,False,False,False,0.1752624372432677,False,0.47092743873137993,6,True,True,True,2.999899637149701
LTCUSDT,2021-02-04,2021,4.578275862068957,True,True,True,True,True,True,0.6232213454787665,True,True,False,False,False,False,1.0033726812816186,True,1.0321914270958863,3,False,True,True,2.8574270374449218
LTCUSDT,2021-04-16,2021,11.719687875150054,True,True,True,False,False,False,0.031583440034144664,False,False,False,False,False,False,1.546368204659662,True,1.2873938435643064,4,True,True,False,14.25309321759409
LTCUSDT,2021-06-30,2021,2.403397500359149,True,True,True,True,False,False,0.08368175827328686,True,True,False,False,False,False,0.679509978265165,False,0.8468731112454223,2,True,True,False,5.760861423220984
LTCUSDT,2021-07-18,2021,4.6685474584635696,False,False,False,False,False,False,3.1465710127871245,False,False,True,True,True,True,-0.2244258872651356,False,0.6220767072029942,6,True,True,False,2.6834760705289713
LTCUSDT,2021-08-12,2021,8.057699570815446,True,True,True,False,False,False,0.10936855284809155,False,False,False,False,False,False,1.7640449438202248,True,1.2372209472146896,3,True,True,True,2.866108457771591
LTCUSDT,2021-11-12,2021,6.463619259714334,True,True,True,False,False,False,0.7051268723435219,True,False,False,False,False,False,3.347485002307339,True,1.3952797098864496,4,True,True,True,3.0500457675011043
LTCUSDT,2021-12-15,2021,3.72222448979593,True,True,True,True,False,False,0.3362775898400301,True,True,True,True,False,False,0.2004839267196685,False,0.4867764404472794,2,False,True,False,7.823153575615481
LTCUSDT,2022-01-03,2022,2.6610254356098557,False,False,False,False,False,False,6.2971186291850065,False,False,False,False,False,False,0.3874401277275143,False,0.6480342180816783,0,True,True,True,1.769150441285466
LTCUSDT,2022-04-04,2022,3.078504448184656,True,False,False,False,False,False,3.9858892750680206,False,False,False,False,False,False,0.30973451327433643,True,0.9456676698875334,0,True,False,False,3.0240978348035306
LTCUSDT,2022-04-24,2022,6.256516746411485,False,False,False,False,False,False,1.2832552775593982,False,False,True,True,True,True,0.21481481481481524,False,0.5053717232488177,6,True,False,False,1.0566216604424044
LTCUSDT,2022-08-30,2022,5.452111903455845,True,True,True,True,True,False,0.5533644558918216,True,True,False,False,False,False,0.460388639760837,False,1.1736958934517192,1,True,False,True,2.382027562771385
LTCUSDT,2022-12-22,2022,2.5732229647630804,True,True,True,True,True,True,0.6905873533977448,True,True,False,False,False,False,0.20228571428571465,False,0.5537621057859459,3,True,False,True,3.044452841596139
LTCUSDT,2023-04-09,2023,1.296805324459256,True,True,True,True,True,True,0.2993832704628489,True,True,False,False,False,False,0.5121145374449346,False,0.43750000000000183,6,True,True,True,1.700254087494487
LTCUSDT,2023-06-20,2023,1.9533601453035658,True,True,True,True,True,True,0.03320824892903233,True,True,True,False,False,False,0.7156249999999998,False,0.3771199831454739,1,False,True,True,5.8849937733499225
LTCUSDT,2023-07-12,2023,2.705547505692411,True,True,True,True,True,False,0.1415401094066805,True,True,False,False,False,False,0.13270588235294153,True,0.38980509745127423,2,True,False,True,2.229953198127934
LTCUSDT,2023-08-07,2023,3.9736983294720196,True,True,True,False,False,False,0.10126333684174933,False,False,True,True,True,True,0.12474849094567403,False,0.4770687323250948,0,True,False,False,4.497732233810322
LTCUSDT,2023-10-17,2023,1.9556285028022469,False,False,False,False,False,False,2.3745383979235055,False,False,True,False,False,False,0.453510436432638,False,2.357802625182307,1,False,False,False,1.291778171852332
LTCUSDT,2023-10-31,2023,1.5516512549537498,True,False,False,False,False,False,1.522977089127282,False,False,False,False,False,False,0.43130227001194715,True,0.7824838478104836,1,True,False,False,2.302291515591005
LTCUSDT,2023-12-15,2023,1.7781757600999661,False,False,False,False,False,False,1.2101622398151108,True,False,False,False,False,True,0.10772833723653408,True,1.0109602486504181,4,False,True,,
LTCUSDT,2024-01-25,2024,1.8630305796440194,True,True,True,True,True,False,0.4573033799619424,True,True,False,False,False,True,-0.058295964125560644,False,0.39347657261196234,3,False,True,True,1.5033898305084825
LTCUSDT,2024-02-16,2024,2.770439357315504,False,False,False,False,False,False,1.6936539300469642,False,False,False,False,False,False,0.5762195121951219,True,0.95260223048327,4,False,False,False,3.1834206427863396
LTCUSDT,2024-02-17,2024,3.2712028469751004,True,False,False,False,False,False,1.4012062558202223,False,False,True,True,False,False,0.5640243902439027,True,1.2001832340815348,5,True,True,False,2.9257428571428687
LTCUSDT,2024-03-10,2024,2.7841499209753904,False,False,False,False,False,False,2.343686643419025,False,False,False,False,False,False,0.7565149747180084,True,0.7108736134725913,6,False,False,False,2.4864555949251304
LTCUSDT,2024-03-26,2024,6.814625053259482,True,True,True,True,True,False,0.24853186444227868,True,True,False,False,False,False,1.194759206798867,True,0.45097542437294197,1,False,False,True,8.748899551475969
LTCUSDT,2024-05-06,2024,2.7247708664303896,False,False,False,False,False,False,1.1481468192745221,False,False,False,False,False,False,0.65947888589398,False,0.3408814219625009,0,True,False,False,1.0653369672943442
LTCUSDT,2024-08-07,2024,5.630973603016803,True,True,True,False,False,False,0.2587432384303724,True,False,False,False,False,True,-0.11030741410488233,False,0.813867715761004,2,False,False,,
LTCUSDT,2024-08-11,2024,2.3849207645809467,False,False,False,False,False,False,1.6851508072968435,False,False,False,False,False,True,0.06268836648583477,False,0.3304802662862578,6,True,False,,
LTCUSDT,2024-09-09,2024,2.345127952755901,True,True,True,True,True,True,0.6225561174882324,True,True,True,True,True,True,0.13033448673587109,False,0.7853234631477322,0,False,True,True,3.0133431085043973
LTCUSDT,2024-09-20,2024,2.303452996653466,True,True,True,True,True,False,0.6273567150281624,True,True,False,False,False,False,0.86013986013986,True,0.538957234915059,4,False,False,True,1.6300964925716028
LTCUSDT,2024-12-27,2024,3.0081141199226393,False,False,False,False,False,False,2.147640649564841,False,False,True,False,False,False,0.3756108396268328,False,0.7759594860419367,4,True,False,,
LTCUSDT,2025-02-06,2025,4.094070497344285,True,True,True,True,True,True,0.22644660459827953,True,True,False,False,False,True,-0.00346784363177804,False,0.6968210436865085,3,True,True,True,2.2437346195491807
LTCUSDT,2025-04-14,2025,3.1850717580728016,False,False,False,False,False,False,1.9391462124290337,False,False,False,False,False,False,0.8814553990610331,False,0.6439127375087982,0,False,False,False,2.042823803967333
LTCUSDT,2025-05-14,2025,1.9317488789237607,True,True,False,False,False,False,2.4916043765572597,False,False,False,False,False,False,0.7415902140672781,True,1.0273722627737245,2,False,False,False,2.4759785947874304
LTCUSDT,2025-06-22,2025,5.991728486646879,True,True,True,False,False,False,0.29920905633590444,False,False,True,True,True,True,-0.025482625482625344,False,1.502286087524495,6,True,False,True,5.135508421709303
LTCUSDT,2025-06-26,2025,1.2740384615384635,True,False,False,False,False,False,1.0528767761472106,True,True,False,False,False,False,0.6356528537920244,False,0.40676175382989793,3,False,False,False,0.6812967581047316
LTCUSDT,2025-07-19,2025,4.068260701889703,True,True,True,True,True,True,0.049767750497676025,True,True,False,False,False,False,1.4042232277526394,True,2.6027252561529535,5,False,True,False,12.094354624966869
LTCUSDT,2026-01-07,2026,2.313477781858251,False,False,False,False,False,False,3.4129151057209905,False,False,True,False,False,False,0.7949438202247181,True,1.2441627751834514,2,True,False,False,1.0421065523576283
LTCUSDT,2026-01-23,2026,2.504244457409587,True,True,True,False,False,False,0.9260823223115897,False,False,False,False,False,True,-0.0636833046471596,False,0.7003891050583655,4,False,True,True,1.730241105557199
LTCUSDT,2026-02-27,2026,2.637200803946633,False,False,False,False,False,False,2.272506824448856,False,False,False,False,False,False,0.7330415754923401,True,1.0005642279480895,4,True,False,False,2.2442487616950895
LTCUSDT,2026-05-07,2026,2.1441238195173176,True,True,True,True,True,False,0.22022658869014333,True,True,False,False,False,False,0.8491124260355033,True,1.3137665967854673,3,True,True,True,0.7729657862081107
LTCUSDT,2026-05-31,2026,1.310559723023668,False,False,False,False,False,False,14.73523541152977,False,False,False,False,False,True,0.1809815950920257,False,0.5255954010402414,6,False,False,False,1.4243227665706057
LTCUSDT,2026-06-09,2026,3.069623780771026,False,False,False,False,False,False,1.392062219128749,False,False,False,False,False,False,0.21986417657045867,False,0.8466111771700364,1,True,True,False,2.9343720930232595
LTCUSDT,2026-06-16,2026,2.2550077041602345,True,False,False,False,False,False,2.420811166967651,False,False,False,False,False,False,1.002380952380952,False,0.7373493975903619,1,False,True,False,2.7686665206919128
LTCUSDT,2026-06-25,2026,5.969424460431667,True,False,False,False,False,False,0.634729336145426,False,False,True,True,True,True,-0.36873156342182883,False,1.5546639919759286,3,True,True,True,4.1301955990220085
LTCUSDT,2026-07-23,2026,1.424027362120575,True,True,True,False,False,False,0.01501140867058655,False,False,True,False,False,False,0.7815631262525056,True,0.8503836317135545,3,True,True,False,1.7391007884082752
LTCUSDT,2026-08-11,2026,1.1573759647188688,True,False,False,False,False,False,3.7723626802826935,False,False,True,False,False,False,0.5483870967741941,False,0.6522659889877193,1,True,True,False,1.439907651715045
LTCUSDT,2026-08-26,2026,1.6212181927469353,True,True,False,False,False,False,3.139096582833855,False,False,True,False,False,False,0.5226689478186481,True,1.9316653214958313,2,True,True,False,2.7705940594059384
LTCUSDT,2026-09-23,2026,11.41258549931601,True,True,True,False,False,False,0.045282978661062664,False,False,False,False,False,False,1.694805194805196,True,1.452274754683319,2,True,True,True,5.7083643423394275
SOLUSDT,2020-11-09,2020,7.092904793671963,True,True,True,True,False,False,0.15585982558479142,True,True,False,False,False,False,0.6726738970888035,True,1.4242404124897647,0,False,False,True,4.391296032952479
SOLUSDT,2021-01-15,2021,10.284581005586602,True,True,True,True,True,False,0.551715795015413,True,True,True,False,False,False,0.7532879610043227,True,0.7470865902420957,4,True,True,True,8.485519344504686
SOLUSDT,2021-08-08,2021,3.9782000052925377,True,True,True,True,True,True,0.03991160908973752,True,True,False,False,False,False,1.077895152532333,True,0.9597764121131294,6,False,False,False,2.162253237104661
SOLUSDT,2021-09-05,2021,4.0639360355105305,True,True,True,True,True,True,0.16891300542622167,True,True,False,False,False,False,2.34008542176999,True,1.0769794226098812,6,False,True,True,5.118193330519191
SOLUSDT,2021-09-07,2021,28.57849930706791,True,False,False,False,False,False,0.6758072585921563,False,False,True,False,False,False,1.5325665838530904,True,2.1194621048944016,1,True,True,False,25.20904839787151
SOLUSDT,2021-10-19,2021,2.3850776058870937,True,True,True,True,True,True,0.43446514399778785,True,True,False,False,False,False,0.6369753497668224,True,0.6114215723800043,1,False,False,True,1.836098909202848
SOLUSDT,2021-11-05,2021,2.9217152031283526,True,True,True,True,True,True,0.8057851537654986,True,True,False,False,False,False,1.402094959695278,True,0.9342739980211282,4,False,True,True,2.477071171861438
SOLUSDT,2022-04-04,2022,4.412066077953731,True,True,False,False,False,False,4.0288559256964955,False,False,False,False,False,False,0.7269198780149712,True,1.3818463324946793,0,True,True,False,4.94033613445379
SOLUSDT,2022-05-24,2022,6.051659336265507,False,False,False,False,False,False,3.339896400443993,False,False,True,True,False,True,0.20471014492753672,False,0.6574692821728816,1,True,False,False,5.370600080547725
SOLUSDT,2022-09-15,2022,3.210658682634719,False,False,False,False,False,False,2.760267074489917,False,False,True,True,False,False,0.544347826086956,True,0.7291443276860372,3,True,True,False,2.185658093797261
SOLUSDT,2022-09-21,2022,3.4733271375464643,False,False,False,False,False,False,1.9265244962941186,False,False,False,False,False,False,0.18404907975460125,False,0.7153965785381009,2,False,True,,
SOLUSDT,2022-12-26,2022,2.525827814569532,False,False,False,False,False,False,12.403425974480006,False,False,False,False,False,False,0.1911860012961761,False,0.4503367003366998,0,False,False,False,2.525827814569532
SOLUSDT,2023-01-11,2023,2.6625191424196033,True,True,True,True,True,True,0.1701536175617698,True,True,False,False,False,False,1.0321447391533463,True,0.8795995567613006,2,False,True,True,6.727422806481198
SOLUSDT,2023-05-17,2023,3.00804794520549,False,False,False,False,False,False,2.77983339974573,False,False,True,False,False,False,0.6383561643835621,False,0.6024305555555548,2,True,True,False,3.114040005701534
SOLUSDT,2023-05-31,2023,2.300631447025928,True,True,True,True,True,True,0.16761333280255458,True,True,False,False,False,False,0.8340233345878801,True,1.0994179552001908,2,True,True,False,2.4475947907155673
SOLUSDT,2023-09-27,2023,3.112840708881742,True,True,True,True,True,True,0.32294794878112043,True,True,True,True,False,False,0.37141419224962197,False,0.8306484681623802,2,True,True,True,2.21085774058578
SOLUSDT,2023-11-09,2023,13.810442851117674,True,True,True,True,True,False,0.1252116382079955,True,True,False,False,False,False,1.042629262926293,True,0.48166986704973375,3,False,True,True,9.786804988411873
SOLUSDT,2023-11-17,2023,7.553106716392374,True,True,False,False,False,False,1.6430004985172453,False,False,False,False,False,False,0.7710418375717801,True,1.9877635166589076,4,False,True,False,7.61000683877586
SOLUSDT,2024-01-05,2024,4.975268838736803,False,False,False,False,False,False,2.9732340511169286,False,False,False,False,False,True,0.0862313458032278,True,1.0175543768652342,4,True,False,False,4.975268838736803
SOLUSDT,2024-01-15,2024,2.4465281350735517,True,True,True,True,True,True,0.8313304721030039,True,True,False,False,False,False,0.4426637554585152,False,0.7976488553525646,0,False,True,True,1.5388039296728435
SOLUSDT,2024-01-19,2024,6.629145226611101,False,False,False,False,False,False,2.289578439816527,False,False,True,True,False,False,0.3488646288209608,False,1.177091024153571,4,True,False,False,7.134925637847784
SOLUSDT,2024-03-10,2024,2.8633812466694923,False,False,False,False,False,False,1.9639879154078481,False,False,False,False,False,False,1.1726876693407002,True,0.5373358140568164,6,False,False,False,2.8633812466694923
SOLUSDT,2024-08-16,2024,4.847484562931429,True,True,False,False,False,False,0.5992157768935817,False,False,True,True,False,False,0.6173418881759853,False,0.7332688701359581,4,False,True,True,2.2103305368886006
SOLUSDT,2024-10-13,2024,2.440635526155598,True,True,True,True,True,True,0.31620820633735264,True,True,False,False,False,False,0.5550818936504375,False,0.3370091588588244,6,True,True,True,2.307820786345635
SOLUSDT,2024-11-02,2024,1.6830186388197579,True,True,False,False,False,False,3.491937520291449,False,False,True,True,False,False,0.2770069375619426,True,1.2010141411492155,5,False,False,False,2.499909687518826
SOLUSDT,2024-12-30,2024,4.543767355754402,True,True,True,True,True,False,0.7514874131517096,True,True,False,False,False,False,0.7123179850452577,False,0.6189737711550136,0,True,True,True,2.9466746836766666
SOLUSDT,2025-05-28,2025,2.834226447709596,False,False,False,False,False,False,4.690168333739937,False,False,True,True,False,False,0.502641775272984,True,0.7564172583287827,2,True,True,False,2.021265469757717
SOLUSDT,2025-06-19,2025,2.688965423173966,True,False,False,False,False,False,5.27539863499062,False,False,True,False,False,False,0.21400072542618792,False,0.6459027697965724,3,False,True,False,2.907478225367446
SOLUSDT,2025-08-15,2025,2.4270948827292185,True,True,True,True,False,False,0.7818625459289321,True,True,False,False,False,False,1.0585890793144679,True,2.1852314236833594,4,True,True,,
SOLUSDT,2025-09-30,2025,2.7669209133813353,True,True,True,True,True,True,0.6047376282913841,True,True,False,False,False,False,0.41278439869989186,False,0.8607765518403098,1,False,False,True,2.2215580057526423
SOLUSDT,2025-10-04,2025,3.1440443213296323,True,True,False,False,False,False,2.047081497797363,False,False,False,False,False,False,0.873672806067172,True,0.8037421191783602,5,False,True,True,1.7319515194097963
SOLUSDT,2025-11-02,2025,3.1558273381294946,False,False,False,False,False,False,7.088929078624977,False,False,False,False,False,False,0.4202334630350196,False,0.32388326880645985,6,False,False,False,3.1558273381294946
SOLUSDT,2025-12-15,2025,4.84503816793893,True,False,False,False,False,False,2.0657178369483407,False,False,True,True,True,True,0.11415259172976083,False,0.7309758840434848,0,True,True,,
SOLUSDT,2026-01-07,2026,4.164856646394438,True,True,True,False,False,False,0.5667101260321585,False,False,True,False,False,False,1.1962546816479405,True,1.396190476190473,2,True,False,False,1.5583406690140746
SOLUSDT,2026-01-16,2026,3.3610559006211385,False,False,False,False,False,False,4.240098394922534,False,False,False,False,False,False,1.1324200913242026,True,1.0679258990192513,4,True,True,False,3.327697618225764
SOLUSDT,2026-05-12,2026,1.0833509737510585,True,True,True,False,False,False,0.4689560842167006,True,False,False,False,False,False,0.8248175182481756,True,1.437314215771989,1,True,True,,
SOLUSDT,2026-05-31,2026,1.9102198598695417,False,False,False,False,False,False,13.520692097541177,False,False,False,False,False,True,0.21321321321321357,False,0.38700361010830037,6,False,True,False,1.4459036290812066
SOLUSDT,2026-06-09,2026,3.2832748894648587,False,False,False,False,False,False,1.5323891339679603,False,False,False,False,False,False,0.2412147505422995,False,0.7964601769911495,1,True,False,,
SOLUSDT,2026-06-24,2026,6.383565217391314,False,False,False,False,False,False,1.1351613972474588,True,True,True,True,True,True,0.13902439024390245,True,0.9454109178164399,2,True,False,,
SOLUSDT,2026-06-25,2026,8.63675335810232,True,True,True,False,False,False,0.30608868299139763,False,False,True,True,True,True,0.2585365853658541,False,1.3840086052348526,3,True,True,True,5.545870881961882
SOLUSDT,2026-08-14,2026,0.8178443113772631,True,True,False,False,False,False,1.8711052537381119,False,False,False,False,False,False,0.545757071547422,True,0.7090909090909043,4,True,True,False,1.1073504046703093
SOLUSDT,2026-08-26,2026,3.538513238289214,True,True,True,True,True,True,0.05180124438100575,True,True,False,False,False,False,0.8369641602248771,True,1.8758010019806617,2,True,True,True,7.177677609015191
SOLUSDT,2026-09-07,2026,2.601093525179859,False,False,False,False,False,False,2.540897759289579,False,False,False,False,False,False,0.6896207584830338,True,0.6490531459987783,0,True,True,False,1.0340048192771032
SOLUSDT,2026-10-05,2026,1.2716769256363276,True,True,True,False,False,False,0.9746142424500113,False,False,False,False,False,False,0.5279255319148938,True,0.5122912366297598,0,False,True,False,1.6805914512922409
XRPUSDT,2020-03-09,2020,4.7700240963855345,True,True,False,False,False,False,10.69934732970965,False,False,True,True,True,True,0.18580375782880984,False,2.0953956437827403,0,True,True,False,5.724141221374047
XRPUSDT,2020-04-19,2020,2.2875912408759227,True,False,False,False,False,False,3.1452274592031966,False,False,False,False,False,False,0.48134328358208955,True,0.8457249070631966,6,False,True,True,0.7875066172578259
XRPUSDT,2020-04-26,2020,3.0097087378640808,True,True,True,True,True,True,0.30560271646859455,True,True,False,False,False,False,0.9322033898305089,True,0.5885057471264358,6,False,True,True,3.207547169811316
XRPUSDT,2020-06-07,2020,2.459842519685033,True,False,False,False,False,False,3.901248399487845,False,False,True,False,False,False,0.5691056910569103,True,0.40834845735027264,6,True,True,False,2.5557522123893768
XRPUSDT,2020-07-02,2020,3.0862944162436725,True,True,True,True,True,True,0.73099415204678,True,True,True,False,False,False,0.41777777777777825,False,0.7125890736342044,3,True,True,True,1.7564322469982956
XRPUSDT,2020-07-27,2020,6.6405381165919275,True,True,True,True,True,True,0.3984225169498404,True,True,False,False,False,False,0.9215116279069765,True,1.2979049565661742,0,False,True,True,7.388078291814945
XRPUSDT,2020-11-09,2020,2.444510739856812,True,True,True,True,True,True,0.35798551785859545,True,True,False,False,False,False,0.5906862745098042,True,0.7104795737122563,0,False,True,True,2.172118069405661
XRPUSDT,2021-01-02,2021,10.1541755888651,True,True,True,True,True,True,0.12652889076339105,True,True,False,False,False,True,0.062430323299888534,False,0.45445865953790304,5,False,False,True,5.072398190045248
XRPUSDT,2021-06-15,2021,2.011190503630293,False,False,False,False,False,False,9.86757281775931,False,False,False,False,False,False,0.4403100775193801,False,0.664520921020055,1,False,False,False,1.5065551067513068
XRPUSDT,2021-08-22,2021,4.229243437143322,True,True,True,True,False,False,0.11566064395991218,True,True,False,False,False,False,0.7908120020342428,True,0.7474664098683901,6,True,True,True,4.229243437143322
XRPUSDT,2022-02-02,2022,1.863517489375612,False,False,False,False,False,False,2.096307341461279,False,False,False,False,False,False,0.561618062088429,False,0.45412632549561877,2,True,False,,
XRPUSDT,2022-04-28,2022,1.9454051536789898,True,False,False,False,False,False,6.646824605220087,False,False,False,False,False,True,-0.5599547511312214,False,0.6998205588310686,3,False,True,False,1.6706569115815737
XRPUSDT,2022-05-24,2022,3.5363028953229474,True,False,False,False,False,False,2.141327623126335,False,False,True,False,False,False,0.24570446735395238,False,0.5548141086749278,1,True,False,False,4.551958863858962
XRPUSDT,2022-10-24,2022,4.392830922047075,True,True,True,False,False,False,0.39325179912698127,False,False,False,False,False,False,0.6713615023474182,False,0.7144083805598486,0,False,False,False,1.79920477137176
XRPUSDT,2022-11-16,2022,5.858450704225357,True,False,False,False,False,False,1.709607191035248,False,False,False,False,False,False,0.42890995260663517,False,0.8221672954338484,2,True,True,True,3.724006401707124
XRPUSDT,2023-01-18,2023,7.386763580719212,True,True,True,False,False,False,0.2175151483764055,True,False,True,True,False,False,0.7444608567208274,True,1.0756040530007798,2,True,False,,
XRPUSDT,2023-07-12,2023,1.9390393567499065,True,True,True,True,True,True,0.2837219960933697,True,True,False,False,False,False,0.43582887700534806,False,0.373505976095618,2,True,False,True,1.5432122370937
XRPUSDT,2023-08-24,2023,1.906927073311533,False,False,False,False,False,False,1.2209519388918553,True,True,False,False,False,False,0.4881786339754817,False,0.5576746021307375,3,False,False,False,1.6609374999999922
XRPUSDT,2023-09-04,2023,2.5356272119543997,False,False,False,False,False,False,1.388005769141291,False,False,False,False,False,False,0.3489827856025045,False,0.38579815487839064,0,True,True,False,2.478103482195554
XRPUSDT,2023-09-06,2023,2.736249999999998,False,False,False,False,False,False,3.429847650953182,False,False,True,False,False,False,0.2769953051643191,False,0.313489550348324,2,True,False,False,2.542882703777334
XRPUSDT,2023-11-13,2023,10.35909090909091,True,False,False,False,False,False,1.7294243197417107,False,False,False,False,False,False,0.8455162019593069,True,0.6351122917169765,0,True,True,False,4.718103191172084
XRPUSDT,2024-01-15,2024,1.7932203389830603,False,False,False,False,False,False,5.468539022414237,False,False,False,False,False,False,0.4292742927429277,False,0.5732899022801308,0,False,True,False,1.3667535174570085
XRPUSDT,2024-01-19,2024,4.547728105533152,False,False,False,False,False,False,2.0143826924239088,False,False,True,True,True,True,0.03075030750307436,False,0.7863247863247884,4,True,False,False,4.284677567517912
XRPUSDT,2024-01-29,2024,1.7665781990521143,True,True,True,False,False,False,0.24681554294053815,True,False,False,False,False,False,0.5859519408502759,False,0.5766608221313085,0,False,True,False,3.1074607329842903
XRPUSDT,2024-03-14,2024,5.2287946428571495,False,False,False,False,False,False,2.8687299893276377,False,False,False,False,False,False,1.0143442622950818,True,0.6482525366403621,3,True,False,False,4.9175126903553235
XRPUSDT,2024-04-17,2024,5.6833533653846136,False,False,False,False,False,False,1.1701966423815604,True,True,False,False,False,False,0.3816239316239315,False,0.6532110091743134,2,True,False,False,4.825409338993326
XRPUSDT,2024-08-21,2024,3.2291183294663592,True,True,True,False,False,False,0.6723292873822777,True,False,False,False,False,False,1.5491329479768778,True,0.6238738738738753,2,False,True,True,2.6320660330165047
XRPUSDT,2024-08-30,2024,2.910576923076937,True,False,False,False,False,False,1.8047449497730201,False,False,True,True,True,True,0.015580736543909205,False,0.756383182952584,4,True,False,False,3.7503618711385864
XRPUSDT,2024-12-10,2024,17.170663699437107,True,False,False,False,False,False,0.15781444528222485,False,False,True,True,False,True,0.151766304347826,True,2.035753126699294,1,False,False,False,19.866603343465044
XRPUSDT,2025-05-04,2025,1.2737419736782032,False,False,False,False,False,False,4.293870955055624,False,False,True,False,False,False,0.5668999588307949,True,0.5035168025008389,6,True,True,,
XRPUSDT,2025-05-11,2025,2.0361280808931803,True,True,True,True,True,True,0.48005793802700913,True,True,False,False,False,False,1.0469659185369902,True,1.3384051845590281,6,False,False,True,1.7297451502472239
XRPUSDT,2025-05-28,2025,3.1520767051645167,False,False,False,False,False,False,2.9962225749539684,False,False,True,True,True,True,0.13974001857010232,False,0.6522928751231253,2,True,False,False,2.244606721801854
XRPUSDT,2025-08-20,2025,5.788030125523005,False,False,False,False,False,False,1.193055181259954,False,False,True,True,True,True,0.017310252996005186,False,1.2388955582232903,2,True,True,False,4.600122021489336
XRPUSDT,2026-01-23,2026,3.1947701001797975,False,False,False,False,False,False,2.203061129318086,False,False,False,False,False,True,-0.18225650916104172,False,0.6109222750963075,4,False,True,False,1.7870426352548696
XRPUSDT,2026-02-17,2026,3.483917078788702,False,False,False,False,False,False,1.9348152008415933,False,False,False,False,False,False,0.41151385927505324,False,0.49286359530262,1,True,True,False,3.293924789573725
XRPUSDT,2026-04-29,2026,2.8394616887345308,True,True,False,False,False,False,0.6141034853557988,False,False,True,True,True,True,-0.15086206896551682,False,0.7221315932572029,2,True,False,True,1.8738911216660499
XRPUSDT,2026-05-13,2026,2.6604766839378122,True,True,True,True,True,False,0.24149320702979263,True,True,True,False,False,False,0.5393430099312452,True,1.6320511244930587,2,True,True,True,1.2136577157680521
XRPUSDT,2026-06-14,2026,1.1100668190610135,True,True,True,True,True,True,0.015840454937864113,True,True,False,False,False,False,0.3031550068587106,False,0.5633047210300448,6,False,True,True,5.098371582855217
XRPUSDT,2026-09-16,2026,4.265381952457876,True,True,True,True,True,True,0.37153467266172086,True,True,True,True,True,True,-0.11415863602668537,False,2.479328329729043,2,False,False,True,4.176923076923065
