sym,day,yr,stage,B_risk_pct,B_n_1R,B_rr_1R,B_n_2R,B_rr_2R,B_n_PDH,B_n_SH,B_rr_SH,t,entry,risk_pct,fvg_size_pct,A_risk_pct,A_n_1R,A_rr_1R,A_n_2R,A_rr_2R,A_n_PDH,A_n_SH,A_rr_SH,n_1R,rr_1R,n_2R,rr_2R,n_3R,rr_3R,n_PDH,rr_PDH,n_SH,rr_SH,B_rr_PDH,A_rr_PDH
ADAUSDT,2020-06-02,2020,нет теста,,,,,,,,,,,,,,,,,,,,,,,,,,,,,,,,
ADAUSDT,2021-01-15,2021,сделка,7.275426086956507,0.9862551005529034,1.0,1.9862551005529034,2.0,,0.9567645223826761,0.9705094218297726,2021-01-16 20:15:00,0.35944,6.145028377476073,7.7384298294922145,11.000506343200524,-1.0090904906447158,1.0,-1.0090904906447158,2.0,,0.24179329300646404,0.25088378365117975,-1.0162733178526138,1.0,-1.0162733178526138,2.0,-1.0162733178526138,3.0,,,-1.0162733178526138,0.4491189436287834,,
ADAUSDT,2021-07-25,2021,сделка,0.9672017033822101,0.8966089496634365,1.0,1.8966089496634366,2.0,2.250446636467503,-1.1033910503365634,15.105202997332658,2021-07-27 05:15:00,1.2517,3.2445713829192333,0.8756712102437147,3.3882320044739256,0.9704860824559957,1.0,1.9704860824559955,2.0,,-1.0295139175440045,3.4849860294030837,0.9691792880482022,1.0,1.9691792880482022,2.0,2.969179288048202,3.0,,,-1.0308207119517978,3.639291544679808,2.3538376868040665,
ADAUSDT,2022-07-05,2022,сделка,0.2279129321382871,-1.4387640449438148,1.0,-1.4387640449438148,2.0,-1.4387640449438148,-1.4387640449438148,23.220973782771235,2022-07-08 12:00:00,0.4707,1.5219885277246663,0.12820512820512595,0.673040152963672,-1.1485795454545453,1.0,-1.1485795454545453,2.0,-1.1485795454545453,-1.1485795454545453,7.16540404040403,-1.0657035175879397,1.0,-1.0657035175879397,2.0,-1.0657035175879397,3.0,-1.0657035175879397,0.781686208821886,-1.0657035175879397,3.1686208821887196,7.2097378277152515,1.7676767676767635
ADAUSDT,2022-07-08,2022,сделка,0.4158726812816188,0.7595417912717319,1.0,1.759541791271732,2.0,3.8144862892189204,-1.240458208728268,5.170054234882654,2022-07-09 16:45:00,0.4815,1.9050467289719586,0.31719179530556174,1.8842990654205596,-1.053070131931356,1.0,-1.053070131931356,2.0,0.04612637635155376,-1.053070131931356,0.34167686186335056,-1.0524921507064364,1.0,-1.0524921507064364,2.0,-1.0524921507064364,3.000000000000006,0.04562401883830595,0.09811616954474248,-1.0524921507064364,0.33795569509855206,4.054944497947188,0.09919650828290981
ADAUSDT,2022-12-22,2022,сделка,0.5259302325581373,-1.1901392880831314,1.0,-1.1901392880831314,2.0,-1.1901392880831314,-1.1901392880831314,4.421843908910038,2022-12-23 17:15:00,0.2594,1.524942174248289,0.4281821720513779,1.0627987663839653,-1.0940911893793752,1.0,-1.0940911893793752,2.0,,-1.0940911893793752,1.668540752294237,-1.0655762570467922,1.0,-1.0655762570467922,2.0,-1.0655762570467922,3.0,,,-1.0655762570467922,1.1628788836362518,0.8106713833001655,
ADAUSDT,2022-12-25,2022,сделка,0.2552447552447625,0.6082191780822028,1.0,1.6082191780822028,2.0,-1.3917808219177972,-1.3917808219177972,13.698630136985924,2022-12-27 20:00:00,0.2595,1.4473988439306287,0.15564202334630794,1.0624277456647435,-1.094124047878128,1.0,-1.094124047878128,2.0,0.19604642727601215,-1.094124047878128,2.502720348204568,-1.06908945686901,1.0,-1.06908945686901,2.0,-1.06908945686901,3.0,0.1439030883918983,0.21299254526090824,-1.06908945686901,1.837060702875413,4.414003044139841,0.29017047515414024
ADAUSDT,2023-05-11,2023,сделка,1.2727272727272725,0.9214285714285714,1.0,1.9214285714285715,2.0,1.3156799656799671,0.9081295581295566,0.9867009867009853,2023-05-13 12:15:00,0.3651,0.48307313064913154,1.1878453038674106,0.9482333607230801,0.8945407279029453,1.0,1.8945407279029451,2.0,2.118688619295238,1.5698729058348013,1.6753321779318562,-1.2070079945568999,1.0,-1.2070079945568999,2.0,-1.2070079945568999,3.0,-1.2070079945568999,4.365821851788927,-1.2070079945568999,3.2885411351137357,1.3942513942513957,2.2241478913922927
ADAUSDT,2023-06-20,2023,нет теста,,,,,,,,,,,,,,,,,,,,,,,,,,,,,,,,
ADAUSDT,2023-08-07,2023,сделка,0.5405359565807413,0.8149984311264542,1.0,-1.1850015688735458,2.0,0.37979290869156085,-1.1850015688735458,4.832130530279173,2023-08-11 04:15:00,0.2971,0.9406260518343926,0.44293015332198415,1.310501514641533,-1.0763066649544113,1.0,-1.0763066649544113,2.0,,-1.0763066649544113,1.3869269294978872,-1.1063121734774215,1.0,-1.1063121734774215,2.0,-1.1063121734774215,3.0,,,-1.1063121734774215,1.9322980032920825,0.5647944775651067,
ADAUSDT,2023-11-07,2023,отмена (H4 ниже FVG),1.2233955019199063,-1.0817397152785566,1.0,-1.0817397152785566,2.0,-1.0817397152785566,-1.0817397152785566,5.066696558681789,,,,,,,,,,,,,,,,,,,,,,,2.555767290662499,
ADAUSDT,2023-11-17,2023,сделка,0.5216301767343617,0.8082932996207299,1.0,1.80829329962073,2.0,-1.19170670037927,-1.19170670037927,10.366624525916752,2023-11-20 22:15:00,0.3852,1.9413551401869127,0.4238410596026464,2.09696261682242,-1.0476880222841227,1.0,-1.0476880222841227,2.0,-1.0476880222841227,-1.0476880222841227,1.7827298050139395,-1.0515104103983632,1.0,-1.0515104103983632,2.0,-1.0515104103983632,3.0,-1.0515104103983632,3.316350409863472,-1.0515104103983632,1.9256228186304072,15.62579013906474,3.0702568864128894
ADAUSDT,2024-01-15,2024,нет H4 FVG,,,,,,,,,,,,,,,,,,,,,,,,,,,,,,,,
ADAUSDT,2024-04-17,2024,сделка,0.2289586919105024,0.5632399924826222,1.0,1.5632399924826221,2.0,-1.4367600075173779,-1.4367600075173779,10.148468333019995,2024-04-19 17:30:00,0.4707,1.4370936902485667,0.1292546316242976,1.4795411089866224,-1.067588524166451,1.0,-1.067588524166451,2.0,-1.067588524166451,-1.067588524166451,0.7035984032623982,-1.0695848855774348,1.0,-1.0695848855774348,2.0,-1.0695848855774348,3.0,-1.0695848855774348,1.0200461238247314,-1.0695848855774348,0.7243805806871286,12.027814320616287,0.9907814250021518
ADAUSDT,2024-07-21,2024,сделка,0.9437114813969374,-1.1059645897832822,1.0,-1.1059645897832822,2.0,-1.1059645897832822,-1.1059645897832822,2.926664086687319,2024-07-22 06:00:00,0.4344,1.0428867403314888,0.851749539594839,0.10000000000000032,-1.999999999999997,1.0,-1.999999999999997,2.0,-1.999999999999997,-1.999999999999997,36.372007366482336,-1.0958876895569833,1.0,-1.0958876895569833,2.0,-1.0958876895569833,3.0,-1.0958876895569833,1.6334459086594793,-1.0958876895569833,3.487627750921578,0.8949303405572882,17.034990791896853
ADAUSDT,2024-10-10,2024,отмена (H4 ниже FVG),0.5581255374032632,0.8208288399322125,1.0,-1.1791711600677874,2.0,,-1.1791711600677874,5.443434499050007,,,,,,,,,,,,,,,,,,,,,,,,
ADAUSDT,2025-08-05,2025,сделка,0.7530300966907212,0.8672031829279312,1.0,1.8672031829279312,2.0,4.26181390722493,2.3086535853151546,2.4414504023872237,2025-08-07 04:15:00,0.7379,0.6686136332836333,0.6579849211788781,1.2372272665672872,0.9191741059203682,1.0,1.9191741059203682,2.0,2.1865490990744316,1.003570841776659,1.0843967358562907,0.8504367918600624,1.0,1.8504367918600624,2.0,2.850436791860062,3.0,4.046070900135868,4.195634108275806,1.8570444088615339,2.0066076170014715,4.3946107242969985,2.2673749931540637
ADAUSDT,2026-03-31,2026,сделка,0.18290456431536056,-1.5467332123411743,1.0,-1.5467332123411743,2.0,-1.5467332123411743,-1.5467332123411743,31.07985480943603,2026-04-05 11:45:00,0.2423,1.2544366487825012,0.083056478405318,0.7184482047049173,-1.1391888786764695,1.0,-1.1391888786764695,2.0,-1.1391888786764695,-1.1391888786764695,7.123161764705819,0.9202829412732357,1.0,1.9202829412732358,2.0,2.9202829412732356,3.0,3.374798486593201,3.4545155453199654,3.9999012995558454,4.07961835828261,26.769509981850103,6.031709558823501
ADAUSDT,2026-08-26,2026,сделка,0.628571428571427,0.8409090909090905,1.0,1.8409090909090906,2.0,-1.1590909090909094,3.5905264768901124,3.749617385981022,2026-08-27 07:45:00,0.211,1.8518009478672868,0.5319148936170163,2.0885308056871983,0.9521194517563764,1.0,-1.0478805482436235,2.0,-1.0478805482436235,0.3605791050195153,0.40845965326313893,0.9459985155990066,1.0,-1.0540014844009933,2.0,-1.0540014844009933,3.0,-1.0540014844009933,4.606761702454414,0.40667468584444666,0.46067617024544,16.1463116008571,4.084596532631402
BNBUSDT,2020-07-09,2020,нет теста,,,,,,,,,,,,,,,,,,,,,,,,,,,,,,,,
BNBUSDT,2021-01-15,2021,сделка,1.5399152143193677,0.9350613598267491,1.0,1.935061359826749,2.0,,2.6359949101320015,2.7009335503052525,2021-01-16 20:15:00,43.295,2.744309966508841,1.4624354807876168,3.4388451322323697,-1.0290795299453,1.0,-1.0290795299453,2.0,,0.5962361503659169,0.6253156803112169,-1.0364390324782498,1.0,-1.0364390324782498,2.0,-1.0364390324782498,3.0,,,-1.0364390324782498,0.7835717574142597,,
BNBUSDT,2021-01-27,2021,сделка,1.4131399317406166,-1.07076440043473,1.0,-1.07076440043473,2.0,,-1.07076440043473,1.2010561461110962,2021-01-29 17:00:00,43.596,0.9249380677126335,1.3319624246389687,1.937778695293147,-1.0516054801525578,1.0,-1.0516054801525578,2.0,,-1.0516054801525578,0.5965951462723513,-1.108115346844032,1.0,-1.108115346844032,2.0,-1.108115346844032,3.0,,,-1.108115346844032,1.2498884028211896,,
BNBUSDT,2021-08-22,2021,сделка,2.9462213691066785,0.9660582191655473,1.0,1.9660582191655473,2.0,,3.4132360207752956,3.4471778016097483,2021-08-24 19:45:00,478.21,3.695238493548858,2.9326229326229405,5.8991760941845595,0.983048480261747,1.0,-1.016951519738253,1.999999999999998,,1.1365217499189146,1.1534732696571677,0.9729381472469016,1.0,1.9729381472468985,1.999999999999997,-1.0270618527530984,3.0,,,1.8143732669345274,1.8414351196876257,,
BNBUSDT,2021-10-31,2021,нет теста,,,,,,,,,,,,,,,,,,,,,,,,,,,,,,,,
BNBUSDT,2021-11-12,2021,отмена (H4 ниже FVG),0.20346723179145107,-1.4914796309928549,1.0,-1.4914796309928549,2.0,-1.4914796309928549,-1.4914796309928549,25.365326483625545,,,,,,,,,,,,,,,,,,,,,,,5.802935141823543,
BNBUSDT,2021-12-15,2021,нет H4 FVG,,,,,,,,,,,,,,,,,,,,,,,,,,,,,,,,
BNBUSDT,2023-07-09,2023,нет теста,,,,,,,,,,,,,,,,,,,,,,,,,,,,,,,,
BNBUSDT,2023-08-22,2023,отмена (H4 ниже FVG),0.7170334446630333,-1.1394635086331217,1.0,-1.1394635086331217,2.0,,-1.1394635086331217,1.678130702773069,,,,,,,,,,,,,,,,,,,,,,,,
BNBUSDT,2023-10-05,2023,отмена (H4 ниже FVG),0.2639624853458311,-1.3788417125599675,1.0,-1.3788417125599675,2.0,-1.3788417125599675,-1.3788417125599675,2.5581808491739855,,,,,,,,,,,,,,,,,,,,,,,1.0303783975839902,
BNBUSDT,2023-10-31,2023,нет H4 FVG,,,,,,,,,,,,,,,,,,,,,,,,,,,,,,,,
BNBUSDT,2023-11-01,2023,нет H4 FVG,,,,,,,,,,,,,,,,,,,,,,,,,,,,,,,,
BNBUSDT,2023-11-17,2023,сделка,0.28808939096266856,0.6528855170062187,1.0,1.6528855170062187,2.0,-1.3471144829937813,-1.3471144829937813,7.203136987469174,2023-11-20 14:30:00,247.48,1.3755939873929142,0.1886328221110389,1.5612817197349234,-1.0640499396976082,1.0,-1.0640499396976082,2.0,-1.0640499396976082,-1.0640499396976082,0.4943243285212203,-1.0726958687784935,1.0,-1.0726958687784935,2.0,-1.0726958687784935,3.0000000000000084,-1.0726958687784935,2.5379517789162165,-1.0726958687784935,0.5610518400150413,16.764697525076222,2.236105863048879
BNBUSDT,2024-01-05,2024,нет H4 FVG,,,,,,,,,,,,,,,,,,,,,,,,,,,,,,,,
BNBUSDT,2024-03-27,2024,отмена (H4 ниже FVG),0.1884974446337365,0.46948882944112647,1.0,1.4694888294411266,2.0,-1.5305111705588734,-1.5305111705588734,30.78230062902079,,,,,,,,,,,,,,,,,,,,,,,9.93239823584672,
BNBUSDT,2024-05-26,2024,нет H4 FVG,,,,,,,,,,,,,,,,,,,,,,,,,,,,,,,,
BNBUSDT,2024-10-17,2024,нет H4 FVG,,,,,,,,,,,,,,,,,,,,,,,,,,,,,,,,
BNBUSDT,2025-04-03,2025,нет H4 FVG,,,,,,,,,,,,,,,,,,,,,,,,,,,,,,,,
BNBUSDT,2025-04-13,2025,нет H4 FVG,,,,,,,,,,,,,,,,,,,,,,,,,,,,,,,,
BNBUSDT,2025-08-05,2025,тест без сигнала,0.4579513120455281,0.781636175353815,1.0,1.781636175353815,2.0,2.911310551144851,1.6053618685997042,1.8237256932458892,,,,,,,,,,,,,,,,,,,,,,,3.1296743757910357,
BNBUSDT,2025-08-15,2025,отмена (H4 ниже FVG),0.7465598636960502,-1.1339477312709023,1.0,-1.1339477312709023,2.0,-1.1339477312709023,-1.1339477312709023,3.0603673708734718,,,,,,,,,,,,,,,,,,,,,,,3.9589837868678996,
BNBUSDT,2025-11-10,2025,нет H4 FVG,,,,,,,,,,,,,,,,,,,,,,,,,,,,,,,,
BNBUSDT,2025-12-26,2025,сделка,1.3323815203283456,0.9249464222714854,1.0,1.9249464222714854,2.0,,1.4642639622419535,1.5393175399704682,2025-12-29 14:30:00,855.01,1.1270300932152817,1.2490232756375428,1.3093016455947883,0.9236234061597226,1.0,1.9236234061597226,2.0,,1.5083075323413138,1.5846841261815912,0.9112712246088195,1.0,1.9112712246088195,2.0,2.9112712246088193,3.0,,,1.752242061721302,1.8409708371124824,,
BNBUSDT,2026-01-16,2026,сделка,0.5692017691659724,-1.17568462611514,1.0,-1.17568462611514,2.0,,-1.17568462611514,2.016599015011605,2026-01-18 03:00:00,948.2,0.5951803417000651,0.47188776265950405,0.4223940097026046,-1.2367457816705476,1.0,-1.2367457816705476,2.0,0.07784996279780068,-1.2367457816705476,3.0710536960005537,-1.1680163019402847,1.0,-1.1680163019402847,2.0,-1.1680163019402847,3.0,0.05524940196686276,0.22326570390714753,-1.1680163019402847,2.1794985381412095,,0.3145957444683483
BNBUSDT,2026-02-01,2026,сделка,0.3802826414506186,0.7370376948615325,1.0,1.7370376948615325,2.0,-1.2629623051384675,-1.2629623051384675,4.033855696582997,2026-02-02 22:00:00,775.09,1.0692397011959849,0.28135257646016365,1.049906462475333,-1.0952465801231788,1.0,-1.0952465801231788,2.0,-1.0952465801231788,-1.0952465801231788,0.8110379811544235,-1.0935243985872825,1.0,-1.0935243985872825,2.0,-1.0935243985872825,3.0,-1.0935243985872825,10.379399510351092,-1.0935243985872825,0.7963733639655598,31.160766739988567,10.570528354379281
BNBUSDT,2026-02-16,2026,сделка,0.5887994720831816,0.8301628912026731,1.0,-1.169837108797327,2.0,-1.169837108797327,-1.169837108797327,2.922146260390843,2026-02-17 09:45:00,619.63,0.3337766086212897,0.49169456709851095,0.31926633636203317,-1.3132181148174817,1.0,-1.3132181148174817,2.0,-1.3132181148174817,-1.3132181148174817,6.252938173252181,-1.2996015820673108,1.0,-1.2996015820673108,2.0,-1.2996015820673108,3.0,-1.2996015820673108,11.154735081085283,-1.2996015820673108,5.981104159212167,5.847026053298419,11.661704418506716
BNBUSDT,2026-08-25,2026,нет H4 FVG,,,,,,,,,,,,,,,,,,,,,,,,,,,,,,,,
DOGEUSDT,2020-08-11,2020,нет H4 FVG,,,,,,,,,,,,,,,,,,,,,,,,,,,,,,,,
DOGEUSDT,2020-09-13,2020,нет H4 FVG,,,,,,,,,,,,,,,,,,,,,,,,,,,,,,,,
DOGEUSDT,2020-09-18,2020,нет H4 FVG,,,,,,,,,,,,,,,,,,,,,,,,,,,,,,,,
DOGEUSDT,2022-02-18,2022,отмена (H4 ниже FVG),0.3949873964709999,0.7468273648894971,1.0,-1.253172635110503,2.0,-1.253172635110503,-1.253172635110503,13.802786084166405,,,,,,,,,,,,,,,,,,,,,,,20.312158121217177,
DOGEUSDT,2022-08-09,2022,сделка,1.4612306368330494,0.931564533702406,1.0,1.9315645337024059,2.0,2.748687142338302,5.75230915712082,5.820744623418414,2022-08-12 13:30:00,0.07079,1.8216838536516506,1.3814163152537537,2.950656872439615,0.9661092413238414,1.0,1.9661092413238415,2.0,0.8278604154598127,2.292837411490964,2.3267281701671227,0.945105732918725,1.0,1.945105732918725,2.0,2.945105732918725,3.0,1.3409198414975463,1.3958141085788214,3.713803826081543,3.768698093162818,2.817122608635896,0.8617511741359714
DOGEUSDT,2023-01-16,2023,сделка,2.366512327815703,0.9577437231893483,1.0,-1.0422562768106516,2.0,0.7550319648997603,1.3371012947374192,1.3793575715480708,2023-01-18 12:30:00,0.08685,1.813886010362692,2.3214497216629035,2.8836269430051678,0.9653214503899089,1.0,-1.034678549610091,2.0,0.4324936213030548,0.9076516412916359,0.942330190901727,0.9448697440585009,1.0,-1.0551302559414992,2.0,-1.0551302559414992,3.0,0.6875571297989068,0.7426873857404059,1.4429400264066652,1.4980702823481644,0.797288241710412,0.4671721709131459
DOGEUSDT,2023-06-20,2023,нет теста,,,,,,,,,,,,,,,,,,,,,,,,,,,,,,,,
DOGEUSDT,2023-06-30,2023,сделка,1.4276727702303502,0.9299559380236233,1.0,-1.0700440619763767,2.0,,-1.0700440619763767,3.785606421050477,2023-07-01 12:00:00,0.06798,1.5254633715798838,1.3469021251122388,1.804677846425404,-1.055411551816893,1.0,-1.055411551816893,2.0,,-1.055411551816893,2.771392706346513,-1.065553851939711,1.0,-1.065553851939711,2.0,-1.065553851939711,3.0,,,-1.065553851939711,3.2786569078407966,,
DOGEUSDT,2023-07-02,2023,отмена (H4 ниже FVG),0.18878684639312868,0.47030207924676837,1.0,1.4703020792467685,2.0,-1.5296979207532315,-1.5296979207532315,13.18163985876803,,,,,,,,,,,,,,,,,,,,,,,30.364848960376328,
DOGEUSDT,2024-08-16,2024,отмена (H4 ниже FVG),0.14867472227636389,-1.6726092940944937,1.0,-1.6726092940944937,2.0,-1.6726092940944937,-1.6726092940944937,12.715474863996448,,,,,,,,,,,,,,,,,,,,,,,15.00950383430511,
DOGEUSDT,2024-11-15,2024,нет H4 FVG,,,,,,,,,,,,,,,,,,,,,,,,,,,,,,,,
DOGEUSDT,2024-12-10,2024,отмена (H4 ниже FVG),0.102465814286416,-1.9759352491990794,1.0,-1.9759352491990794,2.0,-1.9759352491990794,-1.9759352491990794,45.98559487389649,,,,,,,,,,,,,,,,,,,,,,,150.69978079156445,
DOGEUSDT,2024-12-30,2024,нет теста,,,,,,,,,,,,,,,,,,,,,,,,,,,,,,,,
DOGEUSDT,2025-06-30,2025,нет теста,,,,,,,,,,,,,,,,,,,,,,,,,,,,,,,,
DOGEUSDT,2025-07-25,2025,отмена (H4 ниже FVG),1.6785649877624733,0.940425303322155,1.0,-1.059574696677845,2.0,-1.059574696677845,-1.059574696677845,3.993134162656877,,,,,,,,,,,,,,,,,,,,,,,3.514776642851085,
DOGEUSDT,2025-09-16,2025,сделка,1.4538823783161976,0.9312186449939546,1.0,1.9312186449939546,2.0,0.8757321834334283,1.7881025909836095,1.856883945989655,2025-09-18 07:00:00,0.27918,1.1484526112185567,1.3738566378776267,1.8068665377176014,0.944655569234063,1.0,-1.055344430765937,2.0,0.5036902234354442,1.235193015635132,1.290537446401069,0.9129263157894728,1.0,1.9129263157894727,2.0,-1.0870736842105273,3.0,0.7924584795321687,0.8795321637426959,1.9433356725146453,2.0304093567251726,0.9445135384394737,0.5590346542013812
DOGEUSDT,2025-11-16,2025,сделка,0.7158219178082164,-1.1396995502822702,1.0,-1.1396995502822702,2.0,-1.1396995502822702,-1.1396995502822702,2.0615687059089782,2025-11-17 14:30:00,0.1623,3.048373382624762,0.6202618883528543,1.7557670979667297,-1.0569551622853652,1.0,-1.0569551622853652,2.0,-1.0569551622853652,0.17816473131411087,0.2351198935994762,-1.0328043803852849,1.0,-1.0328043803852849,2.0,-1.0328043803852849,3.0,-1.0328043803852849,0.4972198136032056,0.10261727616518312,0.13542165655046792,3.618618488008989,0.8632760272458294
DOGEUSDT,2026-04-27,2026,сделка,0.41424657534247,0.758597883597886,1.0,-1.2414021164021138,2.0,-1.2414021164021138,-1.2414021164021138,5.976876347246651,2026-04-28 12:45:00,0.09896,0.8672190784155388,0.31555374592834357,0.8268391269199794,-1.120942510754789,1.0,-1.120942510754789,2.0,-1.120942510754789,-1.120942510754789,2.4809346890887283,-1.1153111162899068,1.0,-1.1153111162899068,2.0,-1.1153111162899068,3.0,-1.1153111162899068,1.0836634817058746,-1.1153111162899068,2.36541598694937,3.2823829120125274,1.136585842784497
DOGEUSDT,2026-06-09,2026,тест без сигнала,1.6007452093683507,0.9375290961892307,1.0,1.9375290961892306,2.0,2.1174340671115055,0.6764799337900038,0.7389508376007731,,,,,,,,,,,,,,,,,,,,,,,2.1799049709222746,
DOGEUSDT,2026-06-14,2026,сделка,1.900510088415339,0.9473825471332379,1.0,-1.052617452866762,2.0,0.2873502203825433,0.5199596810268111,0.5725771338935732,2026-06-15 10:45:00,0.08916,1.3100942126514152,1.8353918965716358,2.9347577388963755,-1.0340743628254663,1.0,-1.0340743628254663,2.0,,-0.026430943618321098,0.007643419207145137,0.9236696116704337,1.0,-1.0763303883295663,2.0,-1.0763303883295663,3.0,,,-0.05920827340593764,0.017122114923628702,0.33996767324930544,
DOGEUSDT,2026-08-26,2026,нет H4 FVG,,,,,,,,,,,,,,,,,,,,,,,,,,,,,,,,
ETHUSDT,2020-01-09,2020,нет H4 FVG,,,,,,,,,,,,,,,,,,,,,,,,,,,,,,,,
ETHUSDT,2020-04-01,2020,нет теста,,,,,,,,,,,,,,,,,,,,,,,,,,,,,,,,
ETHUSDT,2020-05-26,2020,нет теста,,,,,,,,,,,,,,,,,,,,,,,,,,,,,,,,
ETHUSDT,2020-07-12,2020,нет H4 FVG,,,,,,,,,,,,,,,,,,,,,,,,,,,,,,,,
ETHUSDT,2021-01-15,2021,нет H4 FVG,,,,,,,,,,,,,,,,,,,,,,,,,,,,,,,,
ETHUSDT,2021-07-01,2021,тест без сигнала,0.22765485237743113,0.5607385524372261,1.0,1.5607385524372261,2.0,43.52359991559374,9.339172821270276,9.77843426883305,,,,,,,,,,,,,,,,,,,,,,,43.96286136315651,
ETHUSDT,2021-08-22,2021,сделка,1.8572100838308272,-1.0538442047405494,1.0,-1.0538442047405494,2.0,,-1.0538442047405494,1.1043307502269806,2021-08-23 20:45:00,3343.2,1.9332331299353842,1.7904627383547886,2.6847541277817633,-1.0372473586930002,1.0,-1.0372473586930002,2.0,,-1.0372473586930002,0.44342093682143197,-1.051726818898113,1.0,-1.051726818898113,2.0,-1.051726818898113,3.0,,,-1.051726818898113,0.6157954630727781,,
ETHUSDT,2022-02-02,2022,сделка,3.891875287645421,0.9743054459331095,1.0,1.9743054459331095,2.0,0.06606745433488158,0.6156311310267991,0.6413256850936896,2022-02-04 14:15:00,2808.81,1.7353551860040421,3.945426361188778,4.09306930693069,0.9755684567005322,1.0,1.975568456700532,2.0,0.011491952354138083,0.5329480212242621,0.5573795645237299,0.9423749092943517,1.0,1.9423749092943519,2.0,2.942374909294352,3.0,0.027105319900385456,0.08473041060603369,1.2570298031525817,1.3146548938582299,0.09176200840177201,0.03592349565360593
ETHUSDT,2022-10-05,2022,сделка,0.6989868031481936,0.8569357825503914,1.0,-1.1430642174496086,2.0,-1.1430642174496086,-1.1430642174496086,4.153806858091607,2022-10-07 00:00:00,1356.01,0.9848009970427977,0.6032031133063872,1.5594427769706645,-1.0641254693514677,1.0,-1.0641254693514677,2.0,-1.0641254693514677,-1.0641254693514677,1.2900663003281956,-1.1015433577954168,1.0,-1.1015433577954168,2.0,-1.1015433577954168,3.0,-1.1015433577954168,1.0476261794218935,-1.1015433577954168,2.0428336079077347,2.739405291500847,0.6615845873017407
ETHUSDT,2022-12-22,2022,сделка,1.6987883829730945,-1.0588654837779072,1.0,-1.0588654837779072,2.0,0.5190837177843117,-1.0588654837779072,1.2562637426574705,2022-12-26 01:45:00,1220.96,2.834453217140608,1.62641777926588,2.2527068863844724,-1.0443910393333493,1.0,-1.0443910393333493,2.0,0.13885070342651093,-1.0443910393333493,0.6918830088730478,-1.0352801730489944,1.0,-1.0352801730489944,2.0,-1.0352801730489944,3.0,0.11035283062592621,0.14563300367492077,-1.0352801730489944,0.5498801706217774,0.577949201562219,0.18324174275986024
ETHUSDT,2023-06-30,2023,сделка,0.25530387604987115,-1.3916900971000767,1.0,-1.3916900971000767,2.0,,-1.3916900971000767,6.21383267401183,2023-07-01 10:15:00,1925.63,0.9860954596677586,0.15570138772780565,0.7075045569501928,-1.1413418458123654,1.0,-1.1413418458123654,2.0,,-1.1413418458123654,1.5913187981138937,-1.1014100602731633,1.0,-1.1014100602731633,2.0,-1.1014100602731633,3.0,,,-1.1014100602731633,1.1417406805680024,,
ETHUSDT,2023-07-02,2023,отмена (H4 ниже FVG),0.5656390969664308,-1.1767911739770258,1.0,-1.1767911739770258,2.0,-1.1767911739770258,-1.1767911739770258,4.111933111579214,,,,,,,,,,,,,,,,,,,,,,,1.065480888565351,
ETHUSDT,2023-08-06,2023,сделка,0.30226184660478256,0.6691610233866091,1.0,1.669161023386609,2.0,,-1.330838976613391,6.4109816344233135,2023-08-11 05:45:00,1849.31,0.5110933267002205,0.20287506050898352,0.6801763901130637,-1.1470206867712318,1.0,-1.1470206867712318,2.0,,-1.1470206867712318,2.28086340498167,-1.1956589819820804,1.0,-1.1956589819820804,2.0,-1.1956589819820804,3.0,,,-1.1956589819820804,3.035432779288437,,
ETHUSDT,2023-08-07,2023,сделка,0.30226184660478256,0.6691610233866091,1.0,1.669161023386609,2.0,,-1.330838976613391,6.4109816344233135,2023-08-11 05:45:00,1849.31,0.5110933267002205,0.20287506050898352,0.6801763901130637,-1.1470206867712318,1.0,-1.1470206867712318,2.0,,-1.1470206867712318,2.28086340498167,-1.1956589819820804,1.0,-1.1956589819820804,2.0,-1.1956589819820804,3.0,,,-1.1956589819820804,3.035432779288437,,
ETHUSDT,2023-11-17,2023,сделка,0.45143813976351754,0.7784857078039878,1.0,-1.2215142921960123,2.0,-1.2215142921960123,-1.2215142921960123,2.1767241379310893,2023-11-18 23:15:00,1960.71,0.6202090059213221,0.3530318602260992,0.8494881956026107,-1.1177179394812684,1.0,-1.1177179394812684,2.0,-1.1177179394812684,-1.1177179394812684,0.681436119116231,-1.1612359689157525,1.0,-1.1612359689157525,2.0,-1.1612359689157525,3.0,-1.1612359689157525,10.878664528596723,-1.1612359689157525,0.9333497800254883,15.894963702359712,7.942483189241137
ETHUSDT,2024-01-29,2024,сделка,0.7845452164804475,0.8725376206503297,1.0,1.8725376206503297,2.0,0.807143055825995,-1.1274623793496703,5.654362882812732,2024-01-31 11:45:00,2299.12,0.9638139810014247,0.6899582509338527,1.1263222450328858,0.911215462145933,1.0,-1.088784537854067,2.0,0.2541321851286937,-1.088784537854067,3.6191616303991023,0.8962455391069367,1.0,1.8962455391069366,2.0,-1.1037544608930634,3.0,0.29698130441297277,0.4007357653060361,-1.1037544608930634,4.229386928432584,0.9346054351756653,0.3429167229827607
ETHUSDT,2024-02-21,2024,сделка,0.1628530189555263,0.3859493631658797,1.0,1.3859493631658797,2.0,-1.6140506368341203,-1.6140506368341203,13.176733087483537,2024-02-22 14:30:00,2966.38,1.2436848953943906,0.06295554395946237,,,,,,,,,0.9195937810531272,1.0,1.9195937810531272,2.0,-1.0804062189468728,3.0,1.829200144636746,1.909606363583619,1.8067022981956633,1.8871085171425361,13.34820829072296,
ETHUSDT,2024-06-13,2024,сделка,0.5157293916998303,-1.19390013757099,1.0,-1.19390013757099,2.0,-1.19390013757099,-1.19390013757099,7.48097375568802,2024-06-17 11:15:00,3531.0,1.279504672897196,0.4178845451223931,0.8819983007646568,-1.1133789032397274,1.0,-1.1133789032397274,2.0,-1.1133789032397274,-1.1133789032397274,3.9408079282389537,-1.0781552440707927,1.0,-1.0781552440707927,2.0,-1.0781552440707927,3.0,-1.0781552440707927,2.805930413722565,-1.0781552440707927,2.7165089506679063,7.703644749373862,4.070530604276477
ETHUSDT,2024-08-20,2024,отмена (H4 ниже FVG),0.14273796791443577,-1.700584444777475,1.0,-1.700584444777475,2.0,-1.700584444777475,-1.700584444777475,12.189313009783845,,,,,,,,,,,,,,,,,,,,,,,7.838089529233084,
ETHUSDT,2024-08-21,2024,отмена (H4 ниже FVG),0.14273796791443577,-1.700584444777475,1.0,-1.700584444777475,2.0,-1.700584444777475,-1.700584444777475,12.189313009783845,,,,,,,,,,,,,,,,,,,,,,,20.594720729593007,
ETHUSDT,2025-02-12,2025,отмена (H4 ниже FVG),1.2760603794712793,-1.0783661977197614,1.0,-1.0783661977197614,2.0,0.20047905961601414,-1.0783661977197614,2.313896048450938,,,,,,,,,,,,,,,,,,,,,,,0.27884525733577553,
ETHUSDT,2025-02-18,2025,сделка,0.25078129624149703,0.6012461794451285,1.0,1.6012461794451285,2.0,-1.3987538205548715,-1.3987538205548715,4.856087515783664,2025-02-19 13:45:00,2716.59,0.6107914701887348,0.1511603781973357,0.742442547458412,-1.1346905566529395,1.0,-1.1346905566529395,2.0,-1.1346905566529395,-1.1346905566529395,0.9683119541159597,-1.163721998228135,1.0,-1.163721998228135,2.0,-1.163721998228135,3.0,-1.163721998228135,7.965551115852084,-1.163721998228135,1.177023630873792,21.471813450712958,6.553087095520129
ETHUSDT,2025-03-18,2025,нет теста,,,,,,,,,,,,,,,,,,,,,,,,,,,,,,,,
ETHUSDT,2025-07-23,2025,сделка,0.2580609962354748,-1.3875052854122607,1.0,-1.3875052854122607,2.0,-1.3875052854122607,-1.3875052854122607,11.292811839323416,2025-07-25 01:45:00,3681.65,1.2214718943951735,0.15846994535519623,0.6874635014191991,-1.1454622678783093,1.0,-1.1454622678783093,2.0,-1.1454622678783093,-1.1454622678783093,3.594626629790605,-1.0818684412296824,1.0,-1.0818684412296824,2.0,-1.0818684412296824,3.0,-1.0818684412296824,2.600159394018101,-1.0818684412296824,2.023112132624367,14.035940803382584,4.619913077834851
ETHUSDT,2025-09-16,2025,сделка,1.0936118435280566,0.9085598783592229,1.0,-1.0914401216407772,2.0,-1.0914401216407772,-1.0914401216407772,1.296588081696863,2025-09-18 08:15:00,4590.29,0.9387587712323098,1.0045982489585483,1.3651024227227442,-1.073254576605722,1.0,-1.073254576605722,2.0,-1.073254576605722,-1.073254576605722,0.8347940766804164,0.8934763614845058,1.0,-1.1065236385154942,2.0,-1.1065236385154942,3.0,-1.1065236385154942,1.803361432292742,-1.1065236385154942,1.213921458283799,1.8039573202594796,1.2401423761964192
ETHUSDT,2026-02-12,2026,отмена (H4 ниже FVG),3.1332225029924228,-1.0319160225309545,1.0,-1.0319160225309545,2.0,-0.018238603054405285,-1.0319160225309545,1.2088009006344873,,,,,,,,,,,,,,,,,,,,,,,0.013677419476549275,
ETHUSDT,2026-08-11,2026,нет H4 FVG,,,,,,,,,,,,,,,,,,,,,,,,,,,,,,,,
LINKUSDT,2021-01-31,2021,сделка,1.2847577786530224,0.9221643163703255,1.0,1.9221643163703255,2.0,3.94832413652154,3.0150180530008677,3.092853736630542,2021-02-02 16:00:00,22.921,0.7581257362244278,1.2001771479185157,1.5862309672352974,0.9369574784091539,1.0,1.9369574784091539,2.0,2.9954315418889776,2.2418147312833363,2.3048572528741826,0.8680957587615823,1.0,1.8680957587615823,2.0,2.8680957587615823,3.0,6.267359152903234,6.399263394141652,4.69056223744027,4.822466478678688,4.026159820151214,3.058474063479824
LINKUSDT,2021-08-12,2021,сделка,0.778840075853354,-1.1283960637110677,1.0,-1.1283960637110677,2.0,-1.1283960637110677,-1.1283960637110677,26.661255960231177,2021-08-18 03:45:00,26.242,5.3763280237786715,0.6841686555290397,4.295175672585933,-1.0232819348084532,1.0,-1.0232819348084532,2.0,-1.0232819348084532,-1.0232819348084532,3.8380325425412973,-1.0186000555691013,1.0,-1.0186000555691013,2.0,-1.0186000555691013,3.0,-1.0186000555691013,0.7810860924148184,-1.0186000555691013,3.0662236259405664,10.30739575935878,0.9776957609524989
LINKUSDT,2021-08-22,2021,сделка,1.3290105499281417,0.924756052534416,1.0,-1.075243947465584,2.0,-1.075243947465584,-1.075243947465584,2.2047576348963718,2021-08-24 04:30:00,28.84,2.9023266296809975,1.245564229950316,2.3861997226074867,-1.0419076404429075,1.0,-1.0419076404429075,2.0,-1.0419076404429075,-1.0419076404429075,0.7657880205760146,-1.034455115760348,1.0,-1.034455115760348,2.0,-1.034455115760348,3.0,-1.034455115760348,0.43606509197389176,-1.034455115760348,0.6296063108773764,1.7775199113877391,0.5303844924293047
LINKUSDT,2021-11-04,2021,отмена (H4 ниже FVG),0.35531099255663195,-1.281443586308581,1.0,-1.281443586308581,2.0,-1.281443586308581,-1.281443586308581,22.000845148934516,,,,,,,,,,,,,,,,,,,,,,,13.765138505524646,
LINKUSDT,2021-11-14,2021,отмена (H4 ниже FVG),1.638470650950644,-1.06103252441048,1.0,-1.06103252441048,2.0,-1.06103252441048,-1.06103252441048,1.3954009608745592,,,,,,,,,,,,,,,,,,,,,,,1.53638706832044,
LINKUSDT,2021-12-15,2021,сделка,2.157606964645945,0.9536523557633169,1.0,-1.046347644236683,2.0,,-1.046347644236683,3.6904908352810644,2021-12-17 09:45:00,19.181,2.6937229550075616,2.1029810298103073,3.9072519680934414,-1.025593435185803,1.0,-1.025593435185803,2.0,,-1.025593435185803,1.5437987857762296,-1.0371233425523967,1.0,-1.0371233425523967,2.0,-1.0371233425523967,3.0,,,-1.0371233425523967,2.239284048439757,,
LINKUSDT,2022-01-10,2022,нет H4 FVG,,,,,,,,,,,,,,,,,,,,,,,,,,,,,,,,
LINKUSDT,2022-04-04,2022,сделка,0.721426102983517,-1.1386143356699208,1.0,-1.1386143356699208,2.0,-1.1386143356699208,-1.1386143356699208,2.39513308956205,2022-04-05 07:30:00,17.425,0.8051764705882463,0.6259418105946272,1.0803672883787694,-1.0925611142392722,1.0,-1.0925611142392722,2.0,-1.0925611142392722,-1.0925611142392722,1.2589373930965482,-1.1241963763880753,1.0,-1.1241963763880753,2.0,-1.1241963763880753,3.0,-1.1241963763880753,6.407606448945764,-1.1241963763880753,1.6892132685207273,7.680393440528982,4.775462938370489
LINKUSDT,2022-04-20,2022,нет H4 FVG,,,,,,,,,,,,,,,,,,,,,,,,,,,,,,,,
LINKUSDT,2022-12-22,2022,сделка,0.9368235885407987,0.8932563171730544,1.0,-1.1067436828269457,2.0,1.1987159999284531,-1.1067436828269457,1.4842897762835332,2022-12-24 07:00:00,5.918,0.5388982764447454,0.8447372867038472,0.08311929705981949,-2.2030900589550435,1.0,-2.2030900589550435,2.0,-2.2030900589550435,-2.2030900589550435,27.241309209188096,-1.1855637777499057,1.0,-1.1855637777499057,2.0,-1.1855637777499057,3.0,-1.1855637777499057,3.8881224131443477,-1.1855637777499057,4.201680672268886,1.3054596827553988,25.208375686114394
LINKUSDT,2023-04-28,2023,сделка,0.47872788542543904,-1.2088869335679733,1.0,-1.2088869335679733,2.0,-1.2088869335679733,-1.2088869335679733,2.786332306789864,2023-04-29 21:30:00,7.202,2.0697028603165846,0.3805496828752662,1.5842127186892505,-1.0631228362329639,1.0,-1.0631228362329639,2.0,0.17352206494587985,0.06834655331083477,0.1314693895437986,-1.0483161143163826,1.0,-1.0483161143163826,2.0,-1.0483161143163826,3.0,0.13281899906078143,0.18113511337716395,0.052314504226483684,0.10063061854286622,3.1382900718580715,0.2366449011788437
LINKUSDT,2023-05-11,2023,сделка,0.9383429966432776,-1.1065708385502195,1.0,-1.1065708385502195,2.0,-1.1065708385502195,-1.1065708385502195,1.3496154409014576,2023-05-13 12:15:00,6.564,0.4348263254113322,0.84628404369904,1.0892595978062187,-1.0918054797969199,1.0,-1.0918054797969199,2.0,-1.0918054797969199,-1.0918054797969199,1.0209933006055931,-1.2299768761824692,1.0,-1.2299768761824692,2.0,-1.2299768761824692,3.0,-1.2299768761824692,4.519655244902259,-1.2299768761824692,2.5576343633942926,2.2601993528349795,1.8042210380564652
LINKUSDT,2023-06-30,2023,сделка,0.4023415100350311,-1.248545073043279,1.0,-1.248545073043279,2.0,,-1.248545073043279,16.35060770418514,2023-07-05 16:15:00,6.311,1.746268420218665,0.30356286946795397,0.923134210109327,-1.1083266104807847,1.0,-1.1083266104807847,2.0,,-1.1083266104807847,6.522597366930473,-1.0572649650203707,1.0,-1.0572649650203707,2.0,-1.0572649650203707,3.0,,,-1.0572649650203707,3.4480568384948334,,
LINKUSDT,2024-04-17,2024,нет теста,,,,,,,,,,,,,,,,,,,,,,,,,,,,,,,,
LINKUSDT,2024-10-10,2024,сделка,0.9668512877319171,0.8965714776730717,1.0,1.8965714776730715,2.0,1.2045847296613692,1.7106044548831085,1.814032977210037,2024-10-12 06:00:00,10.95,1.2039178082191597,0.8753142750721613,2.025013698630116,-1.049382381989637,1.0,-1.049382381989637,2.0,0.04081374949829054,0.27983349794127804,0.329215879930915,0.9169378513073742,1.0,-1.0830621486926257,2.0,-1.0830621486926257,3.0,0.06864953841720327,0.15171168710982907,0.470685509258216,0.5537476579508418,1.3080132519882977,0.09019613148792752
LINKUSDT,2025-08-15,2025,сделка,1.9524620708011906,0.9487826158082727,1.0,1.9487826158082728,2.0,3.9885532259090195,0.8939707900500606,0.9451881742417879,2025-08-17 02:45:00,22.826,2.148243231402789,1.8893509311155434,3.1723648471041943,0.9684777745248053,1.0,1.9684777745248052,2.0,2.031660323370021,0.15076699570791385,0.18228922118310856,0.9534503362849184,1.0,1.9534503362849185,2.0,2.9534503362849183,3.0,3.0002039326369676,3.0467535963520493,0.22264141708710325,0.26919108080218485,4.039770610100747,2.063182548845216
LINKUSDT,2025-11-19,2025,отмена (H4 ниже FVG),2.5353177257525097,-1.0394427881698018,1.0,-1.0394427881698018,2.0,-1.0394427881698018,-1.0394427881698018,1.597645451693943,,,,,,,,,,,,,,,,,,,,,,,1.568330856250018,
LINKUSDT,2025-12-24,2025,нет H4 FVG,,,,,,,,,,,,,,,,,,,,,,,,,,,,,,,,
LINKUSDT,2026-03-03,2026,отмена (H4 ниже FVG),1.2182422697550614,0.9179145212059454,1.0,-1.0820854787940546,2.0,-1.0820854787940546,-1.0820854787940546,5.50390276741694,,,,,,,,,,,,,,,,,,,,,,,2.228853186805215,
LINKUSDT,2026-06-14,2026,сделка,2.9000123472033605,0.965517388194417,0.9999999999999962,-1.0344826118055792,2.0,,-1.0344826118055792,2.2097142273238175,2026-06-16 17:45:00,8.25,2.085890909090911,2.883638211382118,4.677236363636363,-1.021380146784426,0.9999999999999977,-1.021380146784426,2.0,,-1.021380146784426,0.9536841232325753,-1.0479411457062167,1.0,-1.0479411457062167,2.0,-1.0479411457062167,3.0,,,-1.0479411457062167,2.138465650895482,,
LINKUSDT,2026-08-26,2026,нет H4 FVG,,,,,,,,,,,,,,,,,,,,,,,,,,,,,,,,
LTCUSDT,2020-05-03,2020,отмена (H4 ниже FVG),0.16442390369733387,-1.6081840763498518,1.0,-1.6081840763498518,2.0,-1.6081840763498518,-1.6081840763498518,16.603477578768473,,,,,,,,,,,,,,,,,,,,,,,41.704798012812255,
LTCUSDT,2020-07-02,2020,сделка,0.26850602409638213,0.6275688773220809,1.0,1.6275688773220809,2.0,-1.3724311226779191,-1.3724311226779191,3.5896975679799303,2020-07-04 17:15:00,41.66,0.9153144503120386,0.16895969104513706,0.6515362457993163,0.8465165972810642,1.0,1.8465165972810642,2.0,1.2465092288988269,0.7307224698817578,0.8842058726006936,0.8907479282492381,1.0,-1.109252071750762,2.0,-1.109252071750762,3.0,0.8872862687506734,0.9965383405014353,0.5201405643554088,0.6293926361061707,4.846091716772916,1.3999926316177627
LTCUSDT,2020-07-12,2020,нет H4 FVG,,,,,,,,,,,,,,,,,,,,,,,,,,,,,,,,
LTCUSDT,2020-10-26,2020,нет H4 FVG,,,,,,,,,,,,,,,,,,,,,,,,,,,,,,,,
LTCUSDT,2021-01-31,2021,нет теста,,,,,,,,,,,,,,,,,,,,,,,,,,,,,,,,
LTCUSDT,2021-11-12,2021,сделка,1.443752941176468,-1.0692639281610836,0.9999999999999922,-1.0692639281610836,2.0,-1.0692639281610836,-1.0692639281610836,2.5260962035218744,2021-11-14 09:15:00,252.16,1.522275539340103,1.363437611797912,0.3337444479695392,-1.2996304526064415,1.0,-1.2996304526064415,2.0,-1.2996304526064415,-1.2996304526064415,14.425419157051888,0.9343088702303202,1.0,1.9343088702303128,1.9999999999999927,2.934308870230313,2.9999999999999925,5.728133132911464,5.793824262681143,3.0969449560643683,3.162636085834048,5.269491005196156,26.426797533182317
LTCUSDT,2021-12-15,2021,нет H4 FVG,,,,,,,,,,,,,,,,,,,,,,,,,,,,,,,,
LTCUSDT,2022-04-04,2022,отмена (H4 ниже FVG),0.19636655948553325,0.49074832159817305,1.0,1.490748321598173,2.0,-1.509251678401827,-1.509251678401827,12.035369248403295,,,,,,,,,,,,,,,,,,,,,,,21.041427869657422,
LTCUSDT,2022-04-24,2022,нет H4 FVG,,,,,,,,,,,,,,,,,,,,,,,,,,,,,,,,
LTCUSDT,2022-08-30,2022,сделка,3.908406858664891,0.9744141273884265,1.0,-1.0255858726115734,1.999999999999997,,0.9881377301109994,1.013723602722573,2022-09-03 17:45:00,61.33,3.146029675525842,3.9633091034960177,5.882569704875262,-1.0169993735759941,1.000000000000002,-1.0169993735759941,2.0,,0.2934408417364709,0.310440215312465,-1.0317860955915126,1.0,-1.0317860955915126,2.0,-1.0317860955915126,3.0000000000000036,,,-1.0317860955915126,0.5804732930457254,,
LTCUSDT,2022-12-22,2022,сделка,1.0547481796116505,-1.0948093601231141,1.0,-1.0948093601231141,2.0,-1.0948093601231141,-1.0948093601231141,1.1362165427375515,2022-12-23 12:15:00,66.04,0.8412325863113428,0.9649257160361394,1.2345396729255065,-1.0810018521017057,1.0,-1.0810018521017057,2.0,-1.0810018521017057,-1.0810018521017057,0.821793472261384,-1.118873188731885,1.0,-1.118873188731885,2.0,-1.118873188731885,3.0,-1.118873188731885,1.3680136801367582,-1.118873188731885,1.206012060120555,1.2656589336823418,0.9321836401770985
LTCUSDT,2023-04-09,2023,сделка,0.16305491268672537,-1.6132903225806405,1.0,-1.6132903225806405,2.0,,-1.6132903225806405,12.516129032257957,2023-04-11 15:00:00,95.34,1.0325676526117007,0.06315789473684451,0.45626179987413706,-1.2191724137931024,1.0,-1.2191724137931024,2.0,,-1.2191724137931024,3.8160919540229608,-1.0968459545939362,1.0,-1.0968459545939362,2.0,-1.0968459545939362,3.0,,,-1.0968459545939362,1.6862207323886478,,
LTCUSDT,2023-06-20,2023,нет теста,,,,,,,,,,,,,,,,,,,,,,,,,,,,,,,,
LTCUSDT,2023-07-12,2023,сделка,3.354887218045119,0.9701927386822053,1.0,-1.0298072613177947,2.0,,0.48715075451964773,0.5169580158374424,2023-07-13 15:30:00,102.14,3.1026728020364254,3.3678756476683938,5.616310945760727,-1.0178052819663557,1.0,-1.0178052819663557,2.0,,,,-1.0322302757591344,1.0,-1.0322302757591344,2.0,-1.0322302757591344,3.0,,,,,,
LTCUSDT,2023-08-07,2023,сделка,0.9097747049707962,-1.1099173228862305,1.0,-1.1099173228862305,2.0,,-1.1099173228862305,2.0177932679079214,2023-08-09 04:30:00,84.04,0.7537958115183352,0.8172094700156315,1.0866373155640248,-1.0920270255472448,1.0,-1.0920270255472448,2.0,,-1.0920270255472448,1.5221033497223975,-1.1326619204723023,1.0,-1.1326619204723023,2.0,-1.1326619204723023,3.0,,,-1.1326619204723023,2.194194067783202,,
LTCUSDT,2024-03-10,2024,сделка,2.7904244707968617,0.9641631583128129,1.0,1.964163158312813,2.0,0.29778775121136974,-1.035836841687187,6.207800460719654,2024-03-14 20:00:00,92.95,3.700484131253376,2.7676537585421492,5.635072619688012,-1.0177460002291039,1.0,-1.0177460002291039,2.0,,-1.0177460002291039,2.464775287334373,-1.0270234911036167,1.0,-1.0270234911036167,2.0,-1.0270234911036167,3.0,,,-1.0270234911036167,3.753343412024639,0.33362459289855684,
LTCUSDT,2024-09-11,2024,сделка,0.3751174469463707,-1.2665831749870504,1.0,-1.2665831749870504,2.0,-0.18021247192951215,-1.2665831749870504,3.2820867161859675,2024-09-12 11:45:00,61.77,0.5851869839728091,0.27615334632877614,0.4396308887809631,0.7725364560318169,1.0,1.7725364560318169,2.0,,2.4238842244807652,2.6513477684489484,0.8291144493318967,1.0,1.8291144493318967,2.0,2.8291144493318967,3.0,,,1.8209809942733595,1.9918665449414628,0.08637070305753838,
LTCUSDT,2024-09-20,2024,сделка,0.6573431845596973,0.84787246243835,1.0,-1.15212753756165,2.0,,-1.15212753756165,6.835646289712271,2024-09-24 08:30:00,66.92,1.2942618051404589,0.561031084154648,1.5480424387328149,-1.0645977122447996,1.0,-1.0645977122447996,2.0,,-1.0645977122447996,2.29740817607027,-1.0772641204452043,1.0,-1.0772641204452043,2.0,-1.0772641204452043,3.0,,,-1.0772641204452043,2.747887128804333,,
LTCUSDT,2025-06-22,2025,нет теста,,,,,,,,,,,,,,,,,,,,,,,,,,,,,,,,
LTCUSDT,2025-07-19,2025,сделка,6.9359383599339575,-1.014417659847968,1.0,-1.014417659847968,2.0,0.4246451790371309,-1.014417659847968,1.7655087045530298,2025-07-23 22:00:00,112.03,2.980273141122919,7.345411579361947,9.436365259305548,-1.0105973006822078,1.0,-1.0105973006822078,2.0,0.018726659073968477,-1.0105973006822078,0.978095947996322,-1.0335539714867616,1.0,-1.0335539714867616,2.0,-1.0335539714867616,3.0,0.05929375823649273,0.09284772972325438,-1.0335539714867616,3.09692104947885,0.4390628388850988,0.029323959756176205
LTCUSDT,2025-12-07,2025,сделка,0.3403464453265888,0.706181741066688,1.0,1.706181741066688,2.0,,-1.293818258933312,3.640476442936506,2025-12-09 05:30:00,83.22,1.0003244412400873,0.24116724948750587,0.44812545061282943,-1.2231517979245454,1.0,-1.2231517979245454,2.0,,-1.2231517979245454,2.520580269755735,0.9000324336012109,1.0,1.9000324336012109,2.0,2.900032433601211,3.0,,,1.0292022535346583,1.1291698199334474,,
LTCUSDT,2026-06-25,2026,сделка,0.24408653846153838,0.5903092377388219,1.0,1.590309237738822,2.0,-1.409690762261178,-1.409690762261178,17.825487492613707,2026-07-01 01:30:00,42.11,2.021610068867257,0.1444390948483444,1.45224412253621,0.9311410537331979,1.0,-1.0688589462668021,2.0,0.38900153710305446,-1.0688589462668021,2.1257808156457494,-1.0494655233172794,1.0,-1.0494655233172794,2.0,-1.0494655233172794,3.0,0.279443204510749,0.3289087278280283,-1.0494655233172794,1.5270762363444077,7.7801851487098626,0.4578604833698565
LTCUSDT,2026-09-23,2026,сделка,6.513110307414103,0.9846463524675488,0.9999999999999983,-1.0153536475324496,2.0,,0.7111450452326419,0.7264986927650914,2026-09-24 13:15:00,69.68,6.164537887485651,6.859903381642509,10.967422502870273,-1.0091179126156422,0.9999999999999991,-1.0091179126156422,2.0,,,,0.9837781838922581,1.0,-1.0162218161077419,2.0,-1.0162218161077419,3.0,,,,,,
SOLUSDT,2021-01-15,2021,сделка,2.7531063197026,-1.0363226074068954,1.0,-1.0363226074068954,2.0,-1.0363226074068954,-1.0363226074068954,2.223105607238382,2021-01-16 17:30:00,3.501,10.868997429305903,2.728217035317112,6.600205655526992,0.9848489569539003,1.0,1.9848489569539003,2.0,0.27220378650574906,0.27609865618340823,0.2912496992295079,0.9907995193990596,1.0,-1.0092004806009405,2.0000000000000013,-1.0092004806009405,3.0,0.16529592382706434,0.17449640442800474,0.1676610859352744,0.1768615665362148,2.213383571055127,0.2873548295518487
SOLUSDT,2021-08-08,2021,сделка,2.4296154740077016,0.9588412236134437,1.0,1.9588412236134436,2.0,1.9082045449714067,1.3788790629450856,1.420037839331642,2021-08-09 22:30:00,38.637,1.7728860936408082,2.387625594923317,2.2124388539482975,0.9548010107391032,1.0,1.9548010107391032,2.0,2.200887906225865,1.618309117708981,1.6635081069698778,0.9435947970043358,1.0,1.9435947970043357,2.0,2.943594797004336,3.0,2.7465554241667824,2.8029606271624465,2.019537511496517,2.075942714492181,1.949363321357963,2.2460868954867617
SOLUSDT,2021-09-05,2021,сделка,3.0462329219629414,0.9671725693465483,1.0,1.9671725693465483,2.0,,-1.0328274306534517,9.576872194148672,2021-09-07 15:30:00,172.222,24.591515601955617,3.0388019060585423,14.78841263020984,-1.0067620509719697,1.0,-1.0067620509719697,2.0,,-1.0067620509719697,0.9148412377448571,0.9959335568568191,1.0,-1.004066443143181,2.000000000000001,-1.004066443143181,3.0,,,0.546084671326029,0.55015111446921,,
SOLUSDT,2021-10-19,2021,нет теста,,,,,,,,,,,,,,,,,,,,,,,,,,,,,,,,
SOLUSDT,2021-11-05,2021,нет H4 FVG,,,,,,,,,,,,,,,,,,,,,,,,,,,,,,,,
SOLUSDT,2022-04-04,2022,нет H4 FVG,,,,,,,,,,,,,,,,,,,,,,,,,,,,,,,,
SOLUSDT,2022-12-26,2022,сделка,0.31300639658849144,0.6805177111716676,1.0,-1.3194822888283324,2.0,-1.3194822888283324,-1.3194822888283324,5.080608537692928,2022-12-27 06:30:00,11.233,0.5268850707736079,0.2136752136752218,0.10889343897445836,0.08167102681497995,1.0,1.08167102681498,2.0,-1.91832897318502,-1.91832897318502,16.514061478089026,-1.1897947114978478,1.0,-1.1897947114978478,2.0,-1.1897947114978478,3.0,-1.1897947114978478,5.271605981245293,-1.1897947114978478,3.413026949395997,8.202770208900851,25.506867233483995
SOLUSDT,2023-05-31,2023,сделка,1.090240182996585,0.9082770920026589,1.0,1.908277092002659,2.0,1.6829387698009977,1.2458299821659315,1.3375528901632725,2023-06-02 18:45:00,21.262,1.5800348038754626,1.0011551790527626,2.3834822688364317,0.9580445798538212,1.0,1.9580445798538213,2.0,0.21062165532700772,0.013295815113578122,0.05525123525975693,0.9367102548913967,1.0,1.9367102548913968,2.0,2.9367102548913966,3.0,0.3177227360268132,0.3810124811354165,0.020056735139765122,0.0833464802483684,1.7746616777983386,0.25257707547318653
SOLUSDT,2024-01-05,2024,нет H4 FVG,,,,,,,,,,,,,,,,,,,,,,,,,,,,,,,,
SOLUSDT,2024-03-10,2024,сделка,1.9671947082767927,0.9491661910337299,1.0,1.94916619103373,2.0,0.6071777752104108,1.0568879983584187,1.1077218073246888,2024-03-11 14:15:00,149.559,2.208093795759532,1.9046631407929726,3.3823741800894527,0.9704349682573099,1.0,-1.02956503174269,2.0,,0.1785934771070119,0.20815850884970197,-1.045287931242795,1.0,-1.045287931242795,2.0,-1.045287931242795,3.0,,,-1.045287931242795,0.3188587219670034,0.6580115841766809,
SOLUSDT,2024-08-16,2024,сделка,1.4615121588468902,-1.0684222839985802,1.0,-1.0684222839985802,2.0,-1.0684222839985802,-1.0684222839985802,1.6919282941957778,2024-08-19 12:30:00,142.785,1.8722218720453765,1.3817059594436627,0.7010022061141024,0.857347096588562,1.0,-1.142652903411438,2.0,-1.142652903411438,-1.142652903411438,4.655688832141336,0.9465875271018218,1.0,1.9465875271018218,2.0,-1.0534124728981782,3.0,1.770209093643254,1.8236215665414321,1.689782706606041,1.743195179504219,1.794166794266632,4.870489926328117
SOLUSDT,2025-06-19,2025,нет H4 FVG,,,,,,,,,,,,,,,,,,,,,,,,,,,,,,,,
SOLUSDT,2025-09-30,2025,нет теста,,,,,,,,,,,,,,,,,,,,,,,,,,,,,,,,
SOLUSDT,2025-10-04,2025,отмена (H4 ниже FVG),1.2254387105160565,-1.0816034283410942,1.0,-1.0816034283410942,2.0,-1.0816034283410942,-1.0816034283410942,2.280610567182545,,,,,,,,,,,,,,,,,,,,,,,2.153320675060724,
SOLUSDT,2026-05-31,2026,нет H4 FVG,,,,,,,,,,,,,,,,,,,,,,,,,,,,,,,,
SOLUSDT,2026-06-24,2026,сделка,1.6409811006114403,0.9390608460007618,1.0,-1.0609391539992383,2.0,-0.01859677351059725,-1.0609391539992383,1.6513528390566248,2026-06-27 02:15:00,72.11,1.208306753570925,1.566690190543401,1.8455831368742175,-1.0541834166134427,1.0,-1.0541834166134427,2.0,,-1.0541834166134427,1.3525190667618436,0.9172395588252167,1.0,-1.0827604411747833,2.0,-1.0827604411747833,3.0,,,-1.0827604411747833,2.0658548622189685,0.042342380488640974,
SOLUSDT,2026-06-25,2026,сделка,1.6409811006114403,0.9390608460007618,1.0,-1.0609391539992383,2.0,,-1.0609391539992383,1.6513528390566248,2026-06-27 02:15:00,72.11,1.208306753570925,1.566690190543401,1.8455831368742175,-1.0541834166134427,1.0,-1.0541834166134427,2.0,,-1.0541834166134427,1.3525190667618436,0.9172395588252167,1.0,-1.0827604411747833,2.0,-1.0827604411747833,3.0,,,-1.0827604411747833,2.0658548622189685,,
SOLUSDT,2026-08-26,2026,сделка,3.3514481934905906,0.9701621525302923,1.0,-1.0298378474697079,2.0,0.7987437633642221,-1.0298378474697079,3.0084343074364472,2026-08-31 10:45:00,103.62,3.3393746381007574,3.3641975308641934,6.289519397799655,-1.0158994660283558,1.0,-1.0158994660283558,2.0,,-1.0158994660283558,1.0710120910820577,-1.029945726621699,1.0,-1.029945726621699,2.0,-1.029945726621699,3.0,,,-1.029945726621699,2.0171894597515734,0.8285816108339299,
SOLUSDT,2026-10-05,2026,нет H4 FVG,,,,,,,,,,,,,,,,,,,,,,,,,,,,,,,,
XRPUSDT,2020-07-12,2020,отмена (H4 ниже FVG),0.3481371087928472,0.7127568493150691,1.0,-1.287243150684931,2.0,-1.287243150684931,-1.287243150684931,7.848173515981726,,,,,,,,,,,,,,,,,,,,,,,5.136986301369841,
XRPUSDT,2020-11-09,2020,сделка,0.2971191791633783,-1.3365652809137996,1.0,-1.3365652809137996,2.0,-1.3365652809137996,-1.3365652809137996,15.407092575375199,2020-11-10 16:00:00,0.2543,1.35709791584744,0.19770660340055374,0.6499803381832531,-1.1538508076713643,1.0,-1.1538508076713643,2.0,-1.1538508076713643,-1.1538508076713643,6.47347086938103,0.9263133493668694,1.0,1.9263133493668694,2.0,2.926313349366869,3.0,0.7376488655790732,0.8113355162122038,3.0267740720349643,3.100460722668095,4.91433125249034,1.6939923770342717
XRPUSDT,2022-10-24,2022,нет H4 FVG,,,,,,,,,,,,,,,,,,,,,,,,,,,,,,,,
XRPUSDT,2022-11-16,2022,нет H4 FVG,,,,,,,,,,,,,,,,,,,,,,,,,,,,,,,,
XRPUSDT,2023-06-30,2023,отмена (H4 ниже FVG),0.3519016600126021,-1.2841702991580628,1.0,-1.2841702991580628,2.0,-1.2841702991580628,-1.2841702991580628,11.882725264226634,,,,,,,,,,,,,,,,,,,,,,,0.5971218725742024,
XRPUSDT,2023-07-12,2023,нет теста,,,,,,,,,,,,,,,,,,,,,,,,,,,,,,,,
XRPUSDT,2023-08-24,2023,сделка,0.13804989525805147,-1.724375775969071,1.0,-1.724375775969071,2.0,-1.724375775969071,-1.724375775969071,8.966754035038898,2023-08-27 19:30:00,0.5258,0.6129897299353431,0.03810249571346503,0.270996576645124,-1.3690083514632445,1.0,-1.3690083514632445,2.0,-1.3690083514632445,-1.3690083514632445,4.0704610849881835,-1.1631348701560593,1.0,-1.1631348701560593,2.0,-1.1631348701560593,3.0,-1.1631348701560593,3.3197852998665316,-1.1631348701560593,1.799509788712685,15.726307076837523,7.509298898167916
XRPUSDT,2023-09-06,2023,отмена (H4 ниже FVG),0.1599160335865583,0.37467183397921966,1.0,-1.6253281660207803,2.0,-1.6253281660207803,-1.6253281660207803,9.00112514064296,,,,,,,,,,,,,,,,,,,,,,,10.501312664083569,
XRPUSDT,2024-08-23,2024,сделка,0.28160634605850915,0.6448943661971912,1.0,1.644894366197191,2.0,0.05569248826292944,5.865551643192386,6.220657276995195,2024-08-24 02:30:00,0.6077,0.7082441994405274,0.18211920529801157,0.7082441994405274,0.8588057620817872,1.0,1.8588057620817873,2.0,,1.7175418215613059,1.8587360594795186,0.8588057620817872,1.0,1.8588057620817873,2.0,2.8588057620817873,3.0,,,1.7175418215613059,1.8587360594795186,0.41079812206573824,
XRPUSDT,2024-12-10,2024,нет теста,,,,,,,,,,,,,,,,,,,,,,,,,,,,,,,,
XRPUSDT,2025-05-28,2025,нет H4 FVG,,,,,,,,,,,,,,,,,,,,,,,,,,,,,,,,
XRPUSDT,2025-08-20,2025,сделка,0.5981445047489811,-1.1671836808765237,1.0,-1.1671836808765237,2.0,-1.1671836808765237,-1.1671836808765237,2.268435290047814,2025-08-21 01:45:00,2.9493,0.8756789746719608,0.5011420584324799,0.6419591089411061,-1.1557731615724673,1.0,-1.1557731615724673,2.0,-1.1557731615724673,-1.1557731615724673,2.044017683129717,-1.1141971006412037,1.0,-1.1141971006412037,2.0,-1.1141971006412037,3.0,-1.1141971006412037,5.04522504104325,-1.1141971006412037,1.4984666852522903,7.46315210425731,6.88205436981402
XRPUSDT,2026-02-17,2026,сделка,0.5826086956521798,0.8283582089552256,1.0,1.8283582089552257,2.0,-1.1716417910447743,-1.1716417910447743,2.8612804521990656,2026-02-18 02:45:00,1.4748,0.9399511798210112,0.48543689320389083,0.9264035801464735,0.8920556848623264,1.0,-1.1079443151376736,2.0,-1.1079443151376736,-1.1079443151376736,1.4199347122802095,0.8936114958448774,1.0,-1.1063885041551225,2.0,-1.1063885041551225,3.0,-1.1063885041551225,2.9287857802400135,-1.1063885041551225,1.3994690674053178,5.337163945530517,2.97161594425654
XRPUSDT,2026-05-13,2026,сделка,1.8332377049180208,-1.0545482998368025,1.0,-1.0545482998368025,2.0,-1.0545482998368025,-1.0545482998368025,3.1596282965579627,2026-05-15 07:00:00,1.4688,1.2358455882353094,1.765605449742796,2.154044117647056,-1.0464243044888206,1.0,-1.0464243044888206,2.0,-1.0464243044888206,-1.0464243044888206,2.528556889369313,-1.080916257623084,1.0,-1.080916257623084,2.0,-1.080916257623084,3.0,-1.080916257623084,0.8373686791059817,-1.080916257623084,4.407203574242035,0.7451953529617845,0.4804258089801666
