sym,ib_week,day,yr,strict,risk_pct,n_1R,rr_1R,n_PDH,rr_PDH,n_mid,rr_mid,n_mH,rr_mH
ADAUSDT,2021-09-13,2021-11-04,2021,True,4.112287503727999,0.9756826340791239,1.0,1.6026422985338025,1.6269596644546787,-1.0243173659208762,4.481995866120324,-1.0243173659208762,11.121586829604396
ADAUSDT,2021-09-27,2021-11-04,2021,True,4.112287503727999,0.9756826340791239,1.0,1.6026422985338025,1.6269596644546787,2.046248685498788,2.070566051419664,-1.0243173659208762,5.404262005777767
ADAUSDT,2024-03-25,2024-04-17,2024,False,5.207134918870866,-1.0192044188518328,1.0,-1.0192044188518328,1.182401427418906,-1.0192044188518328,7.873427555502423,-1.0192044188518328,10.658687235613746
BNBUSDT,2021-11-08,2021-12-15,2021,True,4.006725297465078,0.9750419625564907,1.0000000000000027,0.5962312603113127,0.6211892977548247,-1.0249580374435119,3.274035817612322,-1.0249580374435119,7.069794132415184
BNBUSDT,2021-11-22,2021-12-15,2021,True,4.006725297465078,0.9750419625564907,1.0000000000000027,0.5962312603113127,0.6211892977548247,-1.0249580374435119,3.1518542428807117,-1.0249580374435119,6.569112689190162
BNBUSDT,2022-11-14,2022-12-01,2022,True,0.9974790777113569,-1.1002527293398903,1.0,-1.1002527293398903,4.287495034450637,-1.1002527293398903,12.740914756927824,-1.1002527293398903,36.697122036080756
BNBUSDT,2023-02-06,2023-02-27,2023,True,1.4101962331130995,-1.0709121168046545,1.0,-1.0709121168046545,1.2982956664429066,-1.0709121168046545,3.566234056835985,-1.0709121168046545,7.913310211083791
DOGEUSDT,2021-12-06,2022-02-06,2022,True,1.6939315423428418,0.940965737103111,1.0,1.5591147678237816,1.6181490307206705,-1.059034262896889,12.073726412056356,-1.059034262896889,32.58436916339264
DOGEUSDT,2025-09-15,2025-10-09,2025,True,4.164564672160532,-1.024012113599408,0.9999999999999973,-1.024012113599408,0.9444630851632267,-1.024012113599408,1.4726167841031894,-1.024012113599408,5.3149946897849585
DOGEUSDT,2025-10-20,2025-11-16,2025,False,3.289035392088832,0.9695959489397616,1.0,1.1684182259348355,1.1988222769950738,-1.0304040510602384,7.345423855604242,-1.0304040510602384,11.45498662114337
ETHUSDT,2021-05-31,2021-07-01,2021,True,6.594382439268672,0.9848355777177081,1.0,0.9226315834253465,0.9377960057076383,-1.0151644222822918,2.3862924979905626,-1.0151644222822918,5.318443164407939
ETHUSDT,2025-10-13,2025-11-12,2025,True,3.288050581857982,-1.0304131574349118,1.0,-1.0304131574349118,1.4542198147824548,-1.0304131574349118,5.206272933775988,-1.0304131574349118,11.121002970470029
LINKUSDT,2025-10-20,2025-11-19,2025,False,4.715940186915894,-1.0212046794565894,1.0,0.9538142263978036,0.975018905854393,-1.0212046794565894,7.230993869271357,-1.0212046794565894,10.802892397547692
LTCUSDT,2020-09-07,2020-10-06,2020,True,4.85714285714286,0.9794117647058823,1.0,,,-1.0205882352941176,3.281045751633985,-1.0205882352941176,7.51633986928104
LTCUSDT,2020-09-14,2020-10-06,2020,True,4.85714285714286,0.9794117647058823,1.0,,,0.42603485838779864,0.44662309368191627,1.7746187363834398,1.7952069716775574
LTCUSDT,2021-05-24,2021-06-30,2021,True,2.403397500359149,0.9583922343328323,1.0,-1.0416077656671676,2.9677137844776276,-1.0416077656671676,23.581818344834545,-1.0416077656671676,53.50551851309459
SOLUSDT,2022-11-14,2023-01-11,2023,True,2.6625191424196033,0.962441584585516,0.9999999999999958,2.469211781340616,2.5067701967550957,13.369827689505588,13.407386104920068,-1.03755841541448,41.79068708510074
SOLUSDT,2023-05-01,2023-05-17,2023,False,3.00804794520549,-1.0332441509648773,1.0,0.12013687279810867,0.15338102376298587,-1.0332441509648773,1.7733692592803325,-1.0332441509648773,4.70579305895522
SOLUSDT,2026-07-20,2026-08-14,2026,True,0.8178443113772631,-1.1222726607116682,1.0,-1.1222726607116682,2.3592196677567197,-1.1222726607116682,1.6514537674296945,-1.1222726607116682,6.280405460373109
XRPUSDT,2021-12-06,2022-02-02,2022,True,1.863517489375612,-1.053661959477239,1.0,-1.053661959477239,1.6226646785369678,-1.053661959477239,16.792386632751523,-1.053661959477239,36.6897640557846
XRPUSDT,2022-09-26,2022-11-16,2022,False,5.858450704225357,-1.0170693592979925,1.0,-1.0170693592979925,0.6411026966382158,-1.0170693592979925,2.9294831554718526,-1.0170693592979925,7.808987013218283
XRPUSDT,2022-10-10,2022-10-24,2022,True,4.392830922047075,0.9772356364780369,1.0,0.43439085296315094,0.45715521648511404,1.4593033544378438,1.482067717959807,-1.0227643635219632,4.252035078060479
XRPUSDT,2022-11-14,2023-01-18,2023,True,7.386763580719212,0.986462271479621,1.0,0.2143352840644255,0.22787301258480458,0.10039877777202225,0.11393650629240133,-1.013537728520379,3.0279489702556632
XRPUSDT,2023-06-19,2023-07-12,2023,True,1.9390393567499065,0.9484280710177985,1.0,0.5486092165999163,0.6001811455821179,4.013291284278491,4.0648632132606926,10.140595161448655,10.192167090430857
XRPUSDT,2023-07-17,2023-08-24,2023,False,1.906927073311533,-1.0524403903009998,1.0,-1.0524403903009998,1.6952059978002543,-1.0524403903009998,19.54532153416135,-1.0524403903009998,44.9330494535986
XRPUSDT,2024-03-25,2024-04-17,2024,False,5.6833533653846136,-1.0175952458999058,1.0,0.07052197114690052,0.08811721704680642,-1.0175952458999058,4.204953597473508,-1.0175952458999058,5.988446070500827
