side,conf,fired,n,H_first,reach_H,reach_E1
low,Восходящий D1 FVG выше лоя инсайда,54,13,54,62,31
low,Восходящий D1 FVG выше лоя инсайда +неделя,46,11,64,64,27
low,Восходящий H1 FVG выше лоя инсайда,79,19,26,53,26
low,Восходящий H1 FVG выше лоя инсайда +неделя,62,15,33,53,27
low,Восходящий H4 FVG выше лоя инсайда,67,16,31,50,25
low,Восходящий H4 FVG выше лоя инсайда +неделя,54,13,38,54,23
low,Импульсная свеча D1 выше лоя инсайда,50,12,58,58,25
low,Импульсная свеча D1 выше лоя инсайда +неделя,46,11,64,64,27
low,Импульсная свеча H1 выше лоя инсайда,79,19,21,53,26
low,Импульсная свеча H1 выше лоя инсайда +неделя,62,15,27,53,27
low,Импульсная свеча H4 выше лоя инсайда,67,16,38,56,25
low,Импульсная свеча H4 выше лоя инсайда +неделя,58,14,43,50,21
low,Ордерблок D1: вход на ретесте OB,38,9,44,44,33
low,Ордерблок D1: вход на ретесте OB +неделя,33,8,50,50,38
low,Ордерблок D1: закрытие выше OB,50,12,58,58,25
low,Ордерблок D1: закрытие выше OB +неделя,46,11,64,64,27
low,Ордерблок H1: вход на ретесте OB,92,22,18,41,36
low,Ордерблок H1: вход на ретесте OB +неделя,50,12,33,58,25
low,Ордерблок H1: закрытие выше OB,96,23,22,43,35
low,Ордерблок H1: закрытие выше OB +неделя,62,15,33,53,27
low,Ордерблок H4: вход на ретесте OB,75,18,22,39,33
low,Ордерблок H4: вход на ретесте OB +неделя,42,10,40,60,30
low,Ордерблок H4: закрытие выше OB,75,18,22,39,33
low,Ордерблок H4: закрытие выше OB +неделя,54,13,31,46,31
low,Первый восходящий D1 FVG,54,13,54,62,31
low,Первый восходящий D1 FVG +неделя,46,11,64,64,27
low,Первый восходящий H1 FVG,96,23,17,43,35
low,Первый восходящий H1 FVG +неделя,62,15,27,53,27
low,Первый восходящий H4 FVG,83,20,25,45,30
low,Первый восходящий H4 FVG +неделя,54,13,31,54,23
low,Поглощение D1 с закрытием выше лоя инсайда,54,13,54,54,23
low,Поглощение D1 с закрытием выше лоя инсайда +неделя,50,12,58,58,25
low,Поглощение D1 у лоя,46,11,27,27,36
low,Поглощение D1 у лоя +неделя,33,8,38,38,38
low,Поглощение H1 с закрытием выше лоя инсайда,79,19,21,53,32
low,Поглощение H1 с закрытием выше лоя инсайда +неделя,58,14,29,57,29
low,Поглощение H1 у лоя,71,17,18,47,35
low,Поглощение H1 у лоя +неделя,38,9,33,67,33
low,Поглощение H4 с закрытием выше лоя инсайда,71,17,41,59,24
low,Поглощение H4 с закрытием выше лоя инсайда +неделя,58,14,50,57,29
low,Поглощение H4 у лоя,46,11,9,27,55
low,Поглощение H4 у лоя +неделя,25,6,17,33,50
both,Восходящий D1 FVG выше лоя инсайда,34,19,53,63,26
both,Восходящий D1 FVG выше лоя инсайда +неделя,30,17,59,65,24
both,Восходящий H1 FVG выше лоя инсайда,62,35,23,46,29
both,Восходящий H1 FVG выше лоя инсайда +неделя,45,25,32,52,28
both,Восходящий H4 FVG выше лоя инсайда,48,27,26,41,30
both,Восходящий H4 FVG выше лоя инсайда +неделя,36,20,35,50,25
both,Импульсная свеча D1 выше лоя инсайда,39,22,41,50,32
both,Импульсная свеча D1 выше лоя инсайда +неделя,30,17,53,65,24
both,Импульсная свеча H1 выше лоя инсайда,66,37,14,43,30
both,Импульсная свеча H1 выше лоя инсайда +неделя,45,25,20,52,28
both,Импульсная свеча H4 выше лоя инсайда,50,28,32,50,25
both,Импульсная свеча H4 выше лоя инсайда +неделя,38,21,43,57,19
both,Ордерблок D1: вход на ретесте OB,32,18,33,39,44
both,Ордерблок D1: вход на ретесте OB +неделя,25,14,43,50,36
both,Ордерблок D1: закрытие выше OB,39,22,45,50,32
both,Ордерблок D1: закрытие выше OB +неделя,32,18,56,61,22
both,Ордерблок H1: вход на ретесте OB,89,50,12,28,50
both,Ордерблок H1: вход на ретесте OB +неделя,36,20,30,55,30
both,Ордерблок H1: закрытие выше OB,91,51,16,31,47
both,Ордерблок H1: закрытие выше OB +неделя,43,24,33,54,29
both,Ордерблок H4: вход на ретесте OB,73,41,15,27,49
both,Ордерблок H4: вход на ретесте OB +неделя,27,15,40,67,27
both,Ордерблок H4: закрытие выше OB,73,41,15,27,49
both,Ордерблок H4: закрытие выше OB +неделя,34,19,32,53,32
both,Первый восходящий D1 FVG,36,20,50,60,30
both,Первый восходящий D1 FVG +неделя,30,17,59,65,24
both,Первый восходящий H1 FVG,96,54,11,30,48
both,Первый восходящий H1 FVG +неделя,45,25,24,52,28
both,Первый восходящий H4 FVG,70,39,21,36,38
both,Первый восходящий H4 FVG +неделя,38,21,33,57,24
both,Поглощение D1 с закрытием выше лоя инсайда,38,21,38,48,29
both,Поглощение D1 с закрытием выше лоя инсайда +неделя,32,18,44,56,22
both,Поглощение D1 у лоя,32,18,22,28,44
both,Поглощение D1 у лоя +неделя,20,11,36,45,27
both,Поглощение H1 с закрытием выше лоя инсайда,62,35,14,46,31
both,Поглощение H1 с закрытием выше лоя инсайда +неделя,43,24,21,54,29
both,Поглощение H1 у лоя,61,34,12,35,44
both,Поглощение H1 у лоя +неделя,29,16,25,62,31
both,Поглощение H4 с закрытием выше лоя инсайда,57,32,31,50,28
both,Поглощение H4 с закрытием выше лоя инсайда +неделя,41,23,43,57,26
both,Поглощение H4 у лоя,54,30,10,23,53
both,Поглощение H4 у лоя +неделя,18,10,30,60,40
