sym,side,mother,t,mother_low,mother_high,zone_bot,zone_top,kind,depth,zone_first,zone_4w,h4_above,h4_before_nl,newlow,newlow_depth,E1,mid,H,H_before_E1,wk_close_above
ADAUSDT,low,2022-06-27,2022-07-13 12:30:00,0.433,0.5086,0.4423,0.443,выше лоя матери,0.42,True,True,True,True,False,0.0,False,True,True,True,True
ADAUSDT,low,2022-09-19,2022-10-11 00:00:00,0.4137,0.4824,0.4179,0.4203,выше лоя матери,0.46,False,True,True,False,True,0.76,True,False,False,False,False
ADAUSDT,low,2022-10-24,2022-11-09 21:15:00,0.3529,0.4399,0.3774,0.3826,выше лоя матери,0.47,False,True,False,False,True,0.2,False,False,False,False,False
ADAUSDT,low,2023-07-17,2023-08-07 16:15:00,0.2985,0.332,0.3037,0.3044,выше лоя матери,0.52,False,False,False,False,True,1.47,True,False,False,False,False
ADAUSDT,low,2025-09-08,2025-09-22 06:00:00,0.8296,0.9542,0.8893,0.8953,выше лоя матери,0.41,False,True,False,False,True,4.04,True,True,False,False,False
ADAUSDT,high,2020-11-23,2021-01-04 00:00:00,0.1843,0.117,0.1883,0.1775,пересекает лой матери,0.46,False,False,False,False,True,2.72,True,False,False,False,False
ADAUSDT,high,2021-01-11,2021-02-05 01:15:00,0.3985,0.2294,0.3893,0.3709,выше лоя матери,0.42,False,False,False,False,True,6.01,True,False,False,False,False
ADAUSDT,high,2021-01-18,2021-02-02 13:30:00,0.3981,0.2792,0.3893,0.3709,выше лоя матери,0.46,False,False,False,False,True,8.7,True,False,False,False,False
ADAUSDT,high,2021-10-25,2021-11-09 14:30:00,2.207,1.7831,2.2348,2.169,пересекает лой матери,0.4,True,True,True,True,False,0.0,False,True,True,True,True
ADAUSDT,high,2024-10-21,2024-11-07 20:00:00,0.373,0.312,0.385,0.373,пересекает лой матери,0.41,False,False,False,False,True,15.26,True,False,False,False,False
ADAUSDT,high,2025-04-21,2025-05-09 08:00:00,0.7457,0.6148,0.7526,0.7412,пересекает лой матери,0.4,False,True,True,False,True,0.5,False,True,False,False,False
ADAUSDT,high,2025-06-16,2025-07-11 08:45:00,0.6573,0.5093,0.6512,0.6314,выше лоя матери,0.4,False,False,False,False,True,1.47,True,False,False,False,False
ADAUSDT,high,2026-04-13,2026-05-10 15:45:00,0.2679,0.2357,0.2676,0.2646,выше лоя матери,0.45,False,True,True,False,True,0.19,False,True,True,True,False
BNBUSDT,low,2021-05-31,2021-06-22 10:15:00,307.06,432.18,321.93,328.21,выше лоя матери,0.43,False,True,True,False,True,0.23,False,False,False,False,False
BNBUSDT,low,2021-08-23,2021-09-07 14:45:00,447.23,519.82,491.73,494.85,выше лоя матери,0.76,False,False,False,False,True,1.0,True,False,False,False,False
BNBUSDT,low,2022-11-21,2022-12-17 02:00:00,249.12,318.0,251.72,260.5,выше лоя матери,0.44,True,True,True,True,False,0.0,False,True,False,False,True
BNBUSDT,low,2023-01-30,2023-02-13 16:00:00,300.88,338.18,294.59,304.39,пересекает лой матери,0.41,False,True,True,False,True,0.56,False,True,False,False,True
BNBUSDT,low,2023-04-24,2023-05-10 17:15:00,317.49,345.07,318.52,320.44,выше лоя матери,0.4,False,False,False,False,True,1.92,True,False,False,False,False
BNBUSDT,low,2023-05-08,2023-06-05 15:00:00,301.0,321.96,301.48,304.65,выше лоя матери,0.88,False,False,False,False,True,2.98,True,False,False,False,False
BNBUSDT,low,2023-07-10,2023-08-17 21:30:00,231.0,261.38,232.32,232.67,выше лоя матери,0.87,False,True,False,False,True,0.06,False,False,False,False,False
BNBUSDT,low,2025-10-13,2025-11-04 21:30:00,1021.0,1374.61,1031.6,1040.13,выше лоя матери,0.4,False,False,False,False,True,0.25,False,False,False,False,False
BNBUSDT,low,2025-11-03,2025-11-21 12:15:00,878.96,1087.29,884.27,889.08,выше лоя матери,0.42,True,True,True,True,False,0.0,False,False,False,False,False
BNBUSDT,high,2020-06-22,2020-07-08 13:45:00,16.666,14.701,16.382,16.314,выше лоя матери,0.41,False,False,False,False,True,3.09,True,False,False,False,False
BNBUSDT,high,2020-09-28,2020-10-13 02:30:00,29.549,25.57,28.835,28.58,выше лоя матери,0.44,False,True,True,False,True,0.29,False,True,False,False,False
BNBUSDT,high,2021-01-18,2021-02-01 21:45:00,47.4,36.81,47.2,45.948,выше лоя матери,0.41,False,False,False,False,True,28.16,True,False,False,False,False
BNBUSDT,high,2022-12-19,2023-01-04 17:30:00,253.68,236.46,253.59,246.19,выше лоя матери,0.42,False,False,False,False,True,3.67,True,False,False,False,False
BNBUSDT,high,2023-12-25,2024-02-21 12:15:00,337.73,261.11,337.52,334.33,выше лоя матери,0.41,False,False,False,False,True,3.62,True,False,False,False,False
BNBUSDT,high,2024-01-01,2024-02-15 14:00:00,334.3,285.38,330.04,327.93,выше лоя матери,0.41,False,False,False,False,True,5.73,True,False,False,False,False
BNBUSDT,high,2025-08-18,2025-09-13 09:45:00,901.76,818.54,902.0,898.32,пересекает лой матери,0.48,False,True,False,False,True,5.06,True,True,False,False,False
BNBUSDT,high,2026-07-13,2026-08-05 00:30:00,586.34,555.69,584.82,584.76,выше лоя матери,0.56,False,False,False,False,True,4.03,True,False,False,False,False
BNBUSDT,high,2026-08-17,2026-09-05 17:00:00,727.15,600.18,738.62,725.54,пересекает лой матери,0.43,True,True,True,True,True,0.21,False,False,False,False,False
BTCUSDT,low,2022-05-09,2022-06-13 11:15:00,26631.0,34243.3,26877.0,27404.0,выше лоя матери,0.4,False,False,False,False,True,0.78,True,False,False,False,False
BTCUSDT,low,2022-08-22,2022-09-07 02:15:00,19508.0,21925.6,19066.6,19650.4,пересекает лой матери,0.42,True,True,True,True,True,0.17,False,True,True,True,True
BTCUSDT,low,2025-02-03,2025-02-25 15:00:00,91130.3,102456.0,92500.0,93612.9,выше лоя матери,0.41,False,True,True,False,True,0.87,True,False,False,False,True
BTCUSDT,low,2026-02-09,2026-02-24 13:30:00,65081.0,71434.9,64989.0,65500.0,пересекает лой матери,0.42,True,True,True,True,False,0.0,False,True,True,True,True
BTCUSDT,high,2020-08-31,2020-10-21 21:15:00,12061.07,9808.58,12116.0,11954.83,пересекает лой матери,0.41,False,False,False,False,True,2.45,True,False,False,False,False
BTCUSDT,high,2021-01-04,2021-02-09 06:45:00,42125.51,27800.0,42649.0,39570.0,пересекает лой матери,0.43,False,False,False,False,True,0.71,True,False,False,False,False
BTCUSDT,high,2022-10-10,2022-10-26 08:30:00,19947.9,17917.8,19970.6,19799.9,пересекает лой матери,0.42,False,True,True,False,True,0.33,False,True,True,True,False
BTCUSDT,high,2022-12-19,2023-01-09 18:15:00,17049.6,16210.0,17098.2,17015.1,пересекает лой матери,0.4,False,False,False,False,True,8.21,True,False,False,False,False
BTCUSDT,high,2023-03-27,2023-04-11 01:45:00,29184.8,26480.0,29058.0,28590.0,выше лоя матери,0.45,False,True,True,False,True,0.25,False,True,False,False,False
BTCUSDT,high,2024-11-18,2024-12-05 03:00:00,99660.0,89422.1,97189.3,96634.6,выше лоя матери,0.49,True,True,True,True,True,0.36,False,True,False,False,False
BTCUSDT,high,2025-07-28,2025-08-13 21:00:00,119812.0,111850.0,120066.1,119798.6,пересекает лой матери,0.41,False,True,True,False,True,0.19,False,True,True,True,True
BTCUSDT,high,2026-03-23,2026-04-13 23:00:00,71999.9,64918.2,71629.5,70960.3,выше лоя матери,0.41,False,False,False,False,True,1.12,True,False,False,False,False
BTCUSDT,high,2026-07-27,2026-08-19 15:15:00,65722.5,62228.8,63944.3,63753.0,выше лоя матери,1.35,False,False,False,False,True,3.39,True,False,False,False,False
BTCUSDT,high,2026-08-03,2026-08-19 15:00:00,65482.7,62268.2,63944.3,63753.0,выше лоя матери,0.41,False,False,False,False,True,4.82,True,False,False,False,False
DOGEUSDT,low,2021-08-23,2021-09-07 14:45:00,0.2641,0.3286,0.2996,0.304,выше лоя матери,0.5,False,False,False,False,True,0.59,True,False,False,False,False
DOGEUSDT,low,2022-05-23,2022-06-11 15:00:00,0.0749,0.0902,0.0769,0.0782,выше лоя матери,0.41,False,True,False,False,True,1.28,True,False,False,False,False
DOGEUSDT,low,2023-04-24,2023-05-08 18:00:00,0.0745,0.0836,0.0753,0.0761,выше лоя матери,0.58,False,True,False,False,True,0.72,True,False,False,False,False
DOGEUSDT,low,2023-07-24,2023-08-17 16:00:00,0.0701,0.0839,0.0701,0.0704,пересекает лой матери,0.44,False,False,False,False,True,0.66,True,False,False,False,False
DOGEUSDT,low,2024-04-15,2024-05-01 07:00:00,0.1387,0.1689,0.136,0.1413,пересекает лой матери,0.44,False,True,True,False,True,0.18,False,True,True,True,True
DOGEUSDT,low,2024-06-17,2024-07-05 00:00:00,0.1131,0.1382,0.1154,0.1168,выше лоя матери,0.44,False,True,True,False,True,0.44,False,True,True,True,False
DOGEUSDT,low,2025-01-13,2025-02-02 22:30:00,0.3083,0.434,0.3156,0.3197,выше лоя матери,0.47,False,False,False,False,True,0.54,True,False,False,False,False
DOGEUSDT,low,2025-10-13,2025-11-04 17:00:00,0.1754,0.2182,0.1766,0.1827,выше лоя матери,0.45,False,True,True,False,True,0.57,True,False,False,False,True
DOGEUSDT,low,2025-11-03,2025-11-21 07:30:00,0.1515,0.1866,0.1531,0.1562,выше лоя матери,0.5,False,True,False,False,True,0.4,False,False,False,False,False
DOGEUSDT,low,2026-06-08,2026-06-24 13:00:00,0.0818,0.0925,0.083,0.0835,выше лоя матери,0.41,False,False,False,False,True,0.74,True,False,False,False,False
DOGEUSDT,high,2020-11-23,2020-12-21 00:00:00,0.0043,0.0029,0.0042,0.004,выше лоя матери,0.45,False,True,True,False,True,6.64,True,True,False,False,False
DOGEUSDT,high,2020-12-28,2021-01-28 14:45:00,0.0141,0.0042,0.0108,0.0079,выше лоя матери,0.43,False,False,False,False,True,7.16,True,False,False,False,False
DOGEUSDT,high,2021-04-12,2021-05-05 03:15:00,0.4595,0.0688,0.4612,0.4551,пересекает лой матери,0.45,False,True,True,False,True,0.28,False,True,False,False,False
DOGEUSDT,high,2021-09-20,2021-10-05 00:15:00,0.2335,0.194,0.2221,0.2171,выше лоя матери,0.4,False,True,False,False,True,2.32,True,True,False,False,True
DOGEUSDT,high,2022-07-25,2022-08-14 08:45:00,0.0746,0.06,0.074,0.0737,выше лоя матери,0.4,False,True,True,False,True,0.63,True,True,True,False,False
DOGEUSDT,high,2022-10-10,2022-10-26 03:00:00,0.0625,0.0549,0.0621,0.0616,выше лоя матери,0.48,False,False,False,False,True,12.26,True,False,False,False,False
DOGEUSDT,high,2024-01-22,2024-02-19 19:45:00,0.0856,0.0759,0.0845,0.0841,выше лоя матери,0.4,False,True,True,False,True,12.05,True,False,False,False,False
DOGEUSDT,high,2024-09-30,2024-10-18 00:15:00,0.1246,0.101,0.1239,0.123,выше лоя матери,0.43,False,False,False,False,True,12.93,True,False,False,False,False
DOGEUSDT,high,2025-03-10,2025-03-26 07:15:00,0.1809,0.1427,0.1804,0.1771,выше лоя матери,0.45,False,True,True,False,True,0.2,False,True,True,True,True
DOGEUSDT,high,2025-06-16,2025-07-11 02:00:00,0.1811,0.1426,0.1857,0.181,пересекает лой матери,0.44,False,False,False,False,True,2.33,True,False,False,False,False
DOGEUSDT,high,2026-04-13,2026-04-29 09:15:00,0.1022,0.0907,0.1011,0.1002,выше лоя матери,0.47,False,True,True,False,True,0.95,True,False,False,False,False
DOGEUSDT,high,2026-07-27,2026-08-19 21:15:00,0.0735,0.0676,0.0719,0.0703,выше лоя матери,0.46,False,False,False,False,True,4.19,True,False,False,False,False
ETHUSDT,low,2021-05-24,2021-06-22 13:30:00,2079.0,2913.0,2056.0,2155.0,пересекает лой матери,0.41,False,True,True,False,True,0.05,False,False,False,False,False
ETHUSDT,low,2022-05-23,2022-06-11 09:00:00,1694.97,2088.6,1685.29,1706.46,пересекает лой матери,0.42,False,False,False,False,True,1.65,True,False,False,False,False
ETHUSDT,low,2025-01-13,2025-02-03 01:45:00,2900.0,3524.85,2987.32,3049.01,выше лоя матери,0.82,False,False,False,False,True,0.51,True,False,False,False,False
ETHUSDT,low,2025-03-10,2025-04-06 20:30:00,1752.5,2152.99,1759.21,1782.01,выше лоя матери,0.5,False,True,True,False,True,0.42,False,False,False,False,False
ETHUSDT,low,2025-09-08,2025-09-22 06:00:00,4275.0,4768.0,4454.01,4462.06,выше лоя матери,0.56,False,True,True,False,True,1.22,True,True,False,False,False
ETHUSDT,low,2025-10-13,2025-11-04 17:00:00,3671.0,4293.03,3764.07,3842.41,выше лоя матери,0.46,False,False,False,False,True,1.23,True,False,False,False,False
ETHUSDT,high,2020-03-16,2020-04-07 00:00:00,152.68,100.11,153.44,150.97,пересекает лой матери,0.42,False,True,False,False,True,1.0,True,False,False,False,False
ETHUSDT,high,2020-06-22,2020-07-22 22:15:00,249.41,213.59,241.28,237.46,выше лоя матери,0.4,False,False,False,False,True,5.17,True,False,False,False,False
ETHUSDT,high,2020-07-06,2020-07-22 22:15:00,249.0,226.89,241.28,237.46,выше лоя матери,0.67,False,False,False,False,True,8.37,True,False,False,False,False
ETHUSDT,high,2022-07-25,2022-08-12 23:15:00,1784.5,1355.0,1803.3,1712.88,пересекает лой матери,0.41,False,True,True,False,True,0.16,False,True,False,False,False
ETHUSDT,high,2023-12-11,2023-12-28 00:30:00,2356.73,2114.63,2335.64,2294.0,выше лоя матери,0.41,True,True,True,True,True,1.09,True,True,True,True,True
ETHUSDT,high,2025-06-16,2025-07-10 21:15:00,2680.0,2111.0,2730.2,2674.5,пересекает лой матери,0.44,False,False,False,False,True,1.77,True,False,False,False,False
LINKUSDT,low,2020-11-23,2020-12-23 22:15:00,11.14,16.413,12.376,12.491,выше лоя матери,0.59,True,True,True,True,False,0.0,False,True,True,True,True
LINKUSDT,low,2022-01-03,2022-01-21 21:30:00,21.237,28.691,20.496,22.127,пересекает лой матери,0.44,False,False,False,False,True,0.6,True,False,False,False,False
LINKUSDT,low,2022-11-28,2022-12-16 22:30:00,6.524,7.809,6.66,6.681,выше лоя матери,0.58,False,False,False,False,True,0.31,False,False,False,False,False
LINKUSDT,low,2023-07-17,2023-08-17 21:30:00,6.43,8.48,6.679,6.767,выше лоя матери,0.42,False,False,False,False,True,0.01,False,False,False,False,False
LINKUSDT,low,2025-09-08,2025-09-22 06:00:00,22.224,25.638,23.253,23.263,выше лоя матери,0.64,False,True,True,False,True,3.48,True,False,False,False,False
LINKUSDT,high,2020-03-16,2020-04-08 20:15:00,2.629,1.53,2.575,2.564,выше лоя матери,0.41,False,False,False,False,True,0.85,True,False,False,False,False
LINKUSDT,high,2023-09-25,2023-10-21 14:15:00,8.267,6.903,7.8,7.621,выше лоя матери,0.44,False,False,False,False,True,5.73,True,False,False,False,False
LINKUSDT,high,2024-08-05,2024-08-24 15:45:00,10.973,7.864,11.073,10.455,пересекает лой матери,0.41,False,True,True,False,True,0.14,False,True,False,False,False
LINKUSDT,high,2025-04-21,2025-05-09 08:15:00,15.349,12.851,15.164,14.96,выше лоя матери,0.48,False,True,True,False,True,0.57,True,True,True,False,False
LINKUSDT,high,2025-06-16,2025-07-11 04:45:00,14.156,10.923,13.781,13.667,выше лоя матери,0.4,False,False,False,False,True,1.49,True,False,False,False,False
LINKUSDT,high,2026-04-13,2026-05-08 18:00:00,9.865,8.678,9.755,9.739,выше лоя матери,0.47,False,True,True,False,True,0.37,False,True,True,True,False
LINKUSDT,high,2026-06-29,2026-07-15 13:00:00,8.174,7.07,8.197,7.994,пересекает лой матери,0.41,True,True,False,False,True,0.26,False,False,False,False,False
LINKUSDT,high,2026-07-27,2026-08-15 01:45:00,8.92,7.882,8.921,8.882,пересекает лой матери,0.4,False,False,False,False,True,4.18,True,False,False,False,False
LTCUSDT,low,2021-05-24,2021-06-22 12:00:00,139.5,208.78,141.35,149.42,выше лоя матери,0.41,False,True,False,False,True,0.11,False,False,False,False,False
LTCUSDT,low,2022-04-11,2022-04-26 23:15:00,101.6,115.1,101.37,103.79,пересекает лой матери,0.41,True,True,True,False,True,3.1,True,False,False,False,False
LTCUSDT,low,2023-02-13,2023-03-09 19:00:00,88.11,105.86,89.18,89.45,выше лоя матери,0.42,False,True,True,False,True,0.88,True,False,False,False,False
LTCUSDT,low,2025-09-08,2025-09-22 06:00:00,110.7,120.76,114.46,114.53,выше лоя матери,1.01,False,True,True,False,True,4.87,True,True,True,False,False
LTCUSDT,high,2020-01-13,2020-01-30 20:00:00,63.39,48.9,65.59,62.84,пересекает лой матери,0.4,False,True,True,False,True,1.07,True,False,False,False,False
LTCUSDT,high,2020-11-23,2020-12-17 15:45:00,94.5,64.45,89.54,88.83,выше лоя матери,0.4,False,False,False,False,True,2.66,True,False,False,False,False
LTCUSDT,high,2021-01-11,2021-02-10 02:30:00,171.06,112.55,172.44,169.85,пересекает лой матери,0.41,False,True,True,False,True,0.9,True,False,False,False,False
LTCUSDT,high,2022-10-10,2022-10-26 08:30:00,54.45,48.26,55.48,53.94,пересекает лой матери,0.47,False,True,True,False,True,4.45,True,True,True,False,False
LTCUSDT,high,2023-10-23,2023-11-09 14:45:00,72.89,64.52,69.91,69.26,выше лоя матери,0.41,False,True,True,False,True,0.07,False,True,False,False,False
LTCUSDT,high,2024-02-26,2024-03-11 17:30:00,94.84,69.13,94.55,91.08,выше лоя матери,0.41,False,True,True,False,True,0.3,False,True,False,False,True
LTCUSDT,high,2024-09-30,2024-10-16 00:00:00,69.35,61.87,68.65,68.21,выше лоя матери,0.42,False,True,True,False,True,1.4,True,True,False,False,False
SOLUSDT,low,2020-12-07,2020-12-23 21:45:00,1.4316,1.9006,1.4142,1.4547,пересекает лой матери,0.42,False,True,True,False,True,0.36,False,True,True,True,False
SOLUSDT,low,2022-11-21,2022-12-29 08:45:00,10.901,14.964,10.788,10.963,пересекает лой матери,0.41,False,True,True,False,True,0.36,False,True,True,True,False
SOLUSDT,low,2023-01-23,2023-02-09 22:45:00,22.11,26.869,22.696,22.716,выше лоя матери,0.45,False,True,True,False,True,0.71,True,True,True,True,False
SOLUSDT,low,2024-03-18,2024-04-12 18:30:00,162.453,210.425,172.821,173.064,выше лоя матери,0.47,False,False,False,False,True,0.56,True,False,False,False,False
SOLUSDT,low,2025-02-03,2025-02-24 15:00:00,173.33,219.89,175.49,175.72,выше лоя матери,0.45,False,True,True,False,True,0.87,True,False,False,False,True
SOLUSDT,low,2025-10-13,2025-11-04 05:30:00,174.0,211.29,178.62,183.48,выше лоя матери,0.43,False,False,False,False,True,1.0,True,False,False,False,False
SOLUSDT,high,2023-03-27,2023-04-11 07:15:00,21.661,19.297,20.819,20.713,выше лоя матери,0.43,False,True,True,False,True,1.43,True,True,False,False,False
SOLUSDT,high,2023-06-05,2023-07-13 17:00:00,22.047,12.6,22.034,21.94,выше лоя матери,0.41,False,False,False,False,True,0.81,True,False,False,False,False
SOLUSDT,high,2023-11-13,2023-12-08 23:30:00,68.356,51.166,67.806,67.735,выше лоя матери,0.4,False,True,True,False,True,3.0,True,False,False,False,False
SOLUSDT,high,2024-07-01,2024-07-19 15:00:00,154.915,120.069,150.684,148.5,выше лоя матери,0.4,False,True,True,False,True,0.72,True,True,True,False,False
SOLUSDT,high,2025-03-10,2025-03-25 13:30:00,136.68,111.83,137.68,132.78,пересекает лой матери,0.4,False,True,True,False,True,0.03,False,True,True,True,True
SOLUSDT,high,2025-04-21,2025-05-09 07:30:00,157.24,133.75,158.51,155.23,пересекает лой матери,0.42,False,True,True,False,True,0.88,True,True,False,False,False
SOLUSDT,high,2025-08-25,2025-09-12 00:30:00,217.95,185.12,217.74,217.7,выше лоя матери,0.47,False,True,True,False,True,0.61,True,True,False,False,False
SOLUSDT,high,2026-06-29,2026-08-21 01:45:00,83.96,70.31,83.97,82.5,пересекает лой матери,0.41,False,False,False,False,True,1.55,True,False,False,False,False
XRPUSDT,low,2020-11-23,2020-12-23 20:30:00,0.4322,0.7839,0.4473,0.4624,выше лоя матери,0.41,False,False,False,False,True,0.33,False,False,False,False,False
XRPUSDT,low,2023-04-24,2023-05-08 18:00:00,0.4308,0.4868,0.4406,0.4451,выше лоя матери,0.43,True,True,True,True,False,0.0,False,True,True,True,False
XRPUSDT,low,2023-08-28,2023-09-11 10:15:00,0.4863,0.5502,0.4965,0.4966,выше лоя матери,0.46,True,True,True,True,False,0.0,False,True,False,False,True
XRPUSDT,low,2025-01-13,2025-02-03 02:00:00,2.3307,3.4043,2.7191,2.73,выше лоя матери,0.53,True,True,True,True,False,0.0,False,True,False,False,True
XRPUSDT,low,2025-02-10,2025-02-25 07:30:00,2.3217,2.8352,2.3347,2.3784,выше лоя матери,0.46,False,True,True,False,True,0.37,False,True,True,True,True
XRPUSDT,high,2020-01-13,2020-02-05 00:00:00,0.2552,0.2104,0.2631,0.2537,пересекает лой матери,0.43,False,True,True,False,True,1.63,True,True,False,False,False
XRPUSDT,high,2020-03-23,2020-04-07 00:15:00,0.1873,0.1444,0.1874,0.1862,пересекает лой матери,0.43,True,True,True,True,True,0.72,True,False,False,False,False
XRPUSDT,high,2021-01-04,2021-01-30 16:15:00,0.3722,0.2152,0.314,0.2975,выше лоя матери,0.94,False,False,False,False,True,1.51,True,False,False,False,False
XRPUSDT,high,2021-02-01,2021-04-05 21:15:00,0.7577,0.34,0.752,0.7219,выше лоя матери,0.42,False,False,False,False,True,2.5,True,False,False,False,False
XRPUSDT,high,2021-02-22,2021-04-05 16:00:00,0.6535,0.3523,0.6603,0.6368,пересекает лой матери,0.42,False,False,False,False,True,3.97,True,False,False,False,False
XRPUSDT,high,2021-03-01,2021-03-20 16:45:00,0.495,0.4122,0.45,0.4438,выше лоя матери,0.46,False,True,False,False,True,17.44,True,True,False,False,False
XRPUSDT,high,2021-06-21,2021-08-11 05:30:00,0.7805,0.5085,0.7582,0.7534,выше лоя матери,0.42,False,False,False,False,True,1.93,True,False,False,False,False
XRPUSDT,high,2022-01-17,2022-02-08 02:00:00,0.78,0.5468,0.7806,0.7769,пересекает лой матери,0.41,False,True,True,False,True,0.17,False,True,False,False,False
XRPUSDT,high,2022-03-07,2022-03-28 18:30:00,0.8485,0.702,0.8386,0.838,выше лоя матери,0.43,False,True,True,False,True,0.01,False,True,True,True,True
XRPUSDT,high,2022-10-17,2022-11-05 00:00:00,0.4841,0.4202,0.483,0.4662,выше лоя матери,0.41,True,True,True,True,False,0.0,False,True,True,True,True
XRPUSDT,high,2023-03-06,2023-03-21 13:30:00,0.4019,0.347,0.3663,0.3657,выше лоя матери,0.51,False,False,False,False,True,2.83,True,False,False,False,False
XRPUSDT,high,2024-01-29,2024-02-15 21:00:00,0.5399,0.484,0.5288,0.5254,выше лоя матери,0.5,False,True,False,False,True,3.18,True,False,False,False,False
XRPUSDT,high,2024-10-21,2024-11-10 05:45:00,0.561,0.4858,0.5559,0.5523,выше лоя матери,0.43,False,False,False,False,True,30.89,True,False,False,False,False
XRPUSDT,high,2025-06-16,2025-07-10 18:15:00,2.3366,1.907,2.3292,2.3184,выше лоя матери,0.41,False,False,False,False,True,2.68,True,False,False,False,False
XRPUSDT,high,2025-12-15,2026-01-04 12:15:00,2.0133,1.7703,2.0151,2.0104,пересекает лой матери,0.44,False,True,True,False,True,1.22,True,True,True,False,False
XRPUSDT,high,2026-02-23,2026-03-17 02:30:00,1.4934,1.2693,1.4909,1.4889,выше лоя матери,0.47,False,True,True,False,True,0.03,False,True,False,False,True
