sym,side,ib_week,stage,depth_frac,zone_before_sweep,sweep_t,t,entry,stop,target,rr,win,net,sweep_depth,full_zone_before_stop,depth_now
ADAUSDT,low,2020-03-02,нет фрактала,,,,,,,,,,,,,
ADAUSDT,low,2020-06-08,нет фрактала,,,,,,,,,,,,,
ADAUSDT,low,2020-07-27,зона раньше снятия,0.3176733780760626,True,,,,,,,,,,,
ADAUSDT,low,2020-09-07,зона раньше снятия,0.22366288492706649,True,,,,,,,,,,,
ADAUSDT,low,2020-09-14,зона раньше снятия,0.7604920405209834,True,,,,,,,,,,,
ADAUSDT,low,2021-07-05,сделка,0.38375870069605567,False,2021-07-16 08:30:00,2021-07-17 00:45:00,1.1875,1.1588399999999999,1.3205,4.640614096301444,False,-1.0414340544312628,0.170765661252901,False,0.5545243619489567
ADAUSDT,low,2021-09-13,нет фрактала,,,,,,,,,,,,,
ADAUSDT,low,2021-09-27,нет фрактала,,,,,,,,,,,,,
ADAUSDT,low,2021-12-06,зона раньше снятия,0.1924528301886794,True,,,,,,,,,,,
ADAUSDT,low,2022-01-24,сделка,0.14026836353575864,False,2022-02-24 03:30:00,2022-02-24 20:00:00,0.876,0.7448544,0.9734,0.7426859917526785,True,0.7360063928946153,0.09185226172361323,True,0.23212062525937188
ADAUSDT,low,2022-06-06,зона раньше снятия,0.19350282485875717,True,,,,,,,,,,,
ADAUSDT,low,2022-06-20,зона раньше снятия,0.14747634069400636,True,,,,,,,,,,,
ADAUSDT,low,2022-07-04,снятие без шифта,0.2380952380952383,False,2022-07-13 12:30:00,,,,,,,,,,
ADAUSDT,low,2022-09-26,сделка,0.46433770014556164,False,2022-10-12 21:45:00,2022-10-13 12:15:00,0.3675,0.34675290000000003,0.4179,2.429255173012136,False,-1.0177133189698802,0.50509461426492,False,0.9694323144104816
ADAUSDT,low,2022-10-31,зона раньше снятия,0.49999999999999983,True,,,,,,,,,,,
ADAUSDT,low,2022-11-14,зона раньше снятия,0.137218045112782,True,,,,,,,,,,,
ADAUSDT,low,2023-02-20,сделка,0.35483870967741893,False,2023-03-08 14:00:00,2023-03-08 15:30:00,0.3247,0.31598370000000003,0.3524,3.1779539483496606,False,-1.0372520450191023,0.00903225806451585,False,0.3638709677419348
ADAUSDT,low,2023-07-17,зона раньше снятия,0.13052011776251274,True,,,,,,,,,,,
ADAUSDT,low,2023-07-24,сделка,0.17910447761194045,False,2023-08-03 21:45:00,2023-08-04 16:00:00,0.2967,0.28821149999999995,0.3037,0.8246451080874068,False,-1.0349531719385048,0.11940298507462696,False,0.2985074626865674
ADAUSDT,low,2023-12-18,зона раньше снятия,0.2520138089758348,True,,,,,,,,,,,
ADAUSDT,low,2024-01-15,нет фрактала,,,,,,,,,,,,,
ADAUSDT,low,2024-03-25,зона раньше снятия,0.07509578544061332,True,,,,,,,,,,,
ADAUSDT,low,2025-01-20,зона раньше снятия,1.2426621160409559,True,,,,,,,,,,,
ADAUSDT,low,2025-02-17,зона раньше снятия,0.4931588340273645,True,,,,,,,,,,,
ADAUSDT,low,2025-03-17,зона раньше снятия,0.2553030303030299,True,,,,,,,,,,,
ADAUSDT,low,2025-08-18,нет фрактала,,,,,,,,,,,,,
ADAUSDT,low,2025-09-15,зона раньше снятия,0.6091492776886033,True,,,,,,,,,,,
ADAUSDT,low,2025-10-20,сделка,0.46768589298123714,False,2025-11-04 17:00:00,2025-11-04 22:00:00,0.5183,0.48891060000000003,0.5805,2.1164093176451417,True,2.098773707527208,0.24322446143154952,True,0.7109103544127867
ADAUSDT,low,2025-11-24,зона раньше снятия,0.15138023152270716,True,,,,,,,,,,,
ADAUSDT,low,2026-06-08,зона раньше снятия,0.10224719101123593,True,,,,,,,,,,,
ADAUSDT,high,2020-03-16,зона раньше снятия,0.14096749811035594,True,,,,,,,,,,,
ADAUSDT,high,2020-03-23,зона раньше снятия,0.24298315958300154,True,,,,,,,,,,,
ADAUSDT,high,2020-05-11,сделка,0.2721145745577111,False,2020-05-20 08:00:00,2020-05-20 15:45:00,0.05464,0.0577577,0.05378,0.27584437245405247,True,0.25831863232511126,0.05897219882055646,True,0.3310867733782676
ADAUSDT,high,2020-07-13,зона раньше снятия,0.36998584237848037,True,,,,,,,,,,,
ADAUSDT,high,2020-11-09,сделка,1.7288973384030488,False,2020-11-24 00:00:00,2020-11-24 06:30:00,0.16251,0.18452434,0.1182,2.0127789431797614,True,2.0053969367239692,0.9380228136882164,False,2.666920152091265
ADAUSDT,high,2020-11-30,зона раньше снятия,0.1984857482185272,True,,,,,,,,,,,
ADAUSDT,high,2021-01-18,снятие без шифта,0.3393649104133404,False,2021-02-05 00:45:00,,,,,,,,,,
ADAUSDT,high,2021-01-25,снятие без шифта,0.4861590239798065,False,2021-02-05 00:45:00,,,,,,,,,,
ADAUSDT,high,2021-03-01,зона раньше снятия,0.11855911835394803,True,,,,,,,,,,,
ADAUSDT,high,2021-03-22,зона раньше снятия,0.17863528629049027,True,,,,,,,,,,,
ADAUSDT,high,2021-03-29,сделка,0.23920278489728777,False,2021-04-13 10:15:00,2021-04-14 08:45:00,1.49883,1.5684669,1.23554,3.7808977711529437,True,3.7593742685271807,0.8220420029838189,True,1.0612447878811067
ADAUSDT,high,2021-11-01,зона раньше снятия,0.40481245576787034,True,,,,,,,,,,,
ADAUSDT,high,2022-08-01,зона раньше снятия,0.3587570621468932,True,,,,,,,,,,,
ADAUSDT,high,2023-04-03,снятие без шифта,0.477489768076398,False,2023-04-15 07:45:00,,,,,,,,,,
ADAUSDT,high,2023-06-12,нет фрактала,,,,,,,,,,,,,
ADAUSDT,high,2023-06-26,зона раньше снятия,1.4030131826742025,True,,,,,,,,,,,
ADAUSDT,high,2023-11-20,сделка,0.6273972602739736,False,2023-12-07 17:00:00,2023-12-08 01:00:00,0.4529,0.4602598,0.4171,4.86426261583197,False,-1.0615369982879972,0.05479452054794533,False,0.6821917808219189
ADAUSDT,high,2024-06-24,сделка,0.3713450292397671,False,2024-07-16 01:15:00,2024-07-16 04:45:00,0.4434,0.4527523,0.419,2.608983886316744,False,-1.047410797343969,0.08625730994152002,False,0.4576023391812871
ADAUSDT,high,2024-08-12,сделка,0.2583025830258308,False,2024-08-23 00:00:00,2024-08-23 03:15:00,0.375,0.3797794,0.3499,5.251705234966747,False,-1.0784617315981087,0.025830258302582943,False,0.28413284132841377
ADAUSDT,high,2024-10-28,сделка,1.409836065573771,False,2024-11-09 22:30:00,2024-11-10 20:45:00,0.5727,0.66066,0.385,2.133924511141427,False,-1.0065109140518418,3.295081967213115,False,4.704918032786886
ADAUSDT,high,2024-12-23,зона раньше снятия,0.12447902195054172,True,,,,,,,,,,,
ADAUSDT,high,2025-04-14,зона раньше снятия,0.3155555555555556,True,,,,,,,,,,,
ADAUSDT,high,2025-04-28,сделка,0.5530939648586709,False,2025-05-10 17:00:00,2025-05-11 00:15:00,0.8117,0.8475467,0.7526,1.648687326866906,False,-1.022643646416546,0.2184873949579829,False,0.7715813598166539
ADAUSDT,high,2025-06-23,сделка,0.8108108108108109,False,2025-07-16 20:15:00,2025-07-17 01:15:00,0.7578,0.7855848000000001,0.6512,3.836630099910736,False,-1.0272739051567763,0.050675675675676095,False,0.861486486486487
ADAUSDT,high,2025-08-04,зона раньше снятия,0.9518002322880375,True,,,,,,,,,,,
ADAUSDT,high,2026-02-09,нет фрактала,,,,,,,,,,,,,
ADAUSDT,high,2026-02-16,нет фрактала,,,,,,,,,,,,,
ADAUSDT,high,2026-03-09,зона раньше снятия,0.1631701631701637,True,,,,,,,,,,,
ADAUSDT,high,2026-03-30,зона раньше снятия,0.2657657657657671,True,,,,,,,,,,,
ADAUSDT,high,2026-04-20,сделка,0.3354037267080738,False,2026-05-10 15:45:00,2026-05-10 20:30:00,0.2816,0.28888860000000005,0.2676,1.9208078368959673,True,1.8821721592624028,0.30745341614906896,True,0.6428571428571428
ADAUSDT,high,2026-07-06,нет фрактала,,,,,,,,,,,,,
ADAUSDT,high,2026-08-31,зона раньше снятия,0.15577889447236137,True,,,,,,,,,,,
BNBUSDT,low,2021-03-15,нет фрактала,,,,,,,,,,,,,
BNBUSDT,low,2021-06-07,зона раньше снятия,0.6558503836317136,True,,,,,,,,,,,
BNBUSDT,low,2021-08-30,нет фрактала,,,,,,,,,,,,,
BNBUSDT,low,2021-09-13,нет фрактала,,,,,,,,,,,,,
BNBUSDT,low,2021-11-08,нет фрактала,,,,,,,,,,,,,
BNBUSDT,low,2021-11-22,нет фрактала,,,,,,,,,,,,,
BNBUSDT,low,2021-12-06,снятие без шифта,0.2827640031218108,False,2022-01-08 17:30:00,,,,,,,,,,
BNBUSDT,low,2022-01-24,нет фрактала,,,,,,,,,,,,,
BNBUSDT,low,2022-05-16,зона раньше снятия,0.08809523809523798,True,,,,,,,,,,,
BNBUSDT,low,2022-05-30,зона раньше снятия,0.35654362416107377,True,,,,,,,,,,,
BNBUSDT,low,2022-11-14,зона раньше снятия,0.07776427703523688,True,,,,,,,,,,,
BNBUSDT,low,2022-11-28,зона раньше снятия,0.4382984901277584,True,,,,,,,,,,,
BNBUSDT,low,2023-02-06,зона раньше снятия,0.4959785522788202,True,,,,,,,,,,,
BNBUSDT,low,2023-02-20,зона раньше снятия,0.39085739282589665,True,,,,,,,,,,,
BNBUSDT,low,2023-04-17,сделка,0.12887112887112942,False,2023-05-11 17:15:00,2023-05-12 14:00:00,306.48,300.699,313.65,1.2402698495069973,True,1.1872548002075682,0.13486513486513424,True,0.26373626373626363
BNBUSDT,low,2023-04-24,сделка,0.14495205865764185,False,2023-05-10 17:15:00,2023-05-10 20:15:00,315.82,306.0936,318.52,0.27759499917749475,False,-1.0324703898667544,0.10152284263959442,False,0.2464749012972363
BNBUSDT,low,2023-05-01,сделка,0.2715736040609142,False,2023-05-10 17:15:00,2023-05-10 20:15:00,315.82,306.0936,318.52,0.27759499917749475,False,-1.0324703898667544,0.1305293691080502,False,0.40210297316896443
BNBUSDT,low,2023-05-15,снятие без шифта,1.4069656488549636,False,2023-06-07 09:45:00,,,,,,,,,,
BNBUSDT,low,2023-07-17,сделка,0.8745885450954575,False,2023-08-22 15:45:00,2023-08-22 18:30:00,208.42,202.43735999999998,232.32,3.9948918871936123,True,3.9600544241338262,0.05892034233048126,True,0.9335088874259387
BNBUSDT,low,2023-08-07,снятие без шифта,0.5559515324305069,False,2023-08-17 15:30:00,,,,,,,,,,
BNBUSDT,low,2024-12-09,нет фрактала,,,,,,,,,,,,,
BNBUSDT,low,2025-01-20,зона раньше снятия,2.139080927206182,True,,,,,,,,,,,
BNBUSDT,low,2025-02-17,зона раньше снятия,0.2700259355316787,True,,,,,,,,,,,
BNBUSDT,low,2025-10-20,снятие без шифта,0.40168547269590793,False,2025-11-19 17:00:00,,,,,,,,,,
BNBUSDT,low,2025-11-10,зона раньше снятия,0.4225987615801857,True,,,,,,,,,,,
BNBUSDT,low,2026-02-09,нет фрактала,,,,,,,,,,,,,
BNBUSDT,low,2026-02-16,зона раньше снятия,0.17577597840755674,True,,,,,,,,,,,
BNBUSDT,low,2026-06-08,зона раньше снятия,0.093857437542975,True,,,,,,,,,,,
BNBUSDT,high,2020-03-16,нет фрактала,,,,,,,,,,,,,
BNBUSDT,high,2020-03-23,сделка,0.0665788978747416,False,2020-04-06 06:30:00,2020-04-06 20:00:00,14.683,15.032017,12.5,6.254709655976644,False,-1.0420695840030716,0.18168139928531118,False,0.2482602971600528
BNBUSDT,high,2020-04-20,зона раньше снятия,0.39542582004213056,True,,,,,,,,,,,
BNBUSDT,high,2020-05-11,зона раньше снятия,0.18318240620957266,True,,,,,,,,,,,
BNBUSDT,high,2020-06-29,сделка,0.40916030534351067,False,2020-07-09 00:15:00,2020-07-09 01:00:00,17.167,17.547530000000002,16.382,2.0629122539615787,False,-1.0451133944761253,0.030534351145039326,False,0.43969465648855
BNBUSDT,high,2020-10-05,сделка,0.5408394068861526,False,2020-10-16 01:30:00,2020-10-16 03:15:00,31.41,31.922891,28.835,5.020559924038442,True,4.95931884162522,0.047750691128423665,True,0.5885900980145763
BNBUSDT,high,2020-10-19,нет фрактала,,,,,,,,,,,,,
BNBUSDT,high,2020-11-09,зона раньше снятия,0.3458323381896337,True,,,,,,,,,,,
BNBUSDT,high,2020-11-30,сделка,0.45229642777900997,False,2021-01-03 11:15:00,2021-01-04 07:30:00,40.747,43.689646,34.94,1.9733940134151358,False,-1.013847061454215,0.45995118704237836,False,0.9122476148213884
BNBUSDT,high,2020-12-21,сделка,0.5420827389443647,False,2021-01-03 11:15:00,2021-01-04 07:30:00,40.747,43.689646,34.94,1.9733940134151358,False,-1.013847061454215,0.5914407988587732,False,1.1335235378031379
BNBUSDT,high,2021-01-25,сделка,0.48895184135977393,False,2021-02-02 11:00:00,2021-02-02 13:30:00,51.035,52.940888,47.2,2.0121853959938805,False,-1.0267775441159186,0.029272898961283784,False,0.5182247403210577
BNBUSDT,high,2021-02-22,сделка,0.13418609945406362,False,2021-04-06 05:30:00,2021-04-06 14:00:00,383.39,402.50210000000004,359.325,1.2591499625891414,False,-1.0200600666593413,0.08960057729231012,False,0.22378667674637376
BNBUSDT,high,2021-03-01,зона раньше снятия,0.18228935156375012,True,,,,,,,,,,,
BNBUSDT,high,2021-04-19,зона раньше снятия,0.1832637327336975,True,,,,,,,,,,,
BNBUSDT,high,2021-06-28,сделка,0.15022154055896383,False,2021-08-08 07:15:00,2021-08-08 10:30:00,350.5,360.36,340.1,1.0547667342799152,True,1.019219066937116,8.520790729371937e-05,True,0.15030674846625755
BNBUSDT,high,2021-12-20,нет фрактала,,,,,,,,,,,,,
BNBUSDT,high,2022-03-07,сделка,0.15939869989165734,False,2022-03-29 12:00:00,2022-03-29 14:00:00,436.89,442.442,428.17,1.5706051873198734,True,1.4919146253602196,0.011782231852654444,False,0.17118093174431176
BNBUSDT,high,2022-06-20,сделка,0.13250434550073575,False,2022-07-19 16:30:00,2022-07-19 19:45:00,271.11,275.04476999999997,259.16,3.0370263064931664,True,2.9681252017271946,0.0949324776039573,True,0.22743682310469304
BNBUSDT,high,2022-06-27,сделка,0.24859584859584796,False,2022-07-18 05:15:00,2022-07-18 12:15:00,259.18,263.93367,246.46,2.675827308164008,False,-1.0545220850416626,0.19609279609279673,False,0.4446886446886447
BNBUSDT,high,2022-10-17,сделка,0.5858921161825722,False,2022-10-28 13:30:00,2022-10-29 00:15:00,296.58,301.38108,280.68,3.311754855157576,False,-1.0617736009397885,0.32614107883817217,False,0.9120331950207444
BNBUSDT,high,2022-12-19,сделка,0.09040562790001443,False,2023-01-13 21:30:00,2023-01-14 09:15:00,304.38,315.6153,283.83,1.829056634001764,True,1.8019652345731774,0.35204310731926414,False,0.4424487352192786
BNBUSDT,high,2022-12-26,снятие без шифта,0.41927990708478347,False,2023-01-07 00:45:00,,,,,,,,,,
BNBUSDT,high,2023-01-16,снятие без шифта,0.4353305328321908,False,2023-02-03 12:30:00,,,,,,,,,,
BNBUSDT,high,2023-03-20,нет фрактала,,,,,,,,,,,,,
BNBUSDT,high,2023-09-25,нет фрактала,,,,,,,,,,,,,
BNBUSDT,high,2024-01-01,сделка,0.37418428608718296,False,2024-02-16 02:00:00,2024-02-16 09:00:00,351.96,367.47711000000004,337.52,0.9305856567363344,False,-1.022682058708097,0.00926651004959588,False,0.38345079613677885
BNBUSDT,high,2024-01-08,сделка,0.6561733442354856,False,2024-02-16 02:00:00,2024-02-16 09:00:00,351.96,367.47711000000004,330.04,1.4126341825249595,False,-1.022682058708097,0.014513491414555114,False,0.6706868356500407
BNBUSDT,high,2024-01-29,зона раньше снятия,0.17885679164105683,True,,,,,,,,,,,
BNBUSDT,high,2024-04-15,снятие без шифта,0.05314685314685331,False,2024-06-04 10:15:00,,,,,,,,,,
BNBUSDT,high,2024-05-27,сделка,1.3265526275235022,False,2024-06-06 13:45:00,2024-06-06 16:00:00,702.11,723.9232000000001,625.81,3.497882016393738,True,3.4656946252727656,0.06518723994452179,True,1.391739867468024
BNBUSDT,high,2024-07-08,зона раньше снятия,0.12894678737028029,True,,,,,,,,,,,
BNBUSDT,high,2024-10-07,зона раньше снятия,0.17154276578736838,True,,,,,,,,,,,
BNBUSDT,high,2024-11-25,зона раньше снятия,1.1112747160286067,True,,,,,,,,,,,
BNBUSDT,high,2024-12-23,нет фрактала,,,,,,,,,,,,,
BNBUSDT,high,2024-12-30,нет фрактала,,,,,,,,,,,,,
BNBUSDT,high,2025-04-14,зона раньше снятия,0.22422566371681388,True,,,,,,,,,,,
BNBUSDT,high,2025-06-23,зона раньше снятия,0.08959291432464635,True,,,,,,,,,,,
BNBUSDT,high,2025-08-04,зона раньше снятия,0.1734561790908396,True,,,,,,,,,,,
BNBUSDT,high,2025-08-25,сделка,0.34655130978130283,False,2025-09-13 09:15:00,2025-09-13 16:00:00,932.2,945.4445,902.0,2.2801917777190734,False,-1.0703839329533018,0.16702715693342915,False,0.513578466714732
BNBUSDT,high,2025-09-22,сделка,0.6296745152354579,False,2025-10-06 05:15:00,2025-10-07 01:15:00,1211.78,1241.50026,1084.78,4.273179305968379,False,-1.0407728599951682,0.2704870729455211,False,0.900161588180979
BNBUSDT,high,2025-11-24,зона раньше снятия,0.0914331146889283,True,,,,,,,,,,,
BNBUSDT,high,2025-12-08,зона раньше снятия,0.20999372450580467,True,,,,,,,,,,,
BNBUSDT,high,2025-12-22,сделка,0.27616353818462364,False,2026-01-06 14:00:00,2026-01-06 16:00:00,917.67,925.76484,892.85,3.0661507824737315,True,2.952785972298362,0.09398302905631346,True,0.3701465672409371
BNBUSDT,high,2026-07-06,зона раньше снятия,0.21673743807501733,True,,,,,,,,,,,
BNBUSDT,high,2026-07-20,зона раньше снятия,0.3347471451876019,True,,,,,,,,,,,
BNBUSDT,high,2026-08-24,зона раньше снятия,0.02756556666929195,True,,,,,,,,,,,
BTCUSDT,low,2021-05-31,зона раньше снятия,0.31641039236479324,True,,,,,,,,,,,
BTCUSDT,low,2021-09-13,зона раньше снятия,0.23793224083962422,True,,,,,,,,,,,
BTCUSDT,low,2021-12-06,зона раньше снятия,0.06974711089053831,True,,,,,,,,,,,
BTCUSDT,low,2022-05-16,сделка,0.7629757103634903,False,2022-06-15 05:30:00,2022-06-15 13:30:00,21496.4,20080.0998,26877.0,3.7990533362912697,False,-1.0151778556551783,0.09495159150322491,False,0.8579273018667153
BTCUSDT,low,2022-08-29,зона раньше снятия,0.41694242223692946,True,,,,,,,,,,,
BTCUSDT,low,2022-11-14,нет фрактала,,,,,,,,,,,,,
BTCUSDT,low,2023-05-01,сделка,0.2618172520694175,False,2023-05-12 19:15:00,2023-05-12 19:45:00,26445.2,25725.249,27214.4,1.0684060443002368,True,1.0316741000429193,0.11157275719901513,True,0.37339000926843263
BTCUSDT,low,2023-05-15,зона раньше снятия,0.1494292873051231,True,,,,,,,,,,,
BTCUSDT,low,2023-09-04,зона раньше снятия,0.1484593837535014,True,,,,,,,,,,,
BTCUSDT,low,2024-12-23,сделка,0.0756048762908379,False,2025-01-13 11:30:00,2025-01-13 14:45:00,91800.0,88820.091,96100.0,1.4429970848103082,True,1.412190774953195,0.13338966832772076,True,0.20899454461855865
BTCUSDT,low,2025-02-10,снятие без шифта,0.4511774106677743,False,2025-02-26 14:15:00,,,,,,,,,,
BTCUSDT,low,2025-03-03,зона раньше снятия,0.08977657117209804,True,,,,,,,,,,,
BTCUSDT,low,2025-05-26,нет фрактала,,,,,,,,,,,,,
BTCUSDT,low,2025-10-13,сделка,0.30623278794751335,False,2025-11-16 17:30:00,2025-11-16 18:00:00,95152.0,93583.7226,101495.7,4.045011424636975,False,-1.0606729396215233,0.011242507694800171,False,0.3174752956423135
BTCUSDT,low,2026-02-16,зона раньше снятия,0.4216780245203742,True,,,,,,,,,,,
BTCUSDT,low,2026-06-08,зона раньше снятия,0.07004436142890497,True,,,,,,,,,,,
BTCUSDT,high,2020-01-20,зона раньше снятия,0.21250173683479298,True,,,,,,,,,,,
BTCUSDT,high,2020-03-16,сделка,0.28449950663304463,False,2020-05-07 13:15:00,2020-05-08 06:15:00,9823.0,10090.08,8121.03,6.37251010933054,True,6.335730867155911,0.1316149545006029,True,0.41611446113364753
BTCUSDT,high,2020-05-11,нет фрактала,,,,,,,,,,,,,
BTCUSDT,high,2020-06-29,сделка,0.5773554056815857,False,2020-07-27 13:15:00,2020-07-28 08:45:00,10742.0,11499.488,9810.0,1.230382527511988,False,-1.0141810827366242,1.1526670754138562,False,1.7300224810954419
BTCUSDT,high,2020-08-03,нет фрактала,,,,,,,,,,,,,
BTCUSDT,high,2020-09-07,сделка,0.5233896709863308,False,2020-10-25 03:30:00,2020-10-25 05:45:00,12947.65,13382.369,12116.0,1.9130748828553568,False,-1.029783952392235,0.057269954583594164,False,0.580659625569925
BTCUSDT,high,2021-01-11,сделка,0.42866536688746143,False,2021-02-11 13:15:00,2021-02-11 20:45:00,47105.58,48858.81,42649.0,2.5419254746952835,False,-1.026867883848668,0.03794908523326564,False,0.4666144521207271
BTCUSDT,high,2021-03-01,зона раньше снятия,0.29871033364359517,True,,,,,,,,,,,
BTCUSDT,high,2021-03-15,зона раньше снятия,0.24019857594936714,True,,,,,,,,,,,
BTCUSDT,high,2021-08-02,зона раньше снятия,0.10254861893644908,True,,,,,,,,,,,
BTCUSDT,high,2022-03-14,снятие без шифта,0.4524349324385599,False,2022-03-27 20:30:00,,,,,,,,,,
BTCUSDT,high,2022-08-01,зона раньше снятия,0.06782365848793136,True,,,,,,,,,,,
BTCUSDT,high,2022-10-17,зона раньше снятия,0.5330279296586361,True,,,,,,,,,,,
BTCUSDT,high,2022-12-26,сделка,0.4028108623153899,False,2023-01-10 18:15:00,2023-01-11 02:45:00,17380.0,17517.5,17098.2,2.04945454545454,False,-1.1264,0.1336350643163422,False,0.5364459266317321
BTCUSDT,high,2023-04-03,сделка,0.4829192546583854,False,2023-04-11 19:15:00,2023-04-11 19:45:00,30121.9,30594.564,29058.0,2.250858961122506,False,-1.0637279335849572,0.026989056492162086,False,0.5099083111505475
BTCUSDT,high,2023-06-26,зона раньше снятия,0.06655510762911691,True,,,,,,,,,,,
BTCUSDT,high,2023-08-21,снятие без шифта,0.2552637248565327,False,2023-10-23 16:15:00,,,,,,,,,,
BTCUSDT,high,2023-12-11,зона раньше снятия,0.24344444675497448,True,,,,,,,,,,,
BTCUSDT,high,2023-12-25,зона раньше снятия,0.37300900717520763,True,,,,,,,,,,,
BTCUSDT,high,2024-05-27,нет фрактала,,,,,,,,,,,,,
BTCUSDT,high,2024-07-08,сделка,0.1083511573744002,False,2024-07-16 16:00:00,2024-07-17 11:15:00,64867.4,66166.1,62400.0,1.8998998998998946,False,-1.0499479479479479,0.10563239697704235,False,0.21398355435144256
BTCUSDT,high,2024-08-12,зона раньше снятия,0.17605349045432264,True,,,,,,,,,,,
BTCUSDT,high,2024-11-25,сделка,0.6843004913116955,False,2024-12-16 16:00:00,2024-12-16 19:00:00,106159.7,107884.777,99583.4,3.812177659316068,False,-1.061539108109377,0.10853788374568982,False,0.7928383750573853
BTCUSDT,high,2025-06-23,зона раньше снятия,0.14687610110713417,True,,,,,,,,,,,
BTCUSDT,high,2025-08-04,зона раньше снятия,0.5945239889475014,True,,,,,,,,,,,
BTCUSDT,high,2025-10-20,нет фрактала,,,,,,,,,,,,,
BTCUSDT,high,2025-11-24,зона раньше снятия,0.12457014572870903,True,,,,,,,,,,,
BTCUSDT,high,2026-03-09,зона раньше снятия,0.2215589927486064,True,,,,,,,,,,,
BTCUSDT,high,2026-03-30,зона раньше снятия,0.12124207464309504,True,,,,,,,,,,,
BTCUSDT,high,2026-08-03,сделка,3.959412657068441,False,2026-08-24 14:15:00,2026-08-25 13:15:00,78615.2,81351.7705,67803.6,3.9507843850542073,False,-1.0287276355569863,0.49088359046283353,False,4.450296247531274
BTCUSDT,high,2026-08-10,сделка,4.377912583605538,False,2026-08-24 14:15:00,2026-08-25 13:15:00,78615.2,81351.7705,67803.6,3.9507843850542073,False,-1.0287276355569863,0.5335199875563851,False,4.9114325711619236
DOGEUSDT,low,2020-08-03,зона раньше снятия,0.3528064146620849,True,,,,,,,,,,,
DOGEUSDT,low,2021-03-15,зона раньше снятия,0.16647773279352246,True,,,,,,,,,,,
DOGEUSDT,low,2021-05-24,зона раньше снятия,0.10310082355877213,True,,,,,,,,,,,
DOGEUSDT,low,2021-06-07,сделка,0.25322896281800406,False,2021-06-21 06:30:00,2021-06-22 01:45:00,0.2025,0.164835,0.29629,2.4901101818664535,False,-1.0053763440860215,0.5863013698630136,False,0.8395303326810177
DOGEUSDT,low,2021-06-28,зона раньше снятия,0.02700142112742781,True,,,,,,,,,,,
DOGEUSDT,low,2021-08-30,сделка,1.0116189000774594,False,2021-09-21 00:15:00,2021-09-21 01:30:00,0.20986,0.19847133,0.264,4.753847464190294,False,-1.0184270858669187,0.0020139426800928153,False,1.013632842757552
DOGEUSDT,low,2021-09-13,сделка,0.03016006739679865,False,2021-09-21 21:15:00,2021-09-22 05:15:00,0.21071,0.19719261000000002,0.22423,1.0001930846117493,True,0.9846050162050524,0.010783487784330272,False,0.040943555181128924
DOGEUSDT,low,2021-11-01,нет зоны,,,,,,,,,,,,,
DOGEUSDT,low,2021-12-06,нет фрактала,,,,,,,,,,,,,
DOGEUSDT,low,2021-12-20,сделка,0.09045812664137758,False,2022-01-10 14:00:00,2022-01-11 11:15:00,0.15272,0.13575411,0.15393,0.07131957121023523,True,0.06231798037120467,0.13306098628538082,True,0.2235191129267584
DOGEUSDT,low,2021-12-27,сделка,0.45042253521126774,False,2022-01-10 14:00:00,2022-01-11 11:15:00,0.15272,0.13575411,0.1617,0.5292973136098386,True,0.520295722770808,0.25690140845070397,True,0.7073239436619717
DOGEUSDT,low,2022-01-24,нет фрактала,,,,,,,,,,,,,
DOGEUSDT,low,2022-05-16,сделка,0.08950237383506253,False,2022-06-13 00:00:00,2022-06-13 04:00:00,0.06218,0.05861133,0.06665,1.2525674831239668,False,-1.0174238581880646,0.08158959029365243,False,0.17109196412871497
DOGEUSDT,low,2022-05-30,сделка,0.4626963350785336,False,2022-06-12 01:45:00,2022-06-12 14:45:00,0.06694,0.06324669000000001,0.07282,1.592067819923053,False,-1.0181246632424574,0.2951570680628272,False,0.7578534031413608
DOGEUSDT,low,2022-07-04,снятие без шифта,0.18727490996398657,False,2022-07-13 12:30:00,,,,,,,,,,
DOGEUSDT,low,2022-09-26,нет фрактала,,,,,,,,,,,,,
DOGEUSDT,low,2022-11-14,сделка,0.024155578300921198,False,2022-12-30 07:15:00,2022-12-30 17:15:00,0.06815,0.06545448,0.07196,1.4134564017332405,True,1.388173710452894,0.07246673490276359,True,0.09662231320368479
DOGEUSDT,low,2023-02-13,снятие без шифта,0.4546065904505748,False,2023-03-08 18:30:00,,,,,,,,,,
DOGEUSDT,low,2023-04-10,снятие без шифта,0.09660047122181076,False,2023-05-08 17:30:00,,,,,,,,,,
DOGEUSDT,low,2023-05-01,сделка,0.5790055248618794,False,2023-05-11 17:15:00,2023-05-11 22:00:00,0.0723,0.06875118000000001,0.07531,0.8481692506241522,True,0.8277962815809209,0.05082872928176665,False,0.629834254143646
DOGEUSDT,low,2023-05-15,зона раньше снятия,0.7349397590361545,True,,,,,,,,,,,
DOGEUSDT,low,2023-07-31,снятие без шифта,0.3197674418604675,False,2023-08-17 15:30:00,,,,,,,,,,
DOGEUSDT,low,2024-04-15,зона раньше снятия,0.04667526679957778,True,,,,,,,,,,,
DOGEUSDT,low,2024-04-22,зона раньше снятия,0.6200728718118603,True,,,,,,,,,,,
DOGEUSDT,low,2024-05-27,зона раньше снятия,0.5123997082421583,True,,,,,,,,,,,
DOGEUSDT,low,2024-06-24,зона раньше снятия,0.8804780876494022,True,,,,,,,,,,,
DOGEUSDT,low,2024-07-22,сделка,0.15029099623416708,False,2024-08-03 00:45:00,2024-08-03 03:00:00,0.11227,0.1080918,0.11611,0.919056052845727,False,-1.0268704226700494,0.06573091407052371,False,0.21602191030469078
DOGEUSDT,low,2025-01-20,сделка,0.8462517905459175,False,2025-02-25 07:15:00,2025-02-25 12:00:00,0.20766,0.19525455,0.31561,8.701820570797503,False,-1.0167394169498083,0.05212478115549897,False,0.8983765717014165
DOGEUSDT,low,2025-02-10,зона раньше снятия,0.22699724517906344,True,,,,,,,,,,,
DOGEUSDT,low,2025-05-12,снятие без шифта,0.062362666108611416,False,2025-06-21 17:30:00,,,,,,,,,,
DOGEUSDT,low,2025-09-15,нет фрактала,,,,,,,,,,,,,
DOGEUSDT,low,2025-10-20,сделка,0.3724620770128355,False,2025-11-04 17:00:00,2025-11-04 22:00:00,0.16161,0.15130854000000002,0.17659,1.4541628079903253,True,1.438474740473682,0.18576429404900804,True,0.5582263710618436
DOGEUSDT,low,2025-11-10,зона раньше снятия,0.12553373185311809,True,,,,,,,,,,,
DOGEUSDT,low,2025-11-24,нет фрактала,,,,,,,,,,,,,
DOGEUSDT,low,2025-12-08,сделка,0.320441988950276,False,2025-12-18 05:00:00,2025-12-18 10:00:00,0.12591,0.12359628,0.13112,2.2517850042356082,False,-1.054418857943053,0.044659300184162,False,0.36510128913443796
DOGEUSDT,low,2025-12-22,нет фрактала,,,,,,,,,,,,,
DOGEUSDT,low,2026-02-16,зона раньше снятия,0.04368279569892519,True,,,,,,,,,,,
DOGEUSDT,low,2026-06-08,зона раньше снятия,0.2595068951107394,True,,,,,,,,,,,
DOGEUSDT,low,2026-06-15,сделка,0.33302151543498537,False,2026-06-24 11:00:00,2026-06-24 21:30:00,0.07574,0.07268724,0.083,2.3781758146726237,False,-1.0248103355651934,0.5098222637979417,False,0.8428437792329271
DOGEUSDT,low,2026-07-06,зона раньше снятия,0.14242424242424187,True,,,,,,,,,,,
DOGEUSDT,high,2020-07-20,нет фрактала,,,,,,,,,,,,,
DOGEUSDT,high,2020-08-10,нет фрактала,,,,,,,,,,,,,
DOGEUSDT,high,2020-09-28,нет фрактала,,,,,,,,,,,,,
DOGEUSDT,high,2020-10-05,нет фрактала,,,,,,,,,,,,,
DOGEUSDT,high,2020-10-12,нет фрактала,,,,,,,,,,,,,
DOGEUSDT,high,2020-10-19,нет фрактала,,,,,,,,,,,,,
DOGEUSDT,high,2020-11-30,зона раньше снятия,0.8183139534883722,True,,,,,,,,,,,
DOGEUSDT,high,2021-01-04,снятия не было,7.5868239121594145,False,,,,,,,,,,,
DOGEUSDT,high,2021-01-18,снятия не было,22.78660481298927,False,,,,,,,,,,,
DOGEUSDT,high,2021-03-01,зона раньше снятия,0.14579638169563772,True,,,,,,,,,,,
DOGEUSDT,high,2021-04-19,сделка,0.3943172045212547,False,2021-05-05 03:15:00,2021-05-05 16:00:00,0.579893,0.697934237,0.461155,1.00590270838995,False,-1.0049126306597413,0.21410178966336318,False,0.6084189941846179
DOGEUSDT,high,2021-04-26,сделка,0.6340404944832765,False,2021-05-05 03:15:00,2021-05-05 16:00:00,0.579893,0.697934237,0.402,1.5070411368189909,False,-1.0049126306597413,0.30200089538443775,False,0.9360413898677142
DOGEUSDT,high,2021-09-27,зона раньше снятия,0.40045535036681024,True,,,,,,,,,,,
DOGEUSDT,high,2021-10-11,зона раньше снятия,0.18941038917654948,True,,,,,,,,,,,
DOGEUSDT,high,2022-02-28,зона раньше снятия,0.3340800896107541,True,,,,,,,,,,,
DOGEUSDT,high,2022-08-01,зона раньше снятия,0.6962199312714776,True,,,,,,,,,,,
DOGEUSDT,high,2022-10-17,сделка,2.499339498018494,False,2022-10-27 19:00:00,2022-10-28 00:00:00,0.07533,0.08557548999999999,0.06212,1.2893478008372463,False,-1.0073525033941764,0.5402906208718621,False,3.039630118890356
DOGEUSDT,high,2023-01-02,сделка,0.27207207207207534,False,2023-01-12 00:45:00,2023-01-12 08:30:00,0.07828,0.08143135,0.0745,1.1994859345994602,True,1.1746457867263265,0.15405405405405573,True,0.42612612612613104
DOGEUSDT,high,2023-06-12,зона раньше снятия,0.12673956262425431,True,,,,,,,,,,,
DOGEUSDT,high,2023-10-30,снятие без шифта,0.15401146131805152,False,2023-11-09 14:15:00,,,,,,,,,,
DOGEUSDT,high,2023-11-20,сделка,0.2634854771784233,False,2023-12-05 18:15:00,2023-12-06 02:45:00,0.09457,0.09690681,0.08642,3.4876605286694353,False,-1.0404697001467813,0.21265560165975067,False,0.47614107883817397
DOGEUSDT,high,2024-01-08,снятие без шифта,0.2968451242829839,False,2024-02-28 10:45:00,,,,,,,,,,
DOGEUSDT,high,2024-01-22,снятие без шифта,0.643627140139505,False,2024-02-28 10:45:00,,,,,,,,,,
DOGEUSDT,high,2024-01-29,зона раньше снятия,0.2745901639344292,True,,,,,,,,,,,
DOGEUSDT,high,2024-03-11,зона раньше снятия,0.25576302443522403,True,,,,,,,,,,,
DOGEUSDT,high,2024-05-06,зона раньше снятия,0.09058331674298226,True,,,,,,,,,,,
DOGEUSDT,high,2024-07-08,снятие без шифта,0.2274595779665662,False,2024-07-21 20:15:00,,,,,,,,,,
DOGEUSDT,high,2024-08-12,зона раньше снятия,0.1460858172289553,True,,,,,,,,,,,
DOGEUSDT,high,2024-10-07,зона раньше снятия,0.23083439220669352,True,,,,,,,,,,,
DOGEUSDT,high,2024-11-25,нет фрактала,,,,,,,,,,,,,
DOGEUSDT,high,2024-12-23,зона раньше снятия,0.12501638055300737,True,,,,,,,,,,,
DOGEUSDT,high,2025-01-06,зона раньше снятия,0.3839305103148752,True,,,,,,,,,,,
DOGEUSDT,high,2025-03-17,сделка,0.21172467940329778,False,2025-03-25 13:30:00,2025-03-25 23:00:00,0.18907,0.19409389999999999,0.18039,1.7277413961265147,False,-1.0376341089591752,0.12850039256739101,False,0.3402250719706888
DOGEUSDT,high,2025-04-28,сделка,0.5655716162943492,False,2025-05-10 05:45:00,2025-05-11 00:15:00,0.2446,0.25998973000000003,0.19311,3.345737709498474,False,-1.0158937161340713,1.1886990801576878,False,1.754270696452037
DOGEUSDT,high,2025-06-23,снятие без шифта,0.8461338868707858,False,2025-07-16 21:15:00,,,,,,,,,,
DOGEUSDT,high,2025-08-04,зона раньше снятия,0.1213535589264881,True,,,,,,,,,,,
DOGEUSDT,high,2026-03-09,нет фрактала,,,,,,,,,,,,,
DOGEUSDT,high,2026-03-30,сделка,0.18731417244796855,False,2026-04-17 12:45:00,2026-04-17 23:00:00,0.09974,0.10226216,0.09435,2.137057125638331,True,2.09751165667522,0.2299306243805751,True,0.41724479682854365
DOGEUSDT,high,2026-04-20,сделка,1.014782608695661,False,2026-05-05 17:15:00,2026-05-06 13:15:00,0.11394,0.11734723,0.1011,3.7684570751020665,False,-1.0334406541384058,0.2956521739130461,False,1.310434782608707
DOGEUSDT,high,2026-08-03,снятие без шифта,0.48479729729729687,False,2026-08-20 08:00:00,,,,,,,,,,
ETHUSDT,low,2020-02-17,зона раньше снятия,0.1019810267857143,True,,,,,,,,,,,
ETHUSDT,low,2020-06-08,зона раньше снятия,0.18590487238979114,True,,,,,,,,,,,
ETHUSDT,low,2021-03-15,зона раньше снятия,0.05439851899320007,True,,,,,,,,,,,
ETHUSDT,low,2021-05-31,сделка,0.22630695443645085,False,2021-06-21 21:45:00,2021-06-21 23:15:00,1916.49,1862.4956399999999,2056.0,2.5837883808605127,False,-1.0354942627341077,0.031055155875299868,False,0.2573621103117507
ETHUSDT,low,2021-09-13,сделка,0.11199696279422931,False,2021-09-21 20:30:00,2021-09-22 06:45:00,2929.84,2645.1522,3219.0,1.0157091382208852,True,1.0054177242579405,0.14920273348519347,True,0.2611996962794228
ETHUSDT,low,2021-12-06,снятие без шифта,0.2490107810528732,False,2022-01-08 17:45:00,,,,,,,,,,
ETHUSDT,low,2022-05-16,сделка,0.08815937520683054,False,2022-05-27 23:30:00,2022-05-28 03:45:00,1763.72,1693.27503,1807.97,0.628149887777651,True,0.6031130398664375,0.018346680786286186,True,0.10650605599311673
ETHUSDT,low,2022-05-30,сделка,0.4980311460000509,False,2022-06-12 02:15:00,2022-06-12 14:45:00,1509.56,1419.579,1685.29,1.9529678487680735,False,-1.016776430579789,0.19797779640779434,False,0.6960089424078452
ETHUSDT,low,2022-09-26,нет фрактала,,,,,,,,,,,,,
ETHUSDT,low,2022-10-03,нет фрактала,,,,,,,,,,,,,
ETHUSDT,low,2023-02-20,зона раньше снятия,0.3250966608084359,True,,,,,,,,,,,
ETHUSDT,low,2023-05-29,зона раньше снятия,0.7703488372093024,True,,,,,,,,,,,
ETHUSDT,low,2023-10-02,зона раньше снятия,0.09275229357798177,True,,,,,,,,,,,
ETHUSDT,low,2024-10-28,нет фрактала,,,,,,,,,,,,,
ETHUSDT,low,2024-12-23,нет фрактала,,,,,,,,,,,,,
ETHUSDT,low,2025-01-20,сделка,1.3120108826118269,False,2025-02-28 06:45:00,2025-02-28 09:15:00,2142.91,2067.93,2987.32,11.261803147506003,False,-1.028579754601227,0.01630791389933593,False,1.328318796511163
ETHUSDT,low,2025-02-10,сделка,0.09426205088482408,False,2025-03-04 16:30:00,2025-03-04 17:15:00,2119.59,1978.01001,2172.71,0.37519426297459,True,0.36022329144111276,0.025144491449681113,True,0.11940654233450519
ETHUSDT,low,2025-03-17,сделка,0.8552023770880676,False,2025-04-09 01:15:00,2025-04-09 07:30:00,1489.12,1382.616,1759.21,2.5359610906632652,True,2.52197926838429,0.06492047242128396,True,0.9201228495093515
ETHUSDT,low,2025-08-25,зона раньше снятия,0.26513083872692633,True,,,,,,,,,,,
ETHUSDT,low,2025-09-15,зона раньше снятия,0.9188640973630832,True,,,,,,,,,,,
ETHUSDT,low,2025-10-13,сделка,0.2946750369276217,False,2025-11-17 19:30:00,2025-11-18 08:30:00,3057.16,2940.36669,3397.96,2.9179753532115846,False,-1.0261758143510102,0.04261447562776977,False,0.33728951255539147
ETHUSDT,low,2025-10-20,сделка,0.9903059337974057,False,2025-11-16 17:15:00,2025-11-17 00:15:00,3120.45,2998.0089900000003,3764.07,5.256572123996713,False,-1.0254853337129448,0.08679645676253525,False,1.0771023905599408
ETHUSDT,low,2026-02-16,сделка,0.32769539393462593,False,2026-02-24 13:30:00,2026-02-24 14:45:00,1833.68,1794.204,1887.8,1.3709595703718649,True,1.3245090688012904,0.056877630492074255,True,0.38457302442670016
ETHUSDT,low,2026-04-20,сделка,0.3092127997788375,False,2026-05-18 18:15:00,2026-05-18 19:30:00,2115.88,2072.1857400000004,2196.06,1.8350236392606325,False,-1.048424667221736,0.037113829566658985,False,0.34632662934549646
ETHUSDT,high,2020-01-20,снятие без шифта,0.3793288590604026,False,2020-02-03 01:30:00,,,,,,,,,,
ETHUSDT,high,2020-03-23,зона раньше снятия,0.4466425718090163,True,,,,,,,,,,,
ETHUSDT,high,2020-06-29,сделка,0.8673925181462877,False,2020-07-24 18:00:00,2020-07-24 22:00:00,280.47,288.04776,263.24,2.2737590000211303,False,-1.0370122569202511,0.20323841429368994,False,1.0706309324399776
ETHUSDT,high,2020-07-13,сделка,1.4237901402080506,False,2020-07-24 18:00:00,2020-07-24 22:00:00,280.47,288.04776,263.24,2.2737590000211303,False,-1.0370122569202511,0.3292627770239696,False,1.7530529172320202
ETHUSDT,high,2020-08-03,зона раньше снятия,0.23323890462700675,True,,,,,,,,,,,
ETHUSDT,high,2020-09-28,зона раньше снятия,0.2811536088834057,True,,,,,,,,,,,
ETHUSDT,high,2020-10-26,сделка,0.4470175438596494,False,2020-11-06 21:00:00,2020-11-07 14:30:00,453.83,470.20974,398.6,3.3718483931979306,False,-1.0277067889966507,0.39228070175438623,False,0.8392982456140357
ETHUSDT,high,2021-01-11,зона раньше снятия,0.19237722205483548,True,,,,,,,,,,,
ETHUSDT,high,2021-03-01,нет фрактала,,,,,,,,,,,,,
ETHUSDT,high,2022-06-20,сделка,0.3216082145211088,False,2022-07-22 09:00:00,2022-07-22 14:15:00,1596.12,1647.9463,1462.08,2.5863316501467306,False,-1.0307974908492405,0.01092725569778325,False,0.33253547021889207
ETHUSDT,high,2022-08-01,сделка,0.3140861466821888,False,2022-08-11 12:00:00,2022-08-11 22:45:00,1872.23,1944.943,1803.3,0.9479735398071885,False,-1.025748215587309,0.054947613504074296,False,0.3690337601862631
ETHUSDT,high,2022-11-14,сделка,0.1341131766196029,False,2023-01-21 10:00:00,2023-01-21 10:15:00,1634.45,1684.12244,1600.59,0.6816657285206865,True,0.648761164138506,0.0045449465409977555,True,0.13865812316060067
ETHUSDT,high,2022-12-05,зона раньше снятия,0.2544549588300361,True,,,,,,,,,,,
ETHUSDT,high,2022-12-26,зона раньше снятия,0.3805848461789324,True,,,,,,,,,,,
ETHUSDT,high,2023-01-23,зона раньше снятия,0.19069690448601195,True,,,,,,,,,,,
ETHUSDT,high,2023-05-15,нет фрактала,,,,,,,,,,,,,
ETHUSDT,high,2023-11-13,сделка,0.47405872193437043,False,2023-12-05 17:15:00,2023-12-06 02:15:00,2283.71,2317.29498,2152.86,3.8960868816953167,False,-1.0679979562292428,0.13174438687392012,False,0.6058031088082906
ETHUSDT,high,2023-12-18,зона раньше снятия,0.4080545229244114,True,,,,,,,,,,,
ETHUSDT,high,2024-01-15,снятие без шифта,0.19752552032608298,False,2024-02-15 14:15:00,,,,,,,,,,
ETHUSDT,high,2024-01-29,зона раньше снятия,0.24331014182499255,True,,,,,,,,,,,
ETHUSDT,high,2024-04-15,зона раньше снятия,0.1207481191056483,True,,,,,,,,,,,
ETHUSDT,high,2024-05-06,сделка,1.193112217865848,False,2024-05-23 09:30:00,2024-05-23 13:45:00,3784.32,3956.84289,3420.2,2.110560517505827,False,-1.0219351762540032,0.21962488078838546,False,1.4127370986542334
ETHUSDT,high,2024-07-08,зона раньше снятия,0.052709346000883894,True,,,,,,,,,,,
ETHUSDT,high,2024-09-09,сделка,0.054090569133151786,False,2024-09-21 23:15:00,2024-09-22 16:00:00,2555.8,2635.9333,2537.6,0.22712155870281495,True,0.1952272026735487,0.1119206735988814,False,0.1660112427320332
ETHUSDT,high,2024-10-07,зона раньше снятия,0.30218200270636025,True,,,,,,,,,,,
ETHUSDT,high,2025-05-19,сделка,0.22443661971831017,False,2025-06-11 14:15:00,2025-06-11 18:00:00,2809.09,2881.879,2674.44,1.8498674250230192,True,1.81127519268022,0.10509389671361498,True,0.32953051643192516
ETHUSDT,high,2025-06-23,сделка,0.24996485061511428,False,2025-07-10 17:00:00,2025-07-11 15:45:00,2950.45,3043.99095,2730.2,2.3545837411315564,False,-1.031541800676602,0.3843936731107202,False,0.6343585237258345
ETHUSDT,high,2025-11-24,сделка,0.2889161499950271,False,2025-12-10 18:30:00,2025-12-10 21:45:00,3338.54,3449.56612,3244.3,0.848809271187715,True,0.8187394101496097,0.0806007758363448,True,0.3695169258313719
ETHUSDT,high,2025-12-22,сделка,0.22028067222730974,False,2026-01-06 14:00:00,2026-01-06 17:45:00,3194.48,3311.308,3132.24,0.5327489985277524,True,0.505405553463213,0.10395267678142707,True,0.3242333490087368
ETHUSDT,high,2026-03-30,зона раньше снятия,0.49277231854915043,True,,,,,,,,,,,
ETHUSDT,high,2026-08-03,снятие без шифта,2.1985253113575807,False,2026-08-20 15:45:00,,,,,,,,,,
ETHUSDT,high,2026-08-10,снятие без шифта,3.400276290796066,False,2026-08-20 15:45:00,,,,,,,,,,
LINKUSDT,low,2020-07-20,нет фрактала,,,,,,,,,,,,,
LINKUSDT,low,2020-08-17,зона раньше снятия,0.3823744514870796,True,,,,,,,,,,,
LINKUSDT,low,2020-08-24,сделка,0.2892945096334926,False,2020-09-05 12:00:00,2020-09-06 08:00:00,11.655,8.946045,15.3,1.3455373012840752,False,-1.0043023970497849,0.28176155294799365,False,0.5710560625814863
LINKUSDT,low,2020-09-07,сделка,0.12841632347435417,False,2020-09-23 19:00:00,2020-09-23 21:00:00,7.925,7.301691,9.126,1.9268131857553794,True,1.9140987856745206,0.07699987520279546,True,0.20541619867714964
LINKUSDT,low,2020-10-26,нет фрактала,,,,,,,,,,,,,
LINKUSDT,low,2020-11-30,нет фрактала,,,,,,,,,,,,,
LINKUSDT,low,2021-05-24,нет фрактала,,,,,,,,,,,,,
LINKUSDT,low,2021-05-31,сделка,0.1281234064252933,False,2021-06-21 21:45:00,2021-06-22 01:00:00,18.086,16.689294,19.578,1.0682276728244904,False,-1.0129490386666915,0.059854665986741454,False,0.18797807241203476
LINKUSDT,low,2021-06-28,зона раньше снятия,0.23165967298509638,True,,,,,,,,,,,
LINKUSDT,low,2021-09-13,нет фрактала,,,,,,,,,,,,,
LINKUSDT,low,2022-01-10,сделка,0.30010732492621384,False,2022-01-21 12:30:00,2022-01-21 15:30:00,19.487,18.319662,20.496,0.8643597655520532,False,-1.0166935369190415,0.08881137644217856,False,0.3889187013683924
LINKUSDT,low,2022-05-16,нет фрактала,,,,,,,,,,,,,
LINKUSDT,low,2022-07-04,нет фрактала,,,,,,,,,,,,,
LINKUSDT,low,2022-12-05,снятие без шифта,0.11361867704280149,False,2022-12-16 08:45:00,,,,,,,,,,
LINKUSDT,low,2023-05-01,снятие без шифта,0.4215080346106306,False,2023-05-10 17:15:00,,,,,,,,,,
LINKUSDT,low,2023-05-15,зона раньше снятия,0.0780141843971627,True,,,,,,,,,,,
LINKUSDT,low,2023-07-24,нет фрактала,,,,,,,,,,,,,
LINKUSDT,low,2024-12-16,зона раньше снятия,0.1321563249914297,True,,,,,,,,,,,
LINKUSDT,low,2024-12-23,зона раньше снятия,0.029905851947572278,True,,,,,,,,,,,
LINKUSDT,low,2025-02-10,зона раньше снятия,0.21405799301654782,True,,,,,,,,,,,
LINKUSDT,low,2025-09-15,зона раньше снятия,0.7041593438781486,True,,,,,,,,,,,
LINKUSDT,low,2025-10-20,зона раньше снятия,0.4431868619618286,True,,,,,,,,,,,
LINKUSDT,low,2026-02-16,зона раньше снятия,0.06445837063563037,True,,,,,,,,,,,
LINKUSDT,low,2026-05-11,зона раньше снятия,0.18914381645215508,True,,,,,,,,,,,
LINKUSDT,high,2020-02-17,нет фрактала,,,,,,,,,,,,,
LINKUSDT,high,2020-03-23,сделка,0.25659690627843496,False,2020-04-08 06:00:00,2020-04-08 10:30:00,2.792,2.925923,2.575,1.6203340725640798,False,-1.0208478006018384,0.01091901728844405,False,0.26751592356687903
LINKUSDT,high,2020-06-29,сделка,2.030144167758847,False,2020-07-08 22:30:00,2020-07-09 01:45:00,6.207,6.6166100000000005,5.336,2.126412929371837,False,-1.015153438636752,0.15727391874180882,False,2.187418086500656
LINKUSDT,high,2020-09-28,зона раньше снятия,0.15716129032258067,True,,,,,,,,,,,
LINKUSDT,high,2020-11-09,сделка,0.19399999999999995,False,2020-11-21 09:00:00,2020-11-22 01:00:00,14.949,15.76575,13.555,1.7067646158555236,False,-1.0183030303030303,0.30825000000000014,False,0.5022500000000001
LINKUSDT,high,2021-03-01,зона раньше снятия,0.07194879717501612,True,,,,,,,,,,,
LINKUSDT,high,2021-04-19,сделка,0.4497241975144549,False,2021-05-07 17:00:00,2021-05-08 15:45:00,46.989,52.11206,41.652,1.0417601980066589,False,-1.0091720573251144,0.05270153518973877,False,0.5024257327041937
LINKUSDT,high,2021-04-26,сделка,0.7544591719849456,False,2021-05-07 17:00:00,2021-05-08 15:45:00,46.989,52.11206,41.652,1.0417601980066589,False,-1.0091720573251144,0.06488299787268854,False,0.8193421698576342
LINKUSDT,high,2021-11-01,сделка,0.13691376701966734,False,2021-11-09 04:15:00,2021-11-09 10:45:00,34.97,35.69566,33.166,2.4860127332359614,False,-1.048190612683626,0.12057488653555176,False,0.2574886535552191
LINKUSDT,high,2021-12-06,снятие без шифта,0.06193722124042756,False,2022-01-09 16:30:00,,,,,,,,,,
LINKUSDT,high,2021-12-13,зона раньше снятия,0.21604010025062648,True,,,,,,,,,,,
LINKUSDT,high,2022-10-17,зона раньше снятия,0.4106648199445977,True,,,,,,,,,,,
LINKUSDT,high,2023-01-02,зона раньше снятия,0.27219796215429304,True,,,,,,,,,,,
LINKUSDT,high,2023-01-30,сделка,0.6986434108527132,False,2023-02-19 07:00:00,2023-02-19 16:45:00,8.054,8.304295999999999,7.392,2.644868475724755,False,-1.0321779013647843,0.03585271317829364,False,0.7344961240310068
LINKUSDT,high,2023-04-03,сделка,0.528101802757158,False,2023-04-16 21:00:00,2023-04-17 00:30:00,7.98,8.206198,7.702,1.2290117507670286,False,-1.0352788265148232,0.0275715800636265,False,0.5556733828207845
LINKUSDT,high,2023-06-12,зона раньше снятия,0.11098779134295238,True,,,,,,,,,,,
LINKUSDT,high,2023-08-21,сделка,0.20951465641518502,False,2023-09-29 20:00:00,2023-09-30 08:15:00,8.027,8.162154,7.48,4.047235005993155,False,-1.0593915089453512,0.041326285439692606,False,0.25084094185487765
LINKUSDT,high,2023-10-02,сделка,1.0872434017595312,False,2023-10-22 18:00:00,2023-10-23 06:45:00,10.536,11.09108,8.815,3.1004539886142526,False,-1.018981047776897,0.9750733137829912,False,2.062316715542522
LINKUSDT,high,2023-11-13,нет фрактала,,,,,,,,,,,,,
LINKUSDT,high,2023-11-20,зона раньше снятия,0.29784172661870506,True,,,,,,,,,,,
LINKUSDT,high,2024-01-08,зона раньше снятия,0.119373290226312,True,,,,,,,,,,,
LINKUSDT,high,2024-04-15,зона раньше снятия,0.07848753938699488,True,,,,,,,,,,,
LINKUSDT,high,2024-07-08,нет фрактала,,,,,,,,,,,,,
LINKUSDT,high,2024-08-12,сделка,0.20488903184303586,False,2024-08-23 05:15:00,2024-08-23 10:45:00,11.565,11.740729,11.073,2.799765548088237,False,-1.0658115621212205,0.038275972981666045,False,0.2431650048247019
LINKUSDT,high,2025-04-28,сделка,0.571657325860689,False,2025-05-10 16:45:00,2025-05-11 07:00:00,16.573,17.482465,15.164,1.5492624784901006,False,-1.0182228013172578,0.27542033626901474,False,0.8470776621297037
LINKUSDT,high,2025-06-23,сделка,0.09928858645221147,False,2025-07-10 16:15:00,2025-07-11 07:00:00,15.23,15.617602,13.781,3.738370803040238,False,-1.0392928829056611,0.3479740179399938,False,0.4472626043922052
LINKUSDT,high,2025-11-24,зона раньше снятия,0.23935772964899188,True,,,,,,,,,,,
LINKUSDT,high,2025-12-22,сделка,0.19820269595606602,False,2026-01-06 14:15:00,2026-01-06 16:15:00,13.772,14.245231,13.265,1.0713583852283546,True,1.0422563187956821,0.051422865701447704,True,0.2496255616575137
LINKUSDT,high,2026-02-09,нет фрактала,,,,,,,,,,,,,
LINKUSDT,high,2026-03-09,зона раньше снятия,0.36151368760064373,True,,,,,,,,,,,
LINKUSDT,high,2026-03-30,зона раньше снятия,0.28418640183346033,True,,,,,,,,,,,
LINKUSDT,high,2026-04-20,сделка,0.3218197135636056,False,2026-05-08 17:30:00,2026-05-09 04:45:00,10.51,10.616605999999999,9.755,7.082152974504286,False,-1.098587321539126,0.3024431339511375,False,0.624262847514743
LINKUSDT,high,2026-07-06,зона раньше снятия,0.41485507246376857,True,,,,,,,,,,,
LINKUSDT,high,2026-08-03,снятие без шифта,0.8082851637764933,False,2026-08-19 08:30:00,,,,,,,,,,
LINKUSDT,high,2026-08-24,зона раньше снятия,0.3181130934381613,True,,,,,,,,,,,
LTCUSDT,low,2020-09-07,нет фрактала,,,,,,,,,,,,,
LTCUSDT,low,2020-09-14,нет фрактала,,,,,,,,,,,,,
LTCUSDT,low,2021-03-15,зона раньше снятия,0.23099645529736096,True,,,,,,,,,,,
LTCUSDT,low,2021-05-24,нет фрактала,,,,,,,,,,,,,
LTCUSDT,low,2021-05-31,зона раньше снятия,0.500433025404157,True,,,,,,,,,,,
LTCUSDT,low,2021-06-28,нет фрактала,,,,,,,,,,,,,
LTCUSDT,low,2021-12-06,зона раньше снятия,0.04326396495071182,True,,,,,,,,,,,
LTCUSDT,low,2022-01-24,нет фрактала,,,,,,,,,,,,,
LTCUSDT,low,2022-04-18,зона раньше снятия,0.4066666666666663,True,,,,,,,,,,,
LTCUSDT,low,2022-05-16,сделка,0.1450024618414574,False,2022-06-12 23:30:00,2022-06-13 15:30:00,43.53,40.90905,53.93,3.9680268604895157,False,-1.0166084816574144,0.18316100443131456,False,0.32816346627277193
LTCUSDT,low,2022-05-30,снятие без шифта,0.14369501466275666,False,2022-06-10 12:30:00,,,,,,,,,,
LTCUSDT,low,2022-09-26,нет фрактала,,,,,,,,,,,,,
LTCUSDT,low,2023-02-20,сделка,0.24563380281690136,False,2023-03-08 14:00:00,2023-03-09 13:45:00,84.41,81.10880999999999,89.18,1.4449334936795526,False,-1.0255695673378387,0.14422535211267618,False,0.38985915492957757
LTCUSDT,low,2023-04-24,снятие без шифта,0.17928286852589614,False,2023-05-08 17:00:00,,,,,,,,,,
LTCUSDT,low,2023-10-02,сделка,0.233807266982622,False,2023-10-12 00:45:00,2023-10-12 17:30:00,61.32,59.99994,62.31,0.7499659106404281,True,0.7035134766601544,0.15165876777251203,True,0.385466034755134
LTCUSDT,low,2023-11-13,нет фрактала,,,,,,,,,,,,,
LTCUSDT,low,2024-05-27,сделка,0.8886659979939818,False,2024-06-18 16:15:00,2024-06-18 20:45:00,72.28,70.5294,80.37,4.621272706500616,False,-1.0412887010167942,0.02407221664995076,False,0.9127382146439326
LTCUSDT,low,2024-06-10,зона раньше снятия,0.3554964539007097,True,,,,,,,,,,,
LTCUSDT,low,2024-08-19,нет фрактала,,,,,,,,,,,,,
LTCUSDT,low,2025-01-20,нет фрактала,,,,,,,,,,,,,
LTCUSDT,low,2025-03-17,зона раньше снятия,0.19823232323232323,True,,,,,,,,,,,
LTCUSDT,low,2025-05-12,сделка,0.10015290519877693,False,2025-06-22 13:30:00,2025-06-22 17:00:00,78.99,77.20272,81.75,1.5442460051027327,False,-1.0441956492547335,0.040137614678898974,False,0.1402905198776759
LTCUSDT,low,2025-09-15,зона раньше снятия,1.0447316103379725,True,,,,,,,,,,,
LTCUSDT,low,2025-11-10,зона раньше снятия,0.14667057788207685,True,,,,,,,,,,,
LTCUSDT,low,2025-11-24,зона раньше снятия,0.29960871995528227,True,,,,,,,,,,,
LTCUSDT,low,2026-02-16,зона раньше снятия,0.15343915343915293,True,,,,,,,,,,,
LTCUSDT,low,2026-06-08,зона раньше снятия,0.1035653650254668,True,,,,,,,,,,,
LTCUSDT,low,2026-08-03,нет фрактала,,,,,,,,,,,,,
LTCUSDT,high,2020-01-20,зона раньше снятия,0.4768806073153896,True,,,,,,,,,,,
LTCUSDT,high,2020-03-23,зона раньше снятия,0.27079037800687267,True,,,,,,,,,,,
LTCUSDT,high,2020-05-11,нет фрактала,,,,,,,,,,,,,
LTCUSDT,high,2020-06-29,зона раньше снятия,0.21379310344827482,True,,,,,,,,,,,
LTCUSDT,high,2020-08-03,зона раньше снятия,0.19487453283502354,True,,,,,,,,,,,
LTCUSDT,high,2020-11-30,сделка,0.6163061564059898,False,2020-12-19 12:30:00,2020-12-19 23:00:00,121.05,124.54442,99.16,6.26427275484915,True,6.229631813004724,0.37936772046589035,False,0.9956738768718802
LTCUSDT,high,2021-01-18,сделка,0.4288155870791318,False,2021-02-12 21:15:00,2021-02-13 06:15:00,203.93,210.36015,172.44,4.897241899489129,False,-1.0317146567342907,0.23927533754913688,False,0.6680909246282687
LTCUSDT,high,2021-03-01,зона раньше снятия,0.037745951010574125,True,,,,,,,,,,,
LTCUSDT,high,2021-04-26,сделка,0.45105882352941146,False,2021-05-05 01:00:00,2021-05-05 11:45:00,337.89,349.349,292.86,3.9296622741949525,False,-1.0294868662186927,0.24305882352941205,False,0.6941176470588235
LTCUSDT,high,2022-08-01,снятие без шифта,0.08904649330181205,False,2022-08-14 16:00:00,,,,,,,,,,
LTCUSDT,high,2022-10-17,зона раньше снятия,0.5121163166397402,True,,,,,,,,,,,
LTCUSDT,high,2022-11-14,зона раньше снятия,0.45082915541843416,True,,,,,,,,,,,
LTCUSDT,high,2022-11-28,нет фрактала,,,,,,,,,,,,,
LTCUSDT,high,2023-02-06,зона раньше снятия,0.21331521739130438,True,,,,,,,,,,,
LTCUSDT,high,2023-03-13,зона раньше снятия,0.21235823230348094,True,,,,,,,,,,,
LTCUSDT,high,2023-03-27,зона раньше снятия,0.17404737384140037,True,,,,,,,,,,,
LTCUSDT,high,2023-05-22,зона раньше снятия,0.19860896445131437,True,,,,,,,,,,,
LTCUSDT,high,2023-10-30,зона раньше снятия,0.25209080047789706,True,,,,,,,,,,,
LTCUSDT,high,2024-01-15,сделка,0.4646588813767673,False,2024-02-29 17:00:00,2024-02-29 21:15:00,80.77,85.19511,76.94,0.8655152075315631,False,-1.018252653606351,0.01905347264904747,False,0.4837123540258148
LTCUSDT,high,2024-01-29,зона раньше снятия,0.0817610062893083,True,,,,,,,,,,,
LTCUSDT,high,2024-03-04,зона раньше снятия,0.4286269933877866,True,,,,,,,,,,,
LTCUSDT,high,2024-05-06,зона раньше снятия,0.3638814016172501,True,,,,,,,,,,,
LTCUSDT,high,2024-07-08,нет фрактала,,,,,,,,,,,,,
LTCUSDT,high,2024-10-07,сделка,0.4959893048128355,False,2024-10-17 20:30:00,2024-10-18 09:00:00,71.99,74.94487000000001,68.65,1.13033737524831,False,-1.024363169953331,0.24197860962566886,False,0.7379679144385044
LTCUSDT,high,2024-10-21,зона раньше снятия,0.17065127782357858,True,,,,,,,,,,,
LTCUSDT,high,2024-12-23,нет фрактала,,,,,,,,,,,,,
LTCUSDT,high,2025-06-23,сделка,0.7396403440187638,False,2025-07-16 17:00:00,2025-07-16 22:45:00,97.89,100.08999,86.07,5.3727516943258875,False,-1.04449565679844,0.12744331508991358,False,0.8670836591086774
LTCUSDT,high,2025-10-20,зона раньше снятия,0.3323581041544758,True,,,,,,,,,,,
LTCUSDT,high,2025-12-22,сделка,0.15927189988623489,False,2026-01-04 06:15:00,2026-01-04 06:30:00,82.07,82.8828,79.23,3.4940944881889204,False,-1.1009719488188965,0.0011376564277577814,False,0.16040955631399267
LTCUSDT,high,2026-03-02,нет фрактала,,,,,,,,,,,,,
LTCUSDT,high,2026-03-09,зона раньше снятия,0.27633851468048387,True,,,,,,,,,,,
LTCUSDT,high,2026-04-20,зона раньше снятия,0.11111111111111127,True,,,,,,,,,,,
LTCUSDT,high,2026-07-06,зона раньше снятия,0.3948412698412703,True,,,,,,,,,,,
LTCUSDT,high,2026-08-24,зона раньше снятия,0.3353293413173647,True,,,,,,,,,,,
SOLUSDT,low,2020-09-21,сделка,0.10634131056362855,False,2020-10-08 06:30:00,2020-10-08 13:00:00,2.3164,2.0096882999999996,2.4711,0.5043824542722041,True,0.4968300850603351,0.02886686772942701,True,0.13520817829305556
SOLUSDT,low,2020-11-30,сделка,0.27805067218200635,False,2020-12-11 01:00:00,2020-12-11 03:15:00,1.5146,1.4937048000000002,1.7156,9.61943412841237,False,-1.0724855469198675,0.0021975180972076177,False,0.280248190279214
SOLUSDT,low,2020-12-14,зона раньше снятия,0.7731343283582089,True,,,,,,,,,,,
SOLUSDT,low,2021-05-03,нет зоны,,,,,,,,,,,,,
SOLUSDT,low,2021-09-13,зона раньше снятия,0.16696376895474024,True,,,,,,,,,,,
SOLUSDT,low,2021-11-08,зона раньше снятия,0.24102514878095604,True,,,,,,,,,,,
SOLUSDT,low,2022-04-04,зона раньше снятия,0.19850291100637635,True,,,,,,,,,,,
SOLUSDT,low,2022-05-16,сделка,0.09902718882514339,False,2022-06-12 01:45:00,2022-06-12 07:45:00,33.14,31.00896,38.06,2.308731886778285,False,-1.0155510924243563,0.05213270142180103,False,0.15115989024694443
SOLUSDT,low,2022-10-03,сделка,0.333333333333334,False,2022-10-13 06:30:00,2022-10-13 16:30:00,30.01,27.09288,31.6,0.5450581395348836,True,0.5347705956559893,0.8571428571428573,True,1.1904761904761911
SOLUSDT,low,2022-11-14,зона раньше снятия,0.0694895934478828,True,,,,,,,,,,,
SOLUSDT,low,2022-11-28,снятие без шифта,0.3202067437853803,False,2022-12-28 21:15:00,,,,,,,,,,
SOLUSDT,low,2023-01-30,сделка,0.4454717377600338,False,2023-02-10 22:15:00,2023-02-11 03:00:00,20.433,19.640340000000002,21.799,1.7233113819292045,True,1.697533620972426,0.06934229880226903,True,0.5148140365623028
SOLUSDT,low,2023-05-01,зона раньше снятия,0.17929361013750314,True,,,,,,,,,,,
SOLUSDT,low,2023-07-17,зона раньше снятия,0.09387599847850908,True,,,,,,,,,,,
SOLUSDT,low,2024-01-08,зона раньше снятия,0.13545698124441835,True,,,,,,,,,,,
SOLUSDT,low,2024-01-15,зона раньше снятия,0.268122270742358,True,,,,,,,,,,,
SOLUSDT,low,2024-03-25,сделка,0.46804385891770195,False,2024-04-13 17:30:00,2024-04-14 06:30:00,144.273,112.804083,167.943,0.7521707849049912,False,-1.0045846191656358,0.5645584924539313,False,1.0326023513716334
SOLUSDT,low,2024-05-27,снятие без шифта,0.5681322219439774,False,2024-06-14 14:30:00,,,,,,,,,,
SOLUSDT,low,2024-12-23,нет фрактала,,,,,,,,,,,,,
SOLUSDT,low,2025-01-20,зона раньше снятия,0.05426538431464538,True,,,,,,,,,,,
SOLUSDT,low,2025-02-10,зона раньше снятия,0.26975945017182157,True,,,,,,,,,,,
SOLUSDT,low,2025-10-13,сделка,0.05815882230976585,False,2025-11-16 16:45:00,2025-11-17 06:15:00,140.95,134.16570000000002,146.1,0.7591055820055166,False,-1.0207759090842092,0.014202778353721503,False,0.07236160066348736
SOLUSDT,low,2025-10-20,сделка,0.48779833735585953,False,2025-11-04 17:00:00,2025-11-05 04:30:00,157.57,145.52433,178.62,1.747515912356889,False,-1.0130810490408586,0.2719227674979892,False,0.7597211048538487
SOLUSDT,low,2025-12-08,зона раньше снятия,0.26616288832913526,True,,,,,,,,,,,
SOLUSDT,low,2026-02-16,зона раньше снятия,0.06621160409556408,True,,,,,,,,,,,
SOLUSDT,low,2026-04-20,нет фрактала,,,,,,,,,,,,,
SOLUSDT,low,2026-07-20,зона раньше снятия,0.17926186291739787,True,,,,,,,,,,,
SOLUSDT,high,2020-11-09,нет фрактала,,,,,,,,,,,,,
SOLUSDT,high,2021-03-01,зона раньше снятия,0.13265371959481248,True,,,,,,,,,,,
SOLUSDT,high,2021-10-04,сделка,0.3347817380857027,False,2021-10-22 00:15:00,2021-10-22 17:45:00,202.79,215.996781,180.105,1.7176782139417615,False,-1.015354990743013,0.4217460953143775,False,0.7565278334000802
SOLUSDT,high,2022-07-04,сделка,0.46901811248808395,False,2022-07-19 12:30:00,2022-07-19 22:30:00,45.1,47.4474,40.26,2.061855670103094,True,2.0426429240862243,0.11439466158245906,True,0.583412774070543
SOLUSDT,high,2022-08-01,нет фрактала,,,,,,,,,,,,,
SOLUSDT,high,2023-04-03,снятие без шифта,0.8625211505922155,False,2023-04-12 07:15:00,,,,,,,,,,
SOLUSDT,high,2023-06-12,зона раньше снятия,0.1071239546946121,True,,,,,,,,,,,
SOLUSDT,high,2023-11-20,зона раньше снятия,0.553984874927284,True,,,,,,,,,,,
SOLUSDT,high,2024-04-15,зона раньше снятия,0.05781697782476845,True,,,,,,,,,,,
SOLUSDT,high,2024-07-08,зона раньше снятия,0.15054812604029189,True,,,,,,,,,,,
SOLUSDT,high,2024-10-07,зона раньше снятия,0.03163562934709461,True,,,,,,,,,,,
SOLUSDT,high,2025-03-17,снятие без шифта,0.3307847082494968,False,2025-03-25 13:15:00,,,,,,,,,,
SOLUSDT,high,2025-04-28,сделка,0.805449127288207,False,2025-05-10 23:00:00,2025-05-11 07:30:00,172.3,180.47029,158.51,1.6878225864687826,False,-1.0210886027301356,0.17581949765857785,False,0.9812686249467848
SOLUSDT,high,2025-06-23,зона раньше снятия,0.28919330289193296,True,,,,,,,,,,,
SOLUSDT,high,2025-08-04,сделка,0.24621212121212122,False,2025-08-14 02:30:00,2025-08-14 05:30:00,206.83,210.3101,195.2,3.3418579925864336,True,3.282425792362302,0.12702020202020203,True,0.37323232323232325
SOLUSDT,high,2025-09-01,снятие без шифта,0.24367956137678964,False,2025-09-11 12:00:00,,,,,,,,,,
SOLUSDT,high,2025-11-24,нет фрактала,,,,,,,,,,,,,
SOLUSDT,high,2025-12-22,зона раньше снятия,0.12573568753343997,True,,,,,,,,,,,
SOLUSDT,high,2026-03-09,зона раньше снятия,0.25053686471009307,True,,,,,,,,,,,
SOLUSDT,high,2026-06-08,зона раньше снятия,0.038177874186550775,True,,,,,,,,,,,
SOLUSDT,high,2026-07-06,снятие без шифта,0.30476190476190573,False,2026-08-21 00:15:00,,,,,,,,,,
SOLUSDT,high,2026-08-10,сделка,1.5673876871880226,False,2026-08-20 08:00:00,2026-08-20 12:00:00,86.83,88.20812000000001,80.96,4.25942588453833,False,-1.0630061242852578,0.13643926788685667,False,1.7038269550748792
XRPUSDT,low,2020-05-11,нет фрактала,,,,,,,,,,,,,
XRPUSDT,low,2020-09-07,зона раньше снятия,0.13527851458885926,True,,,,,,,,,,,
XRPUSDT,low,2020-11-30,сделка,0.6286607904464031,False,2020-12-29 10:45:00,2020-12-29 17:30:00,0.2186,0.1705293,0.4473,4.75757582061422,False,-1.0045474686243387,0.11487062837645726,False,0.7435314188228602
XRPUSDT,low,2021-05-24,зона раньше снятия,0.1338821080518498,True,,,,,,,,,,,
XRPUSDT,low,2021-09-13,сделка,0.06332757628094422,False,2021-09-21 21:15:00,2021-09-22 03:30:00,0.924,0.8570421,0.9941,1.046926501577856,True,1.0331267856369437,0.011514104778353495,True,0.07484168105929773
XRPUSDT,low,2021-10-11,нет фрактала,,,,,,,,,,,,,
XRPUSDT,low,2021-10-18,нет фрактала,,,,,,,,,,,,,
XRPUSDT,low,2021-12-06,нет фрактала,,,,,,,,,,,,,
XRPUSDT,low,2022-02-14,зона раньше снятия,0.2028397565922918,True,,,,,,,,,,,
XRPUSDT,low,2022-04-18,сделка,0.4392059553349879,False,2022-04-29 10:30:00,2022-04-29 20:15:00,0.6101,0.5975018999999999,0.6795,5.508767195053199,False,-1.0484279375461376,0.2307692307692311,False,0.669975186104219
XRPUSDT,low,2022-05-16,сделка,0.14303329223181263,False,2022-06-14 01:15:00,2022-06-14 03:30:00,0.3143,0.2929068,0.3377,1.0938055082923535,True,1.0791139240506318,0.030826140567201024,True,0.17385943279901364
XRPUSDT,low,2022-07-04,нет фрактала,,,,,,,,,,,,,
XRPUSDT,low,2022-08-01,зона раньше снятия,0.081272084805654,True,,,,,,,,,,,
XRPUSDT,low,2022-09-26,зона раньше снятия,0.13047445255474466,True,,,,,,,,,,,
XRPUSDT,low,2022-10-10,нет фрактала,,,,,,,,,,,,,
XRPUSDT,low,2022-11-14,нет фрактала,,,,,,,,,,,,,
XRPUSDT,low,2022-11-28,сделка,0.10857908847184981,False,2022-12-19 16:15:00,2022-12-19 20:00:00,0.3382,0.3308688,0.3653,3.696529899607169,True,3.6503982976866105,0.07640750670241264,False,0.18498659517426244
XRPUSDT,low,2023-04-03,зона раньше снятия,0.07949790794979056,True,,,,,,,,,,,
XRPUSDT,low,2023-05-01,зона раньше снятия,0.4303571428571438,True,,,,,,,,,,,
XRPUSDT,low,2023-06-19,нет фрактала,,,,,,,,,,,,,
XRPUSDT,low,2023-07-17,нет фрактала,,,,,,,,,,,,,
XRPUSDT,low,2023-09-04,нет фрактала,,,,,,,,,,,,,
XRPUSDT,low,2023-10-02,сделка,0.16354344122657605,False,2023-10-11 16:45:00,2023-10-11 17:15:00,0.4855,0.47762190000000004,0.4909,0.6854444599586264,False,-1.0616265343166504,0.05281090289608172,False,0.21635434412265778
XRPUSDT,low,2023-12-11,нет фрактала,,,,,,,,,,,,,
XRPUSDT,low,2024-03-25,зона раньше снятия,0.052371541501976,True,,,,,,,,,,,
XRPUSDT,low,2024-05-27,нет фрактала,,,,,,,,,,,,,
XRPUSDT,low,2024-06-10,зона раньше снятия,0.7718277066356241,True,,,,,,,,,,,
XRPUSDT,low,2024-10-07,нет фрактала,,,,,,,,,,,,,
XRPUSDT,low,2025-01-20,нет фрактала,,,,,,,,,,,,,
XRPUSDT,low,2025-02-17,зона раньше снятия,0.5036027263875363,True,,,,,,,,,,,
XRPUSDT,low,2025-03-03,нет фрактала,,,,,,,,,,,,,
XRPUSDT,low,2025-07-21,зона раньше снятия,0.08943089430894302,True,,,,,,,,,,,
XRPUSDT,low,2025-08-11,зона раньше снятия,0.1730809236530054,True,,,,,,,,,,,
XRPUSDT,low,2025-09-15,нет фрактала,,,,,,,,,,,,,
XRPUSDT,low,2025-11-24,зона раньше снятия,0.1023427866831074,True,,,,,,,,,,,
XRPUSDT,low,2026-02-16,зона раньше снятия,0.08985683825769071,True,,,,,,,,,,,
XRPUSDT,low,2026-06-08,сделка,0.12928669410150834,False,2026-06-26 02:15:00,2026-06-26 07:00:00,1.0489,1.0070919,1.1149,1.5786414594301155,True,1.5535530196301723,0.010973936899863137,True,0.14026063100137148
XRPUSDT,low,2026-07-06,зона раньше снятия,0.05658056580565872,True,,,,,,,,,,,
XRPUSDT,high,2020-01-20,снятие без шифта,0.36607142857142994,False,2020-02-05 00:00:00,,,,,,,,,,
XRPUSDT,high,2020-03-16,зона раньше снятия,0.179352580927384,True,,,,,,,,,,,
XRPUSDT,high,2020-03-30,зона раньше снятия,0.4289044289044299,True,,,,,,,,,,,
XRPUSDT,high,2020-06-08,зона раньше снятия,0.16666666666666727,True,,,,,,,,,,,
XRPUSDT,high,2020-06-29,сделка,0.7377777777777768,False,2020-07-09 11:45:00,2020-07-09 15:15:00,0.2008,0.2124122,0.1956,0.44780489485196734,True,0.43051273660460676,0.23111111111111157,False,0.9688888888888884
XRPUSDT,high,2020-07-13,зона раньше снятия,0.3760445682451268,True,,,,,,,,,,,
XRPUSDT,high,2020-10-26,зона раньше снятия,0.21372854914196587,True,,,,,,,,,,,
XRPUSDT,high,2021-01-11,зона раньше снятия,2.4554140127388555,True,,,,,,,,,,,
XRPUSDT,high,2021-02-08,сделка,0.8283457026574093,False,2021-04-06 20:00:00,2021-04-07 06:45:00,0.9641,1.125124,0.752,1.3171949523052457,False,-1.0059873062400635,0.04859947330620112,False,0.8769451759636104
XRPUSDT,high,2021-02-15,нет фрактала,,,,,,,,,,,,,
XRPUSDT,high,2021-03-01,сделка,1.4946879150066403,False,2021-04-06 20:00:00,2021-04-07 06:45:00,0.9641,1.125124,0.6603,1.886675278219395,False,-1.0059873062400635,0.06739707835325436,False,1.5620849933598946
XRPUSDT,high,2021-03-08,сделка,0.66425120772947,False,2021-03-22 10:30:00,2021-03-22 19:00:00,0.5691,0.6020014,0.45,3.6199067516883825,True,3.6026096153963096,0.6207729468599041,False,1.2850241545893741
XRPUSDT,high,2021-06-28,сделка,0.2286764705882354,False,2021-08-10 12:15:00,2021-08-11 02:30:00,0.8678,0.8839831,0.7582,6.772497234769605,False,-1.0536238421563235,0.14852941176470583,False,0.3772058823529412
XRPUSDT,high,2021-08-16,зона раньше снятия,0.11527377521613803,True,,,,,,,,,,,
XRPUSDT,high,2021-12-13,сделка,0.21340482573726513,False,2021-12-23 02:00:00,2021-12-23 07:45:00,0.9715,1.0195185,0.931,0.8434249299749057,True,0.8231931443089644,0.23967828418230544,True,0.45308310991957057
XRPUSDT,high,2022-01-24,сделка,0.5746140651801029,False,2022-02-09 19:00:00,2022-02-09 23:15:00,0.8768,0.9182173,0.7806,2.322700900348407,True,2.301531002745232,0.014150943396226285,True,0.5887650085763293
XRPUSDT,high,2022-03-14,зона раньше снятия,0.11399317406143303,True,,,,,,,,,,,
XRPUSDT,high,2022-10-24,зона раньше снятия,0.4053208137715192,True,,,,,,,,,,,
XRPUSDT,high,2023-03-13,зона раньше снятия,1.6539162112932615,True,,,,,,,,,,,
XRPUSDT,high,2023-07-03,нет фрактала,,,,,,,,,,,,,
XRPUSDT,high,2023-11-27,снятие без шифта,0.26291793313069883,False,2023-12-08 12:00:00,,,,,,,,,,
XRPUSDT,high,2024-01-08,сделка,0.15835411471321761,False,2024-03-05 01:30:00,2024-03-05 04:30:00,0.6442,0.6705699,0.6206,0.8949597836927673,True,0.8705304153599334,0.018079800498753212,True,0.17643391521197083
XRPUSDT,high,2024-02-05,сделка,0.3524150268336304,False,2024-02-15 20:30:00,2024-02-16 14:45:00,0.5591,0.5802797,0.5288,1.4306151645207494,True,1.4042172457589162,0.3595706618962434,True,0.7119856887298739
XRPUSDT,high,2024-02-19,сделка,0.41954887218045167,False,2024-02-29 06:15:00,2024-02-29 21:15:00,0.5944,0.6275269,0.5486,1.3825622077526156,False,-1.0179431217530164,0.29022556390977416,False,0.7097744360902258
XRPUSDT,high,2024-07-22,зона раньше снятия,0.17617021276595804,True,,,,,,,,,,,
XRPUSDT,high,2024-08-12,нет фрактала,,,,,,,,,,,,,
XRPUSDT,high,2024-10-28,снятие без шифта,0.7752659574468073,False,2024-11-11 20:00:00,,,,,,,,,,
XRPUSDT,high,2024-12-23,сделка,0.6118121503837648,False,2025-01-16 11:30:00,2025-01-16 23:15:00,3.18,3.4077043000000002,2.782,1.7478809139748348,True,1.7339154333053877,0.2668141017301942,True,0.878626252113959
XRPUSDT,high,2025-04-14,зона раньше снятия,0.08531777322188937,True,,,,,,,,,,,
XRPUSDT,high,2025-06-23,сделка,1.4923184357541914,False,2025-07-14 05:30:00,2025-07-14 06:00:00,2.9045,2.9840811,2.3292,7.229103392639712,False,-1.036497359297622,0.007914338919925679,False,1.500232774674117
XRPUSDT,high,2025-12-22,сделка,0.17283950617283866,False,2026-01-04 03:45:00,2026-01-04 19:00:00,2.0766,2.1220198999999997,1.9767,2.199476440943302,False,-1.045720047820449,0.2658436213991768,False,0.4386831275720155
XRPUSDT,high,2026-03-02,зона раньше снятия,0.5042391789379743,True,,,,,,,,,,,
XRPUSDT,high,2026-03-09,зона раньше снятия,0.8870541611624847,True,,,,,,,,,,,
XRPUSDT,high,2026-04-20,нет фрактала,,,,,,,,,,,,,
