sym,side,ib_week,t,depth,rr,win,net,top_before_stop,risk_pct,entry,stop,target
ADAUSDT,low,2021-07-05,2021-07-14 16:00:00,0.38375870069605567,0.6369860859171028,False,-1.0166704239234148,False,5.998647692428646,1.2719,1.1956032,1.3205
ADAUSDT,low,2022-01-24,2022-02-22 12:00:00,0.14026836353575864,2.2241214819526145,False,-1.0171231515344252,False,5.840046430644227,0.8615,0.811188,0.9734
ADAUSDT,low,2022-06-06,2022-06-13 20:00:00,0.19350282485875717,0.6381470719772371,True,0.6257633572812854,True,8.075121436114042,0.4735,0.4352643,0.4979
ADAUSDT,low,2022-07-04,2022-07-13 12:00:00,0.2380952380952383,0.9775240813414232,False,-1.030581519800214,False,3.2699486700886604,0.4286,0.414585,0.4423
ADAUSDT,low,2023-02-20,2023-03-03 12:00:00,0.35483870967741893,0.644656260072755,False,-1.015582262743473,False,6.417553191489358,0.3384,0.316683,0.3524
ADAUSDT,low,2023-07-17,2023-08-16 04:00:00,0.04710500490677166,1.361551691190522,False,-1.03354911140837,False,2.9807048771804965,0.2809,0.27252719999999997,0.2923
ADAUSDT,low,2023-07-24,2023-08-01 12:00:00,0.17014925373134276,1.2238687483461304,False,-1.0251885419423128,False,3.9700590938936178,0.3046,0.2925072,0.3194
ADAUSDT,low,2024-03-25,2024-04-03 12:00:00,0.05134099616858272,0.7105434373180813,False,-1.0250487963565387,False,3.9922077922077928,0.5852,0.5618376,0.6018
ADAUSDT,low,2025-02-17,2025-02-25 20:00:00,0.19452706722189145,0.4138243755764392,True,0.3989729231189167,False,6.733348154735425,0.6747,0.6292701,0.6935
ADAUSDT,low,2025-03-17,2025-03-31 20:00:00,0.12803030303030322,0.8292749121722477,True,0.8045813669466095,True,4.049641276141052,0.6551,0.6285708,0.6771
ADAUSDT,low,2025-08-18,2025-09-26 04:00:00,0.04433111023930944,1.1208430098031346,True,1.0878757902155538,True,3.033316162266568,0.7765,0.7529463000000001,0.8029
ADAUSDT,low,2025-11-24,2025-12-02 00:00:00,0.15138023152270716,0.23730265976731507,True,0.2119046834316636,True,3.937321567609649,0.3853,0.3701295,0.3889
ADAUSDT,high,2020-03-16,2020-04-27 12:00:00,0.14096749811035594,1.013446260202328,True,0.9856368122289189,False,3.595900216919739,0.0461,0.04775771,0.04442
ADAUSDT,high,2020-03-23,2020-04-07 12:00:00,0.24298315958300154,2.8713277415521916,True,2.819955020580184,True,1.9465583700440654,0.03632,0.03702699,0.03429
ADAUSDT,high,2020-07-13,2020-07-26 16:00:00,0.36998584237848037,2.2064925796792343,True,2.188274174018542,True,5.488954514596081,0.1473,0.15538523,0.12946
ADAUSDT,high,2020-11-09,2020-11-24 00:00:00,1.7288973384030488,7.513799499761722,False,-1.0316872099753152,False,3.1558474248096124,0.15494,0.15982967,0.1182
ADAUSDT,high,2022-08-01,2022-08-13 16:00:00,0.10263653483992495,2.964240162501766,False,-1.0660990127072605,False,1.5128819010184062,0.5597,0.5681676,0.5346
ADAUSDT,high,2023-06-12,2023-07-14 12:00:00,0.002463054187192189,0.545527198179262,True,0.5333275421741194,True,8.196952435203633,0.3511,0.3798795,0.3354
ADAUSDT,high,2023-06-26,2023-07-14 12:00:00,1.4030131826742025,1.4315745582793333,True,1.4193749022741908,True,8.196952435203633,0.3511,0.3798795,0.3099
ADAUSDT,high,2025-04-14,2025-04-24 00:00:00,0.3155555555555556,0.9475560559151911,True,0.9148419176282974,False,3.0567823343848506,0.6974,0.718718,0.6772
ADAUSDT,high,2025-04-28,2025-05-09 20:00:00,0.5530939648586709,0.7582566460134496,False,-1.020711541673626,False,4.828225806451624,0.7812,0.8189181000000001,0.7526
ADAUSDT,high,2025-06-23,2025-07-12 00:00:00,0.8108108108108109,0.8447554643756021,False,-1.010312995712248,False,9.696503595093745,0.7093,0.7780773,0.6512
ADAUSDT,high,2025-08-04,2025-08-14 16:00:00,0.9518002322880375,0.9070067837852221,True,0.8973633208541724,True,10.369718918918913,0.925,1.0209199,0.838
BNBUSDT,low,2021-03-15,2021-03-26 00:00:00,0.06969859757003594,1.4528007137268337,True,1.431870430797654,True,4.777766279527232,233.852,222.67909799999998,250.084
BNBUSDT,low,2021-11-08,2021-12-04 16:00:00,0.16894488188976373,0.4761045179263534,True,0.4689470375733028,True,13.971397065362378,562.25,483.69582,599.65
BNBUSDT,low,2021-11-22,2021-12-04 16:00:00,0.22516092919115602,0.4761045179263534,True,0.4689470375733028,True,13.971397065362378,562.25,483.69582,599.65
BNBUSDT,low,2022-11-28,2022-12-17 12:00:00,0.4382984901277584,0.8370003110925354,True,0.8238286865161137,True,7.592077911103599,236.68,218.71107,251.72
BNBUSDT,low,2023-02-06,2023-02-14 04:00:00,0.4959785522788202,0.4421417670432365,True,0.40857593409663284,True,2.979219975237304,290.76,282.09762,294.59
BNBUSDT,low,2023-02-20,2023-03-10 20:00:00,0.39085739282589665,0.2439506981201494,True,0.22195302002223374,True,4.545934327926875,276.83,264.24549,279.9
BNBUSDT,low,2023-04-17,2023-05-09 04:00:00,0.038961038961038995,1.148418491484174,False,-1.0763503649635033,False,1.309751434034421,313.8,309.69,318.52
BNBUSDT,low,2023-04-24,2023-05-09 04:00:00,0.14495205865764185,1.148418491484174,False,-1.0763503649635033,False,1.309751434034421,313.8,309.69,318.52
BNBUSDT,low,2023-05-01,2023-05-09 04:00:00,0.2715736040609142,1.148418491484174,False,-1.0763503649635033,False,1.309751434034421,313.8,309.69,318.52
BNBUSDT,low,2023-05-15,2023-06-06 04:00:00,1.4069656488549636,5.157273425077059,False,-1.0562250713120815,False,1.7785659967408889,276.15,271.23849,301.48
BNBUSDT,low,2023-08-07,2023-08-16 04:00:00,0.1846044191019247,0.7954683520509089,False,-1.0541789597474673,False,1.8457349581111977,236.34,231.97779,239.81
BNBUSDT,low,2025-02-17,2025-02-25 16:00:00,0.07625046313449396,0.5360093276674783,True,0.5101376324030207,True,3.8652279635258178,608.65,585.1242900000001,621.26
BNBUSDT,low,2025-10-20,2025-11-04 00:00:00,0.197958202539521,0.8920906707500971,False,-1.0230423888076843,False,4.33982782057091,993.15,950.049,1031.6
BNBUSDT,low,2026-02-16,2026-02-23 12:00:00,0.07186234817813753,0.4082007952081331,False,-1.0250049788127293,False,3.999203548578598,606.44,582.18723,616.34
BNBUSDT,high,2020-03-23,2020-04-03 04:00:00,0.010908406996426862,1.008302269075829,False,-1.020794453546074,False,4.808974651746975,13.137,13.768755,12.5
BNBUSDT,high,2020-05-11,2020-05-31 12:00:00,0.18318240620957266,1.5849030730242073,True,1.5378517575019146,True,2.1253390875462417,17.842,18.221203,17.241
BNBUSDT,high,2020-06-29,2020-07-09 00:00:00,0.40916030534351067,4.598166810148385,False,-1.0875576036866363,False,1.1421052631578898,17.29,17.48747,16.382
BNBUSDT,high,2020-10-05,2020-10-13 16:00:00,0.5408394068861526,1.966825057003111,False,-1.0314896780079061,False,3.1756437768240406,30.756,31.732701000000002,28.835
BNBUSDT,high,2020-10-19,2020-10-28 04:00:00,0.1608431995379736,1.1876073347736942,True,1.1511204365409093,True,2.740709812108565,31.614,32.480448,30.585
BNBUSDT,high,2020-12-21,2020-12-29 16:00:00,0.5420827389443647,1.3666066375096468,False,-1.0193444816053512,False,5.169432918395575,37.596,39.5395,34.94
BNBUSDT,high,2021-01-25,2021-02-02 08:00:00,0.48895184135977393,1.17869932254878,False,-1.0201149171660826,False,4.97143483984204,50.138,52.630578,47.2
BNBUSDT,high,2021-06-28,2021-08-01 12:00:00,0.049335378323108074,1.6374885453663386,True,1.5967429909620692,True,2.454255475525496,340.15,348.49814999999995,326.48
BNBUSDT,high,2023-01-16,2023-01-24 12:00:00,0.194118947601149,1.459077314975302,True,1.4273887352782417,True,3.1557110150088863,314.48,324.40407999999996,300.0
BNBUSDT,high,2024-01-01,2024-02-16 00:00:00,0.37418428608718296,1.2713180702680886,False,-1.0274836134323257,False,3.638531747153068,353.89,366.7664,337.52
BNBUSDT,high,2024-01-29,2024-02-09 00:00:00,0.010141364474492437,3.5492079437813486,False,-1.1509432174114966,False,0.662500784830783,318.54,320.65033,311.05
BNBUSDT,high,2024-11-25,2024-12-04 20:00:00,1.1112747160286067,0.9478283123720399,True,0.9342993199766026,True,7.391533462146489,740.09,794.794,688.24
BNBUSDT,high,2025-08-25,2025-09-11 00:00:00,0.07618360970920487,1.6229376988317237,False,-1.0601381481157646,False,1.6628380343123033,894.14,909.0081,870.01
BNBUSDT,high,2025-09-22,2025-10-04 08:00:00,0.6296745152354579,3.040842530137032,False,-1.0429615149232394,False,2.3276646593741637,1167.41,1194.58339,1084.78
BNBUSDT,high,2025-12-22,2026-01-06 08:00:00,0.27616353818462364,0.941040513272761,False,-1.0686451518972846,False,1.4567671166294809,905.26,918.44753,892.85
BNBUSDT,high,2026-07-06,2026-07-31 04:00:00,0.04900920028308523,0.5257087680712348,True,0.44661910254002735,True,1.2643876962729304,589.74,597.1966,585.82
BNBUSDT,high,2026-07-20,2026-07-31 04:00:00,0.3347471451876019,0.5257087680712348,True,0.44661910254002735,True,1.2643876962729304,589.74,597.1966,585.82
BTCUSDT,low,2021-05-31,2021-06-09 00:00:00,0.31641039236479324,0.28300518905144123,True,0.26929727846923485,True,7.295057798947527,33372.58,30938.031,34061.57
BTCUSDT,low,2021-09-13,2021-09-21 12:00:00,0.180332351316516,0.27661173519964244,False,-1.0136062817331701,False,7.349546478683788,43269.19,40089.100770000005,44148.84
BTCUSDT,low,2022-05-16,2022-06-14 12:00:00,0.7629757103634903,4.1576705498194535,False,-1.0186615476179357,False,5.3586123748862615,21980.0,20802.177,26877.0
BTCUSDT,low,2022-08-29,2022-09-07 12:00:00,0.41694242223692946,1.3592741935483812,True,1.2837520161290263,True,1.3241143650391094,18729.5,18481.5,19066.6
BTCUSDT,low,2025-02-10,2025-02-26 00:00:00,0.4511774106677743,1.4274673271218667,False,-1.0327720011281019,False,3.0513852239023245,88639.1,85934.3796,92500.0
BTCUSDT,low,2026-02-16,2026-02-23 12:00:00,0.13349281543618846,0.7697406615254723,False,-1.0330485046494093,False,3.0258555133079814,66170.8,64168.567200000005,67712.0
BTCUSDT,high,2020-03-16,2020-04-30 16:00:00,0.28449950663304463,0.926012771833695,False,-1.0123578074611068,False,8.092050334553685,8778.86,9489.24977,8121.03
BTCUSDT,high,2020-05-11,2020-06-02 08:00:00,0.1949766355140187,1.741165893070001,True,1.7146224514069222,True,3.7674089618565643,10126.25,10507.74725,9462.0
BTCUSDT,high,2020-06-29,2020-07-26 20:00:00,0.5160433272021253,0.47605984462528106,False,-1.0227679522349524,False,4.392138518565758,9876.51,10310.3,9670.0
BTCUSDT,high,2020-09-07,2020-10-22 08:00:00,0.5233896709863308,1.268310196266153,False,-1.0254345779479814,False,3.9316555676496376,12751.88,13253.24,12116.0
BTCUSDT,high,2021-01-11,2021-02-09 16:00:00,0.42866536688746143,2.831086313210285,False,-1.031670263094382,False,3.157536131038318,46835.77,48314.62636,42649.0
BTCUSDT,high,2021-03-01,2021-03-12 08:00:00,0.047370700940792786,0.23222904505597272,True,0.1972712424645286,True,2.860591701621283,56718.79,58341.283,56342.0
BTCUSDT,high,2021-08-02,2021-08-14 20:00:00,0.010120841616531128,0.8397091199189911,True,0.803621679464261,True,2.7710471770766056,47044.67,48348.3,45950.0
BTCUSDT,high,2022-12-26,2023-01-10 04:00:00,0.4028108623153899,0.49540206480853516,False,-1.0837843261996092,False,1.1935406601201066,17199.9,17405.1878,17098.2
BTCUSDT,high,2023-04-03,2023-04-11 12:00:00,0.4829192546583854,2.071392744039229,False,-1.0630547061749327,False,1.5859244466633442,30045.0,30521.491,29058.0
BTCUSDT,high,2023-08-21,2023-10-17 00:00:00,0.202381651879272,0.3793024262283486,False,-1.0125799542487701,False,7.9491545058501885,28486.3,30750.72,27627.4
BTCUSDT,high,2025-10-20,2025-10-27 16:00:00,0.03763060601189496,0.3883249202587627,True,0.3156945081223955,True,1.3768337127461856,114914.4,116496.5802,114300.0
BTCUSDT,high,2026-03-09,2026-03-17 12:00:00,0.2215589927486064,0.3134085786646693,True,0.2777953631605124,True,2.807946392493752,73997.1,76074.8989,73345.9
DOGEUSDT,low,2020-08-03,2020-09-02 20:00:00,0.024054982817869133,1.3930760548086136,False,-1.0222534969780965,False,4.493675762439801,0.003115,0.0029750220000000003,0.00331
DOGEUSDT,low,2021-05-24,2021-06-22 08:00:00,0.09608185675068627,0.8627855944236482,False,-1.0052554537240221,False,19.02785282703738,0.20357,0.164835,0.23699
DOGEUSDT,low,2021-09-13,2021-09-21 00:00:00,0.029064869418702684,1.5580708268455326,False,-1.0208228530362917,False,4.802415875754958,0.20862,0.1986012,0.22423
DOGEUSDT,low,2022-07-04,2022-07-12 08:00:00,0.061224489795918734,5.605725519105558,False,-1.0947751566531518,False,1.0551288283908575,0.06171,0.06105888,0.06536
DOGEUSDT,low,2023-02-13,2023-02-26 08:00:00,0.02622730329522556,0.22986796113879204,True,0.20245282636179787,False,3.647620221948226,0.0811,0.07814178,0.08178
DOGEUSDT,low,2023-05-01,2023-05-08 12:00:00,0.20662983425414327,1.3163185406217577,False,-1.031718621039934,False,3.152722177742185,0.07494,0.07257735000000001,0.07805
DOGEUSDT,low,2023-05-15,2023-05-25 12:00:00,0.06506024096385774,0.13984302620308717,True,0.10903385949271961,True,3.245787234042559,0.0705,0.06821171999999999,0.07082
DOGEUSDT,low,2024-04-22,2024-05-02 00:00:00,0.6200728718118603,0.5712879467032284,True,0.558578987150415,True,7.868464730290457,0.13014,0.11989998,0.13599
DOGEUSDT,low,2024-05-27,2024-06-08 04:00:00,0.4110138584974462,0.9835584731091648,False,-1.0118513216666614,False,8.437877463178403,0.14869,0.13614372000000002,0.16103
DOGEUSDT,low,2024-06-24,2024-07-05 12:00:00,0.8804780876494022,1.7582313877445095,True,1.7470191518022153,True,8.918827655310618,0.0998,0.09089901,0.11545
DOGEUSDT,low,2025-02-10,2025-02-25 20:00:00,0.0721763085399449,0.4099520967577562,True,0.3942108422137429,False,6.352733812949636,0.2085,0.19525455,0.21393
DOGEUSDT,low,2025-05-12,2025-06-18 04:00:00,0.0036622371036935148,0.2509442860418724,False,-1.0246011932833465,False,4.064843475202242,0.17058,0.16364619000000002,0.17232
DOGEUSDT,low,2025-09-15,2025-09-26 04:00:00,0.07438736161214063,1.373462666523263,True,1.3404588673365854,True,3.0299542011625853,0.22708,0.22019958,0.23653
DOGEUSDT,low,2025-10-20,2025-11-04 00:00:00,0.3724620770128355,1.1555559978207386,False,-1.0208099589273854,False,4.805391512253432,0.1673,0.15926058,0.17659
DOGEUSDT,low,2025-11-24,2025-12-02 00:00:00,0.047335423197492524,0.6091132716410821,True,0.5738784116199976,True,2.838098404255341,0.13536,0.13151834999999998,0.1377
DOGEUSDT,low,2026-06-15,2026-06-24 04:00:00,0.33302151543498537,4.301848161096108,False,-1.0860914169961131,False,1.1615559772295874,0.07905,0.07813179,0.083
DOGEUSDT,low,2026-07-06,2026-07-24 00:00:00,0.11414141414141334,4.040831320338833,False,-1.076987298654169,False,1.2989155581260883,0.06916,0.06826167,0.07279
DOGEUSDT,high,2020-11-30,2020-12-20 20:00:00,0.3175872093023255,2.6691910178618588,False,-1.0174700103974301,False,5.724095047745938,0.004503,0.004760756,0.003815
DOGEUSDT,high,2021-01-04,2021-01-29 12:00:00,7.5868239121594145,0.8949427350845022,False,-1.0012836188648866,False,77.90474473030375,0.049908,0.0887887,0.015112
DOGEUSDT,high,2021-01-18,2021-01-29 12:00:00,22.78660481298927,1.0069777550301307,False,-1.0012836188648866,False,77.90474473030375,0.049908,0.0887887,0.010756
DOGEUSDT,high,2021-03-01,2021-03-09 08:00:00,0.10728221760502805,0.9012010661870944,False,-1.0117057789267478,False,8.542789046827066,0.058321,0.06330324000000001,0.053831
DOGEUSDT,high,2021-04-19,2021-05-05 00:00:00,0.3943172045212547,1.027842984545986,False,-1.0071379935683462,False,14.009539101219529,0.53873,0.61420359,0.461155
DOGEUSDT,high,2021-04-26,2021-05-05 00:00:00,0.6340404944832765,1.8116270870379965,False,-1.0071379935683462,False,14.009539101219529,0.53873,0.61420359,0.402
DOGEUSDT,high,2021-10-11,2021-10-18 20:00:00,0.026724569901452985,0.8776139805270283,False,-1.0118734073562572,False,8.42218219248585,0.25259,0.27386359,0.23392
DOGEUSDT,high,2022-08-01,2022-08-12 00:00:00,0.07560137457044604,0.2242312435660902,True,0.20979482841213506,False,6.926927421632305,0.07082,0.07572564999999999,0.06972
DOGEUSDT,high,2022-10-17,2022-10-27 16:00:00,2.499339498018494,4.066572460354857,False,-1.020322394933794,False,4.920679886685537,0.07766,0.0814814,0.06212
DOGEUSDT,high,2023-10-30,2023-11-07 08:00:00,0.09670487106017121,1.963002965934612,True,1.8982924445815972,True,1.5453437541396216,0.07549,0.07665658,0.0732
DOGEUSDT,high,2024-01-22,2024-02-20 12:00:00,0.07292327203551036,0.6732985424120645,True,0.6532029937656704,True,4.976226415094334,0.08745,0.09180171,0.08452
DOGEUSDT,high,2024-05-06,2024-05-22 00:00:00,0.06390603225164226,2.9206995060089205,False,-1.0518812472209196,False,1.9274787202817656,0.17035,0.17363346,0.16076
DOGEUSDT,high,2024-08-12,2024-08-24 08:00:00,0.1460858172289553,0.8516877768765168,True,0.816650028077615,True,2.8540646425073555,0.11231,0.1155154,0.10958
DOGEUSDT,high,2024-11-25,2024-12-08 16:00:00,0.032354606487098654,0.8008290155440414,True,0.7817052849740932,True,5.229105254031561,0.46136,0.485485,0.44204
DOGEUSDT,high,2025-03-17,2025-03-25 08:00:00,0.21172467940329778,0.40872000115403245,False,-1.0293220537298504,False,3.410402317699792,0.18294,0.18917899,0.18039
DOGEUSDT,high,2025-04-28,2025-05-09 20:00:00,0.5655716162943492,1.2285316416524845,False,-1.0211480736500078,False,4.728563067017849,0.20502,0.2147145,0.19311
DOGEUSDT,high,2026-08-03,2026-08-20 08:00:00,0.48479729729729687,2.9574797429933035,False,-1.0651250875569664,False,1.5355065728322843,0.07531,0.07646639,0.07189
ETHUSDT,low,2020-02-17,2020-02-27 12:00:00,0.1019810267857143,0.33607018412305995,True,0.32276520658932245,True,7.515984130482704,226.85,209.79998999999998,232.58
ETHUSDT,low,2021-09-13,2021-09-21 00:00:00,0.015119589977220802,3.2443988418523304,False,-1.0401517611844198,False,2.490550776607109,2978.34,2904.16293,3219.0
ETHUSDT,low,2021-12-06,2022-01-06 20:00:00,0.06870053905264378,0.6713047762881841,False,-1.0221346155316677,False,4.5178105694644355,3444.64,3289.01769,3549.11
ETHUSDT,low,2023-10-02,2023-10-10 04:00:00,0.08119266055045893,0.3110465045967675,False,-1.0383148342093107,False,2.609955179597246,1584.1,1542.7557,1596.96
ETHUSDT,low,2024-10-28,2024-11-05 08:00:00,0.06325602896987471,0.03935675943885343,True,0.011814696197390246,True,3.6308100494611835,2442.32,2353.644,2445.81
ETHUSDT,low,2025-01-20,2025-02-03 12:00:00,1.3120108826118269,0.813631703123707,False,-1.0051452745200626,False,19.435308963608236,2579.43,2078.10981,2987.32
ETHUSDT,low,2025-10-20,2025-11-05 08:00:00,0.9903059337974057,1.569410618606919,False,-1.0120116902094496,False,8.325223033252223,3329.1,3051.945,3764.07
ETHUSDT,high,2020-03-23,2020-04-07 12:00:00,0.4466425718090163,4.6727582652818604,True,4.630069174661072,True,2.3425188624492135,172.3,176.33616,153.44
ETHUSDT,high,2020-06-29,2020-07-23 08:00:00,0.5971524288107208,2.567418690424875,False,-1.0314604588781913,False,3.1785931790499355,262.72,271.0708,241.28
ETHUSDT,high,2020-07-13,2020-07-23 08:00:00,0.9859791949344188,2.567418690424875,False,-1.0314604588781913,False,3.1785931790499355,262.72,271.0708,241.28
ETHUSDT,high,2020-08-03,2020-08-14 08:00:00,0.11812172718688292,4.56298897467014,False,-1.0436881923106716,False,2.288947990543738,423.0,432.68225,378.82
ETHUSDT,high,2020-09-28,2020-10-10 12:00:00,0.023133867982726722,1.5473858896347559,False,-1.0556744957914095,False,1.7961545691345049,372.39,379.07869999999997,362.04
ETHUSDT,high,2020-10-26,2020-11-06 20:00:00,0.4470175438596494,6.917704885337562,False,-1.0710283109605654,False,1.4078893141006752,441.61,447.82738,398.6
ETHUSDT,high,2021-03-01,2021-03-14 08:00:00,0.01587424500542047,0.5015658581516759,True,0.4706231910756345,True,3.231783470838202,1889.63,1950.69875,1859.0
ETHUSDT,high,2022-06-20,2022-07-19 12:00:00,0.3216082145211088,0.7884462151394424,False,-1.0153509960159361,False,6.5142352910643435,1541.24,1641.64,1462.08
ETHUSDT,high,2023-11-13,2023-12-03 04:00:00,0.2086010362694296,1.900276789820861,False,-1.0543175218079686,False,1.841026554074665,2162.38,2202.18999,2086.73
ETHUSDT,high,2023-12-18,2023-12-28 12:00:00,0.4080545229244114,1.263145743487443,True,1.218674429549477,True,2.2486405537621836,2403.92,2457.97552,2335.64
ETHUSDT,high,2024-01-15,2024-02-15 12:00:00,0.19752552032608298,1.698320949076758,False,-1.0744873120339582,False,1.3425105198374037,2794.72,2832.2394099999997,2731.0
ETHUSDT,high,2024-05-06,2024-05-22 04:00:00,1.193112217865848,6.57771516732405,False,-1.0664454606973728,False,1.5049937038656727,3795.98,3853.10926,3420.2
ETHUSDT,high,2025-06-23,2025-07-10 16:00:00,0.24996485061511428,0.6769535076675665,False,-1.0489459132003809,False,2.043071493846843,2768.49,2825.0522300000002,2730.2
ETHUSDT,high,2026-08-03,2026-08-20 08:00:00,2.1985253113575807,2.124749135419754,False,-1.0256823505175616,False,3.8937246001536927,2251.49,2339.15682,2065.22
ETHUSDT,high,2026-08-10,2026-08-20 08:00:00,3.400276290796066,2.124749135419754,False,-1.0256823505175616,False,3.8937246001536927,2251.49,2339.15682,2065.22
LINKUSDT,low,2020-07-20,2020-07-28 00:00:00,0.19575471698113217,0.34432942991289156,True,0.33347769663505905,True,9.215117754900582,7.091,6.437556,7.316
LINKUSDT,low,2020-08-17,2020-09-04 08:00:00,0.14529497805948322,4.8275862068965525,False,-1.0153864447086802,False,6.499227202472952,11.646,10.889100000000001,15.3
LINKUSDT,low,2020-08-24,2020-09-04 08:00:00,0.2892945096334926,4.8275862068965525,False,-1.0153864447086802,False,6.499227202472952,11.646,10.889100000000001,15.3
LINKUSDT,low,2020-09-07,2020-09-21 20:00:00,0.06289779108947954,2.932702835028081,False,-1.0217713820362109,False,4.59318567069726,8.849,8.442549,10.041
LINKUSDT,low,2020-11-30,2020-12-24 08:00:00,0.5913142423667742,0.916511351823489,True,0.911990305893353,True,22.118775510204078,10.29,8.013978,12.376
LINKUSDT,low,2022-05-16,2022-06-13 20:00:00,0.049773755656108566,0.751719641835526,True,0.7419339817192423,True,10.219034670292322,5.884,5.282712,6.336
LINKUSDT,low,2023-05-01,2023-05-08 12:00:00,0.20642768850432605,1.374526111033922,False,-1.0333409420217938,False,2.999315374311654,6.719,6.517476,6.996
LINKUSDT,low,2023-05-15,2023-05-25 00:00:00,0.022695035460992927,0.5440088233759806,False,-1.0470753936611794,False,2.124252018363149,6.317,6.182811,6.39
LINKUSDT,low,2023-07-24,2023-08-18 08:00:00,0.4287804878048777,0.6020767407579106,False,-1.008837525492862,False,11.315384615384609,6.253,5.5454490000000005,6.679
LINKUSDT,low,2025-02-10,2025-02-25 16:00:00,0.21405799301654782,0.9141452741686514,True,0.8940654124756979,False,4.980113983309586,14.739,14.004981,15.41
LINKUSDT,low,2026-02-16,2026-02-25 00:00:00,0.06445837063563037,1.0063737001006225,True,0.9514189869171273,True,1.819680136735451,8.191,8.04195,8.341
LINKUSDT,low,2026-05-11,2026-05-23 16:00:00,0.027420257414661173,0.8922557753598532,True,0.8599227868932139,True,3.0928164930741935,9.313,9.024966000000001,9.57
LINKUSDT,high,2020-03-23,2020-04-08 04:00:00,0.25659690627843496,3.038934108758085,False,-1.0337262099128839,False,2.965053003533571,2.83,2.913911,2.575
LINKUSDT,high,2020-09-28,2020-10-13 08:00:00,0.15716129032258067,2.820340562362595,True,2.7967878068108294,False,4.245787707523845,11.324,11.804793,9.968
LINKUSDT,high,2021-04-19,2021-05-05 16:00:00,0.4497241975144549,1.3084907172148306,False,-1.0112557904714459,False,8.884316055250272,47.131,51.318267000000006,41.652
LINKUSDT,high,2021-11-01,2021-11-09 04:00:00,0.13691376701966734,2.506768071307251,False,-1.0696630442045671,False,1.4354813393791346,34.404,34.897863,33.166
LINKUSDT,high,2021-12-13,2021-12-27 04:00:00,0.06482873851294932,1.7102868260842279,False,-1.0401647175324449,False,2.4897473739039886,23.038,23.611588,22.057
LINKUSDT,high,2023-10-02,2023-10-22 16:00:00,1.0872434017595312,0.763415772281849,False,-1.0172169855342976,False,5.80821769297485,9.224,9.75975,8.815
LINKUSDT,high,2024-07-08,2024-07-22 08:00:00,0.06839433609404227,0.3870936524705422,True,0.3679042910944243,True,5.211220844715281,14.277,15.021006,13.989
LINKUSDT,high,2024-08-12,2024-08-23 04:00:00,0.20488903184303586,6.452927591359986,False,-1.1568808585790005,False,0.6374263941807986,11.548,11.621609999999999,11.073
LINKUSDT,high,2025-04-28,2025-05-09 20:00:00,0.571657325860689,1.0480323005062935,False,-1.020103621994604,False,4.974228028503581,15.998,16.793777000000002,15.164
LINKUSDT,high,2025-06-23,2025-07-09 16:00:00,0.017012063099288495,1.0450667783859833,False,-1.0644902882450702,False,1.5506210736721924,14.008,14.225211,13.781
LINKUSDT,high,2025-11-24,2025-12-04 12:00:00,0.23935772964899188,0.4373042143570018,True,0.40596985198767876,True,3.1913845516097723,14.474,14.935920999999999,14.272
LINKUSDT,high,2025-12-22,2026-01-05 12:00:00,0.07139291063404926,1.016595763968481,False,-1.043962910442446,False,2.2746446719198716,13.579,13.887874,13.265
LINKUSDT,high,2026-03-30,2026-04-17 08:00:00,0.1405653170359046,2.3534553002817935,False,-1.043095089608835,False,2.320449984155477,9.467,9.686677,8.95
LINKUSDT,high,2026-04-20,2026-05-06 20:00:00,0.3218197135636056,1.0647613331305148,False,-1.0411680308493012,False,2.429069302975836,10.014,10.257247,9.755
LINKUSDT,high,2026-07-06,2026-07-15 00:00:00,0.21195652173913057,5.805827330394723,False,-1.1121116009031313,False,0.8919683529129495,8.342,8.416407999999999,7.91
LINKUSDT,high,2026-08-03,2026-08-15 12:00:00,0.8082851637764933,0.8359338962532412,False,-1.0201555356798675,False,4.961416138390466,9.307,9.768759000000001,8.921
LTCUSDT,low,2022-05-30,2022-06-07 12:00:00,0.018328445747800584,3.1748412579371035,True,3.12384380780961,False,1.9608823529411772,61.2,59.99994,65.01
LTCUSDT,low,2023-11-13,2023-11-22 08:00:00,0.23681489141675197,1.6464391609421976,True,1.6215399915283961,True,4.016198224852053,67.6,64.88505,72.07
LTCUSDT,low,2024-06-10,2024-06-18 12:00:00,0.33421985815602806,3.5453070247642358,False,-1.0426083582229957,False,2.346957361666896,72.47,70.76916,78.5
LTCUSDT,low,2024-08-19,2024-08-28 08:00:00,0.021158129175946287,4.712343327871017,True,4.659178883032894,True,1.880956347884044,60.02,58.89105,65.34
LTCUSDT,low,2025-01-20,2025-02-03 12:00:00,0.25259515570934277,0.8459491373081186,True,0.8404220422053568,True,18.092686689981498,97.22,79.63028999999999,112.1
LTCUSDT,low,2025-11-10,2025-12-02 00:00:00,0.14667057788207685,0.21055419902805053,True,0.1842417162204802,True,3.8004775425916515,77.48,74.53538999999999,78.1
LTCUSDT,low,2025-11-24,2025-12-02 00:00:00,0.29960871995528227,0.21055419902805053,True,0.1842417162204802,True,3.8004775425916515,77.48,74.53538999999999,78.1
LTCUSDT,low,2026-02-16,2026-02-23 12:00:00,0.02292768959435545,0.532718235988692,False,-1.0288985913172422,False,3.4603762827821987,52.62,50.799150000000004,53.59
LTCUSDT,high,2020-01-20,2020-01-31 08:00:00,0.4768806073153896,0.5030971920887944,True,0.48197025437851554,False,4.7332936448876355,67.19,70.3703,65.59
LTCUSDT,high,2020-08-03,2020-08-18 08:00:00,0.19487453283502354,2.892504303860284,True,2.866692774167525,True,3.874237644584655,66.57,69.14908,59.11
LTCUSDT,high,2020-11-30,2020-12-18 12:00:00,0.6163061564059898,2.103033075580385,False,-1.0241238102429036,False,4.1452821504188595,108.63,113.13302,99.16
LTCUSDT,high,2021-01-18,2021-02-09 16:00:00,0.0661425397367972,1.134408414364316,False,-1.0255917678699698,False,3.907506527415135,168.52,175.10493,161.05
LTCUSDT,high,2022-11-14,2022-11-23 12:00:00,0.4469726185885077,1.6815146566638053,False,-1.0127407072062604,False,7.848857868020322,78.8,84.98490000000001,68.4
LTCUSDT,high,2023-03-27,2023-04-11 16:00:00,0.051493305870236865,1.3751796837565977,True,1.3296550071873594,False,2.196610883064929,95.01,97.097,92.14
LTCUSDT,high,2023-10-30,2023-11-07 08:00:00,0.25209080047789706,0.8668730650154697,True,0.8213869969040148,True,2.198475360740552,73.46,75.075,72.06
LTCUSDT,high,2024-03-04,2024-03-12 08:00:00,0.4286269933877866,0.5953162862325426,True,0.5815080227953038,True,7.24204027932396,98.81,105.96586,94.55
LTCUSDT,high,2024-05-06,2024-05-21 12:00:00,0.3638814016172501,2.6644356943446525,True,2.583811507088476,True,1.240322580645165,88.66,89.75967,85.73
LTCUSDT,high,2024-10-07,2024-10-16 12:00:00,0.4959893048128355,1.7451900113896572,False,-1.043782837127846,False,2.2840000000000007,71.5,73.13306,68.65
LTCUSDT,high,2025-12-22,2026-01-03 12:00:00,0.15927189988623489,1.3921814564056565,False,-1.053421679942736,False,1.8718992009834234,81.35,82.87279000000001,79.23
LTCUSDT,high,2026-03-02,2026-03-17 12:00:00,0.024746906636670285,0.3355254328278063,True,0.300362367467452,True,2.8438931297709953,57.64,59.27922,57.09
LTCUSDT,high,2026-03-09,2026-03-17 12:00:00,0.27633851468048387,0.3355254328278063,True,0.300362367467452,True,2.8438931297709953,57.64,59.27922,57.09
SOLUSDT,low,2020-09-21,2020-10-07 12:00:00,0.10634131056362855,2.0110975312418957,False,-1.0171766364820858,False,5.821861579494595,2.2121,2.0833146,2.4711
SOLUSDT,low,2020-11-30,2020-12-08 20:00:00,0.07755946225439513,1.7192148958633244,False,-1.0207997408580478,False,4.807752206264064,1.7337,1.650348,1.877
SOLUSDT,low,2020-12-14,2020-12-24 08:00:00,0.7731343283582089,0.7136176256625204,True,0.7073326437998894,True,15.910944881889769,1.27,1.067931,1.4142
SOLUSDT,low,2021-05-03,2021-05-11 08:00:00,0.25242524357652363,0.8418292950581595,True,0.829454285350183,True,8.080801741556822,41.572,38.2126491,44.4
SOLUSDT,low,2021-09-13,2021-09-21 12:00:00,0.05787706910522052,0.20851967799642154,False,-1.007980936940966,False,12.529857175878908,142.763,124.875,146.493
SOLUSDT,low,2022-04-04,2022-04-12 08:00:00,0.19850291100637635,0.3530810242488191,True,0.33288086653929494,False,4.950456399300841,102.98,97.88202,104.78
SOLUSDT,low,2022-05-16,2022-06-04 12:00:00,0.03616862060364187,1.3277763434514869,True,1.3005052926640417,True,3.6668920746551183,36.97,35.61435,38.77
SOLUSDT,low,2022-11-14,2022-12-29 08:00:00,0.002237514248321899,2.2874646934797154,False,-1.0382384532760471,False,2.6151685393258575,9.612,9.360629999999999,10.187
SOLUSDT,low,2023-05-01,2023-05-09 04:00:00,0.1221353464545698,1.0026996720934847,False,-1.0257467802476905,False,3.8839807944129148,20.619,19.818162,21.422
SOLUSDT,low,2023-07-17,2023-08-18 08:00:00,0.06116394066184877,0.6073063248237459,False,-1.008950268179662,False,11.17284957195272,22.077,19.61037,23.575
SOLUSDT,low,2024-01-08,2024-01-23 04:00:00,0.04197677880321558,1.576290968739154,False,-1.0268723384120375,False,3.721298774475284,85.188,82.0179,90.185
SOLUSDT,low,2024-01-15,2024-01-23 04:00:00,0.13100436681222702,1.576290968739154,False,-1.0268723384120375,False,3.721298774475284,85.188,82.0179,90.185
SOLUSDT,low,2025-01-20,2025-02-19 04:00:00,0.05426538431464538,0.5102665331518417,True,0.48558054616216345,True,4.050881175697467,167.39,160.60923,170.85
SOLUSDT,low,2025-02-10,2025-02-19 04:00:00,0.26975945017182157,0.5102665331518417,True,0.48558054616216345,True,4.050881175697467,167.39,160.60923,170.85
SOLUSDT,low,2025-10-13,2025-11-15 00:00:00,0.05815882230976585,2.2059247436788016,False,-1.0421249700364414,False,2.373888928905877,138.83,135.53432999999998,146.1
SOLUSDT,low,2025-10-20,2025-11-04 16:00:00,0.48779833735585953,3.0039349281095538,False,-1.0281372639609752,False,3.554005824400512,161.39,155.65419,178.62
SOLUSDT,low,2026-02-16,2026-02-24 12:00:00,0.058703071672354945,1.9535489472542016,False,-1.0693781202517911,False,1.4413766132186059,76.71,75.60432,78.87
SOLUSDT,high,2023-04-03,2023-04-12 04:00:00,0.8625211505922155,0.29999142881631713,False,-1.0193340190280278,False,5.172230349780566,22.557,23.7237,22.207
SOLUSDT,high,2023-06-12,2023-07-08 20:00:00,0.044564411982639926,0.681557243947177,True,0.6568382147774418,False,4.0454663212435245,21.616,22.490468,21.02
SOLUSDT,high,2023-11-20,2023-12-09 16:00:00,0.553984874927284,3.328956419499675,True,3.2967108324139445,True,3.101199545045768,75.612,77.956879,67.806
SOLUSDT,high,2025-03-17,2025-03-25 00:00:00,0.3307847082494968,0.7985542992502779,False,-1.0344208649783875,False,2.9052146151117593,140.95,145.0449,137.68
SOLUSDT,high,2025-04-28,2025-05-09 20:00:00,0.805449127288207,3.0003411008581313,False,-1.0385713259847043,False,2.592599488014901,171.88,176.33616,158.51
SOLUSDT,high,2025-12-22,2026-01-05 12:00:00,0.12573568753343997,1.0961386026497617,True,1.0346823689276465,False,1.6271742334905692,135.68,137.88775,133.26
SOLUSDT,high,2026-03-09,2026-03-17 08:00:00,0.25053686471009307,0.9591257998901247,True,0.9311003221831184,True,3.5681818181818308,94.38,97.74765000000001,91.15
SOLUSDT,high,2026-06-08,2026-07-04 04:00:00,0.006507592190889617,4.184893324700371,False,-1.1305686717306513,False,0.7658805031446511,82.68,83.31323,80.03
SOLUSDT,high,2026-07-06,2026-08-20 08:00:00,0.2446886446886451,4.236942882750757,False,-1.070202884380347,False,1.4244428969359326,86.16,87.3873,80.96
SOLUSDT,high,2026-08-10,2026-08-20 08:00:00,1.5673876871880226,4.236942882750757,False,-1.070202884380347,False,1.4244428969359326,86.16,87.3873,80.96
XRPUSDT,low,2020-11-30,2020-12-24 08:00:00,0.6286607904464031,3.8040198247956263,False,-1.005285392929644,False,18.92006920415224,0.2601,0.21088890000000002,0.4473
XRPUSDT,low,2021-05-24,2021-06-23 00:00:00,0.1338821080518498,2.686905242329166,True,2.6726792246507873,True,7.029374084919485,0.5464,0.5079914999999999,0.6496
XRPUSDT,low,2021-09-13,2021-09-21 00:00:00,0.05162156975628486,1.3817419477796833,False,-1.0175643224699829,False,5.693359375000002,0.9216,0.86913,0.9941
XRPUSDT,low,2022-05-16,2022-06-14 00:00:00,0.14303329223181263,2.3602115181925543,False,-1.0280612934319457,False,3.563627608346698,0.3115,0.30039930000000004,0.3377
XRPUSDT,low,2022-10-10,2022-10-21 04:00:00,0.14818101153504887,0.6100253740615713,True,0.5933151697966331,True,5.984367301231797,0.4465,0.41977980000000004,0.4628
XRPUSDT,low,2023-06-19,2023-06-29 04:00:00,0.11665182546749789,0.38892171454642077,True,0.3714613733424089,True,5.7272649389590935,0.4669,0.4401594,0.4773
XRPUSDT,low,2023-07-17,2023-08-18 08:00:00,0.10651828298887119,0.7547886693862201,False,-1.0051650423560028,False,19.360925449871473,0.5057,0.4077918,0.5796
XRPUSDT,low,2023-10-02,2023-10-09 20:00:00,0.14991482112436194,1.2135670573591926,False,-1.0259724095010891,False,3.8502396166134227,0.5008,0.481518,0.5242
XRPUSDT,low,2024-03-25,2024-04-03 12:00:00,0.013833992094861233,1.1756870240060173,False,-1.0337763878029709,False,2.9606481481481604,0.5832,0.5659335,0.6035
XRPUSDT,low,2024-05-27,2024-06-08 04:00:00,0.80327868852459,0.5336108614409387,False,-1.0094592932494442,False,10.571614322864571,0.4999,0.4470525,0.5281
XRPUSDT,low,2025-01-20,2025-02-03 12:00:00,0.5282228017883757,0.575318317569129,True,0.5714189561461311,True,25.645224730955896,2.3695,1.7618364,2.7191
XRPUSDT,low,2025-02-17,2025-02-25 20:00:00,0.5036027263875363,0.3678839326192604,True,0.35658199837951304,False,8.84804298792623,2.2611,2.0610369,2.3347
XRPUSDT,high,2020-03-30,2020-04-07 12:00:00,0.4289044289044299,4.43374343013186,True,4.374284288105257,True,1.6818271604938189,0.2025,0.2059057,0.1874
XRPUSDT,high,2020-06-29,2020-07-09 08:00:00,0.7377777777777768,4.031209362808838,False,-1.088816644993498,False,1.125915080527088,0.2049,0.207207,0.1956
XRPUSDT,high,2020-10-26,2020-11-07 12:00:00,0.062402496099844156,2.014948103371524,True,1.9530704528947311,True,1.6160923892464965,0.2641,0.2683681,0.2555
XRPUSDT,high,2021-02-08,2021-04-06 20:00:00,0.8283457026574093,8.259040460637689,False,-1.0279946566868834,False,3.5721102465547916,1.0667,1.1048037,0.752
XRPUSDT,high,2021-02-15,2021-02-22 16:00:00,0.032202662086732295,0.9190224577315027,True,0.9134449767982022,True,17.929241031188027,0.5547,0.6541534999999999,0.4633
XRPUSDT,high,2021-03-01,2021-04-06 20:00:00,1.4946879150066403,10.665630896737072,False,-1.0279946566868834,False,3.5721102465547916,1.0667,1.1048037,0.6603
XRPUSDT,high,2021-06-28,2021-08-08 12:00:00,0.2286764705882354,0.9333366558910088,False,-1.018109449580565,False,5.521978984238176,0.7994,0.8435427,0.7582
XRPUSDT,high,2021-08-16,2021-09-07 08:00:00,0.11527377521613803,0.5494673219573274,True,0.5288027717573822,True,4.83920525888173,1.3539,1.4194179999999998,1.3179
XRPUSDT,high,2022-01-24,2022-02-08 16:00:00,0.5746140651801029,0.6457225476021283,False,-1.0102102580439631,False,9.79407176287051,0.8333,0.914914,0.7806
XRPUSDT,high,2022-03-14,2022-03-22 16:00:00,0.11399317406143303,0.1588112631709753,True,0.12991106569262198,True,3.4601839684625526,0.8371,0.8660652,0.8325
XRPUSDT,high,2023-03-13,2023-03-22 08:00:00,1.6539162112932615,0.7646979443119974,True,0.7526479981583752,False,8.298792270531404,0.4554,0.49319270000000004,0.4265
XRPUSDT,high,2024-01-08,2024-03-03 00:00:00,0.06795511221945154,2.9445622538625056,True,2.866416237503825,True,1.2796557605830183,0.6449,0.6531524999999999,0.6206
XRPUSDT,high,2024-02-05,2024-02-15 12:00:00,0.3524150268336304,2.2132054592401325,False,-1.0563957539243414,False,1.7731831395348798,0.5504,0.5601596,0.5288
XRPUSDT,high,2024-02-19,2024-02-28 04:00:00,0.2706766917293235,1.5230204541646977,False,-1.0293739878259898,False,3.4043726235741514,0.5786,0.5982977,0.5486
XRPUSDT,high,2024-07-22,2024-07-30 20:00:00,0.003404255319149509,6.694560669456076,False,-1.0626220362622036,False,1.5968819599109114,0.6286,0.638638,0.5614
XRPUSDT,high,2024-08-12,2024-09-30 00:00:00,0.10348071495766707,0.8096659247988512,True,0.7845858382780287,True,3.9872270742358134,0.6412,0.6667661,0.6205
XRPUSDT,high,2024-12-23,2025-01-16 08:00:00,0.6118121503837648,2.730276701165587,False,-1.0274154563652627,False,3.647577434702391,3.0897,3.2023992,2.782
XRPUSDT,high,2025-12-22,2026-01-03 16:00:00,0.17283950617283866,0.5553916378846582,False,-1.0386749281172805,False,2.585654450261766,2.0055,2.0573552999999998,1.9767
XRPUSDT,high,2026-03-02,2026-03-17 12:00:00,0.5042391789379743,0.18043190761886332,True,0.1652232114057158,True,6.5751855779427455,1.5088,1.6080064,1.4909
XRPUSDT,high,2026-03-09,2026-03-17 12:00:00,0.8870541611624847,0.4223517837558844,True,0.40714308754273687,True,6.5751855779427455,1.5088,1.6080064,1.4669
