sym,side,ib_week,t,depth,entry,stop,target,rr,win,net,hours
ADAUSDT,low,2020-03-02,2020-03-13 23:00:00,0.13674775928297048,0.02897,0.01750248,0.02979,0.07150630650742283,True,0.06898004102020328,137.0
ADAUSDT,low,2020-06-08,2020-06-15 15:15:00,0.05447276361819128,0.07335,0.06924069,0.07901,1.3773601894235266,True,1.3595104774280822,5.0
ADAUSDT,low,2020-07-27,2020-08-26 17:00:00,0.2411135968182948,0.11789,0.1063935,0.123,0.44448310355325593,False,-1.0102544252598618,19.0
ADAUSDT,low,2020-09-07,2020-09-22 04:15:00,0.19217411437832838,0.08244,0.07677315,0.08982,1.3023108075915184,False,-1.0145477646311443,40.5
ADAUSDT,low,2020-09-14,2020-09-22 04:15:00,0.6620839363241672,0.08244,0.07677315,0.08982,1.3023108075915184,False,-1.0145477646311443,40.5
ADAUSDT,low,2021-07-05,2021-07-14 09:00:00,0.38375870069605567,1.233,1.1956032,1.3205,2.3397723869421956,False,-1.032970735463997,47.5
ADAUSDT,low,2021-07-05,2021-07-17 00:45:00,0.5545243619489567,1.1875,1.1588399999999999,1.3205,4.640614096301444,False,-1.0414340544312628,1.0
ADAUSDT,low,2021-07-05,2021-07-17 19:45:00,0.6074245939675175,1.1927,1.1474514,1.3205,2.824396776916848,False,-1.0263588265714298,40.75
ADAUSDT,low,2021-07-05,2021-07-19 21:15:00,0.7633410672853833,1.1312,1.1161827,1.3205,12.605461700838358,False,-1.075326456819801,2.75
ADAUSDT,low,2021-07-05,2021-07-20 19:30:00,1.2041763341067289,1.0705,1.01898,1.3205,4.852484472049689,True,4.831706133540372,126.0
ADAUSDT,low,2021-09-13,2021-10-28 08:15:00,0.045694520298561817,1.9979,1.9025955,2.1801,1.911767020444996,True,1.8908036871291503,284.5
ADAUSDT,low,2021-09-27,2021-10-28 08:15:00,0.22516316171138528,1.9979,1.9025955,2.1801,1.911767020444996,True,1.8908036871291503,284.5
ADAUSDT,low,2021-12-06,2022-01-08 22:15:00,0.09313893653516297,1.2296,1.1211777,1.2393,0.08946499013579351,False,-1.0113408403990691,38.5
ADAUSDT,low,2022-01-24,2022-02-22 12:00:00,0.14026836353575864,0.8687,0.811188,0.9734,1.8204896369453332,False,-1.0151046738072054,39.5
ADAUSDT,low,2022-06-06,2022-06-13 15:30:00,0.19350282485875717,0.4737,0.4352643,0.524,1.3086791706668537,True,1.2963546910814683,51.25
ADAUSDT,low,2022-06-20,2022-07-13 06:45:00,0.03943217665615148,0.4247,0.414585,0.4423,1.7399901136925293,False,-1.0419871478002964,5.75
ADAUSDT,low,2022-06-20,2022-07-13 23:30:00,0.14747634069400636,0.4357,0.40389569999999997,0.4423,0.20751910905129334,True,0.19381970362498308,18.5
ADAUSDT,low,2022-07-04,2022-07-12 12:15:00,0.0992063492063493,0.4334,0.42507449999999997,0.4487,1.8377274638159755,False,-1.0520569335175063,7.25
ADAUSDT,low,2022-09-26,2022-10-10 10:15:00,0.04075691411935995,0.4172,0.4143852,0.4329,5.577660935057538,False,-1.1482165695608921,4.5
ADAUSDT,low,2022-10-31,2022-11-08 21:30:00,0.1620689655172414,0.3727,0.35784180000000004,0.3911,1.2383734234294943,False,-1.025083792114792,5.5
ADAUSDT,low,2022-10-31,2022-11-09 06:30:00,0.1620689655172414,0.3716,0.35474490000000003,0.3911,1.1569198640174232,False,-1.0220467395625064,2.75
ADAUSDT,low,2022-11-14,2022-11-21 20:30:00,0.137218045112782,0.3045,0.2945052,0.3207,1.6208428382759075,True,1.5903769960379437,53.5
ADAUSDT,low,2023-02-20,2023-03-02 18:45:00,0.0038709677419350576,0.3491,0.3438558,0.3524,0.6292666183593206,False,-1.066568780748255,6.5
ADAUSDT,low,2023-02-20,2023-03-03 05:45:00,0.35483870967741893,0.3367,0.3339657,0.3524,5.741871777054405,False,-1.1231393775372114,38.25
ADAUSDT,low,2023-02-20,2023-03-06 15:45:00,0.35483870967741893,0.3356,0.32847119999999996,0.3524,2.3566378633149863,False,-1.0470766468409827,8.5
ADAUSDT,low,2023-02-20,2023-03-07 01:00:00,0.35483870967741893,0.3331,0.3278718,0.3524,3.691519069660672,False,-1.0637121762748172,8.75
ADAUSDT,low,2023-02-20,2023-03-07 15:45:00,0.35483870967741893,0.3274,0.3200796,0.3524,3.415113928200638,False,-1.0447243320037156,21.25
ADAUSDT,low,2023-02-20,2023-03-08 15:30:00,0.3638709677419348,0.3247,0.31598370000000003,0.3524,3.1779539483496606,False,-1.0372520450191023,7.25
ADAUSDT,low,2023-07-17,2023-08-16 04:15:00,0.04710500490677166,0.2822,0.2806191,0.2923,6.3887658928458615,False,-1.1785059143525844,0.75
ADAUSDT,low,2023-07-24,2023-08-01 23:15:00,0.17014925373134276,0.3089,0.2925072,0.3194,0.6405251085842576,False,-1.0188436386706359,33.0
ADAUSDT,low,2023-12-18,2024-01-03 15:45:00,0.144418872266974,0.5646,0.5363631000000001,0.619,1.9265570937319678,False,-1.0199951127779607,34.0
ADAUSDT,low,2024-01-15,2024-01-23 15:00:00,0.10742187499999975,0.4643,0.44695260000000003,0.5065,2.432641202716261,True,2.405876384933769,145.5
ADAUSDT,low,2024-03-25,2024-04-03 01:45:00,0.05134099616858272,0.5839,0.5618376,0.6018,0.8113351221988581,False,-1.0264658423380957,26.5
ADAUSDT,low,2024-03-25,2024-04-04 08:00:00,0.07509578544061332,0.5796,0.5599395,0.6018,1.1291676203555367,False,-1.0294804303044176,28.0
ADAUSDT,low,2025-01-20,2025-01-27 13:00:00,0.059044368600682545,0.9236,0.855144,0.9581,0.5039733551478321,True,0.49048147715320783,16.5
ADAUSDT,low,2025-02-17,2025-02-25 19:45:00,0.19452706722189145,0.6747,0.6292701,0.6935,0.4138243755764392,True,0.3989729231189167,2.25
ADAUSDT,low,2025-03-17,2025-03-31 14:30:00,0.12803030303030322,0.6515,0.6285708,0.6771,1.1164802958672821,True,1.088066744587691,17.75
ADAUSDT,low,2025-08-18,2025-09-25 22:00:00,0.04433111023930944,0.7727,0.7605387,0.8029,2.4832871485778485,False,-1.0635376152220566,1.5
ADAUSDT,low,2025-08-18,2025-09-26 00:00:00,0.04433111023930944,0.7721,0.7589403,0.8029,2.340478886296796,False,-1.058671550263304,11.0
ADAUSDT,low,2025-08-18,2025-09-28 13:15:00,0.04433111023930944,0.772,0.7634358,0.8029,3.6080427827467654,True,3.5179000957473963,8.75
ADAUSDT,low,2025-09-15,2025-09-22 10:45:00,0.41252006420545745,0.8248,0.811188,0.8893,4.7384660593594035,False,-1.0605935938877462,15.75
ADAUSDT,low,2025-09-15,2025-09-24 05:30:00,0.41252006420545745,0.8134,0.7887105,0.8559,1.7213795338099163,False,-1.032945179124729,23.0
ADAUSDT,low,2025-09-15,2025-09-25 13:15:00,0.4967897271268054,0.7922,0.7669323,0.8559,2.5210050776287503,False,-1.0313522797880297,3.75
ADAUSDT,low,2025-10-20,2025-10-31 00:30:00,0.04030576789437128,0.604,0.5853141,0.6472,2.311903627869139,False,-1.0323238377600221,74.5
ADAUSDT,low,2025-11-24,2025-12-01 07:30:00,0.0596616206589491,0.3863,0.3804192,0.4451,9.998639640865253,False,-1.0656883417222152,4.5
ADAUSDT,low,2026-06-08,2026-06-24 20:45:00,0.10224719101123593,0.1451,0.13926059999999998,0.1548,1.6611295681063036,False,-1.024848443333219,17.0
ADAUSDT,high,2020-03-16,2020-04-27 06:00:00,0.14096749811035594,0.04574,0.04775771,0.04092,2.388846761923174,False,-1.0226692636702004,21.75
ADAUSDT,high,2020-05-11,2020-05-18 09:00:00,0.12552653748947015,0.05402,0.05531526,0.05091,2.4010623349752196,False,-1.0417059123264827,33.0
ADAUSDT,high,2020-07-13,2020-07-26 11:15:00,0.36998584237848037,0.1451,0.15538523,0.12946,1.5206271517506176,True,1.5065195430729312,161.25
ADAUSDT,high,2020-11-09,2020-11-22 01:30:00,0.9882129277566583,0.1253,0.14033019000000002,0.10912,1.0765000309377308,False,-1.0083365546277192,8.0
ADAUSDT,high,2020-11-30,2020-12-29 03:15:00,0.1367280285035629,0.18244,0.19126106999999998,0.14467,4.281793478568932,False,-1.0206822981792458,9.5
ADAUSDT,high,2021-01-18,2021-02-02 01:15:00,0.2077937437171072,0.40404,0.42035994,0.36183,2.58640656767121,False,-1.024757443961191,6.25
ADAUSDT,high,2021-01-25,2021-02-02 01:15:00,0.2989482541018091,0.40404,0.42035994,0.36183,2.58640656767121,False,-1.024757443961191,6.25
ADAUSDT,high,2021-03-01,2021-04-14 08:45:00,0.11855911835394803,1.49883,1.5684669,1.37532,1.7736286365418363,True,1.7521051339160731,0.5
ADAUSDT,high,2021-03-22,2021-04-14 08:45:00,0.17863528629049027,1.49883,1.5684669,1.37532,1.7736286365418363,True,1.7521051339160731,0.5
ADAUSDT,high,2021-11-01,2021-11-09 16:00:00,0.40481245576787034,2.2487,2.3809786,2.0865,1.226199853944626,True,1.2092001276094515,28.75
ADAUSDT,high,2022-08-01,2022-08-13 12:15:00,0.10263653483992495,0.5551,0.5640635,0.5346,2.287053048474373,False,-1.0619289340101523,1.25
ADAUSDT,high,2022-08-01,2022-08-14 13:15:00,0.3587570621468932,0.5766,0.5953948,0.5346,2.2346606508183133,True,2.2039819524549364,72.25
ADAUSDT,high,2023-04-03,2023-04-11 16:30:00,0.058663028649385676,0.402,0.4138134,0.3956,0.5417576650244663,True,0.5077285116901171,9.25
ADAUSDT,high,2023-06-26,2023-07-14 17:30:00,1.4030131826742025,0.335,0.3798795,0.2803,1.2188192827460216,False,-1.0074644325360131,336.0
ADAUSDT,high,2023-11-20,2023-12-04 11:00:00,0.07534246575342483,0.3983,0.4159155,0.3945,0.21571911101018812,True,0.19310834208509375,0.25
ADAUSDT,high,2024-06-24,2024-07-03 03:00:00,0.03654970760233926,0.4144,0.4239235,0.4114,0.31501023783272925,True,0.2714968236467683,1.75
ADAUSDT,high,2024-08-12,2024-08-21 08:45:00,0.047970479704797286,0.3533,0.3605602,0.3408,1.7217156552161126,False,-1.048662571279028,8.0
ADAUSDT,high,2024-10-28,2024-11-07 23:00:00,0.5131147540983606,0.3957,0.4047043,0.3557,4.442322001710282,False,-1.043945670401919,0.75
ADAUSDT,high,2024-12-23,2025-01-07 14:45:00,0.08474576271186436,1.1139,1.153152,1.0872,0.6802201161724218,True,0.6518419443595206,0.25
ADAUSDT,high,2025-04-14,2025-04-23 00:45:00,0.12000000000000026,0.6785,0.6878872,0.6521,2.812340207942716,False,-1.0722792739048914,1.75
ADAUSDT,high,2025-04-14,2025-04-23 14:45:00,0.3155555555555556,0.6974,0.718718,0.6521,2.124964818463276,False,-1.0327141382868938,24.25
ADAUSDT,high,2025-04-28,2025-05-09 03:30:00,0.22765469824293308,0.7635,0.7762755,0.728,2.778756213064055,False,-1.059762827286603,3.5
ADAUSDT,high,2025-06-23,2025-07-11 15:45:00,0.8108108108108109,0.7377,0.7780773,0.6007,3.3929955692926517,False,-1.0182701666530452,124.5
ADAUSDT,high,2025-08-04,2025-08-12 22:30:00,0.012195121951219459,0.8419,0.8589581,0.8122,1.7411083297670906,False,-1.049354851947169,5.25
ADAUSDT,high,2026-02-09,2026-02-25 22:30:00,0.10059171597633157,0.3029,0.31371340000000003,0.2904,1.1559731444319066,True,1.1279616031960327,10.5
ADAUSDT,high,2026-02-16,2026-02-25 22:30:00,0.22718446601941725,0.3029,0.31371340000000003,0.2709,2.959291249745681,True,2.931279708509807,55.75
ADAUSDT,high,2026-03-09,2026-03-17 03:15:00,0.11888111888112031,0.2879,0.2933931,0.2774,1.9114889588756723,False,-1.0524112067866958,24.25
ADAUSDT,high,2026-03-30,2026-05-09 15:00:00,0.04279279279279318,0.2702,0.2789787,0.2676,0.2961714149019767,False,-1.0307790447332748,24.75
ADAUSDT,high,2026-04-20,2026-05-06 13:00:00,0.1801242236024836,0.2698,0.2724722,0.2598,3.742234862659965,True,3.641269366065399,28.25
ADAUSDT,high,2026-07-06,2026-08-06 19:15:00,0.20274914089347087,0.2029,0.2119117,0.1851,1.9752100047715733,True,1.9526948300542613,115.0
ADAUSDT,high,2026-08-31,2026-09-08 18:45:00,0.07788944723618069,0.2215,0.22662639999999998,0.217,0.8778089887640499,True,0.8346012796504417,8.25
BNBUSDT,low,2021-03-15,2021-03-26 10:30:00,0.06969859757003594,247.723,222.67909799999998,250.084,0.09427444652993719,True,0.08438289688244217,1.5
BNBUSDT,low,2021-06-07,2021-06-22 01:00:00,0.37611892583120204,281.28,259.74,330.28,2.2748375116063175,False,-1.013058495821727,9.0
BNBUSDT,low,2021-06-07,2021-06-22 18:30:00,0.6558503836317136,275.1,224.775,321.93,0.9305514157973168,True,0.9250849478390456,323.0
BNBUSDT,low,2021-08-30,2021-09-08 08:45:00,1.5743215318914447,402.35,381.4182,491.73,4.270057997878824,False,-1.0192219493784576,125.5
BNBUSDT,low,2021-08-30,2021-09-13 19:15:00,1.5743215318914447,398.88,392.11749,473.87,11.08907787197354,False,-1.0589840162898094,151.75
BNBUSDT,low,2021-08-30,2021-09-20 13:45:00,1.5743215318914447,373.95,353.06658,473.87,4.784656919221086,False,-1.0179065497892588,10.5
BNBUSDT,low,2021-08-30,2021-09-21 02:00:00,1.5743215318914447,364.93,347.46219,473.87,6.236614664345449,False,-1.0208915714104974,18.5
BNBUSDT,low,2021-08-30,2021-09-22 15:00:00,1.5743215318914447,365.61,335.38428000000005,473.87,3.5817178217756305,False,-1.0120959897729485,44.25
BNBUSDT,low,2021-08-30,2021-09-24 14:00:00,1.5743215318914447,350.36,335.86379999999997,473.87,8.52016390502336,False,-1.0241690925897822,41.25
BNBUSDT,low,2021-09-13,2021-09-26 09:45:00,0.07826576576576563,344.03,318.73095,354.3,0.4059440967150961,True,0.3923455623827793,15.75
BNBUSDT,low,2021-11-08,2021-12-04 08:15:00,0.16894488188976373,543.99,525.74373,599.65,3.0504864829907716,False,-1.0298137646762873,3.25
BNBUSDT,low,2021-11-08,2021-12-04 12:15:00,0.16894488188976373,543.66,524.4949799999999,599.65,2.9214683835446,True,2.89310107685773,104.5
BNBUSDT,low,2021-11-22,2021-12-04 08:15:00,0.22516092919115602,543.99,525.74373,599.65,3.0504864829907716,False,-1.0298137646762873,3.25
BNBUSDT,low,2021-11-22,2021-12-04 12:15:00,0.22516092919115602,543.66,524.4949799999999,599.65,2.9214683835446,True,2.89310107685773,104.5
BNBUSDT,low,2021-12-06,2022-01-06 05:15:00,0.16797742690760653,470.37,461.0385,516.46,4.9391844826662386,False,-1.050406687027809,4.5
BNBUSDT,low,2022-01-24,2022-02-24 08:00:00,0.07789810484863417,340.93,322.69698,368.4,1.5066072433420221,True,1.4879087501686477,12.0
BNBUSDT,low,2022-05-16,2022-06-13 16:00:00,0.02373949579831923,229.57,212.787,233.79,0.2514449144968124,False,-1.0136787225168324,9.25
BNBUSDT,low,2022-05-30,2022-06-07 15:00:00,0.35654362416107377,282.77,272.9268,303.44,2.0999268530559254,False,-1.0287274463589078,95.5
BNBUSDT,low,2022-11-14,2022-11-21 21:00:00,0.07776427703523688,255.02,248.87088,270.97,2.5938670899250607,True,2.552394488967525,29.25
BNBUSDT,low,2022-11-28,2022-12-17 07:30:00,0.4382984901277584,236.01,218.71107,268.94,1.9035859443329752,False,-1.0136430403498944,336.0
BNBUSDT,low,2023-02-06,2023-02-13 23:15:00,0.4959785522788202,292.86,282.09762,319.45,2.470643110538743,True,2.443431657309996,49.0
BNBUSDT,low,2023-02-20,2023-03-10 13:30:00,0.39085739282589665,273.57,264.24549,291.81,1.9561349604429679,True,1.926796153363561,59.25
BNBUSDT,low,2023-04-17,2023-05-08 22:45:00,0.038961038961038995,313.07,310.72896000000003,318.52,2.3280251512148755,False,-1.1337311622185031,34.25
BNBUSDT,low,2023-04-17,2023-05-10 11:45:00,0.038961038961038995,311.57,309.9897,318.52,4.397899133076087,False,-1.1971587673226645,5.5
BNBUSDT,low,2023-04-24,2023-05-08 22:45:00,0.14495205865764185,313.07,310.72896000000003,318.52,2.3280251512148755,False,-1.1337311622185031,34.25
BNBUSDT,low,2023-04-24,2023-05-10 11:45:00,0.14495205865764185,311.57,309.9897,318.52,4.397899133076087,False,-1.1971587673226645,5.5
BNBUSDT,low,2023-07-17,2023-08-17 00:00:00,0.029624753127057465,232.29,230.93883,234.84,1.8872532693887656,False,-1.1719176713514958,0.5
BNBUSDT,low,2023-07-17,2023-08-17 03:30:00,0.1316655694535879,231.12,229.77,234.84,2.755555555555566,False,-1.1712000000000007,11.0
BNBUSDT,low,2023-08-07,2023-08-16 16:45:00,0.18959372772630256,234.51,231.90786,239.81,2.0367851076421823,False,-1.0901219765270127,3.5
BNBUSDT,low,2025-01-20,2025-01-27 12:45:00,0.28277077402738265,658.98,635.34402,686.52,1.1651727578039897,True,1.1372923822071241,98.75
BNBUSDT,low,2025-02-17,2025-02-25 12:00:00,0.07625046313449396,613.01,585.1242900000001,621.26,0.2958504553048866,True,0.2738675113525898,8.25
BNBUSDT,low,2025-11-10,2025-11-19 20:00:00,0.033264532232516034,880.0,873.05607,932.42,7.5490392328263365,False,-1.126729388113071,21.0
BNBUSDT,low,2026-02-09,2026-04-02 16:30:00,0.006091226744734931,580.09,571.16826,592.88,1.4335768583258381,True,1.3685570303550612,47.75
BNBUSDT,low,2026-02-16,2026-02-23 03:30:00,0.07186234817813753,590.16,585.0843299999999,616.34,5.157939739975167,False,-1.1162723344898295,33.5
BNBUSDT,low,2026-06-08,2026-06-24 21:45:00,0.06050882420352938,564.05,545.77368,581.66,0.9635418946483795,False,-1.0308623399021248,16.0
BNBUSDT,high,2020-03-16,2020-04-30 04:00:00,0.05984504408228699,17.724,18.155137,16.799,2.1454897167257774,True,2.104379814304969,5.75
BNBUSDT,high,2020-03-23,2020-04-02 20:00:00,0.010908406996426862,12.946,13.768755,12.5,0.5420811784796195,False,-1.0157349393197246,37.25
BNBUSDT,high,2020-03-23,2020-04-04 11:30:00,0.0665788978747416,13.511,13.893880000000001,12.5,2.640513999164214,False,-1.035287818637693,4.75
BNBUSDT,high,2020-03-23,2020-04-04 18:30:00,0.0665788978747416,13.742,13.846833,12.5,11.847414459187558,False,-1.1310846775347467,1.75
BNBUSDT,high,2020-03-23,2020-04-06 20:00:00,0.2482602971600528,14.683,15.032017,12.5,6.254709655976644,False,-1.0420695840030716,3.5
BNBUSDT,high,2020-03-23,2020-04-07 02:15:00,0.34135790859507276,14.811,15.527512,12.5,3.2253472377294456,False,-1.0206709727122505,172.75
BNBUSDT,high,2020-03-23,2020-04-14 07:45:00,0.3804777129960508,15.266,15.73572,12.5,5.888614493740945,False,-1.0325002128927872,5.25
BNBUSDT,high,2020-03-23,2020-04-15 09:00:00,0.42448749294715105,15.374,15.969954000000001,12.5,4.82251985891528,False,-1.0257972930796673,65.25
BNBUSDT,high,2020-04-20,2020-04-29 18:00:00,0.16190189587721943,17.019,17.378361,16.048,2.702018304713063,False,-1.0473590623356452,2.5
BNBUSDT,high,2020-05-11,2020-05-30 20:00:00,0.03027166882276774,17.428,17.629611999999998,16.823,3.0008134436442706,False,-1.0864432672658386,2.25
BNBUSDT,high,2020-06-29,2020-07-07 19:45:00,0.11908396946564793,16.565,16.9169,16.175,1.1082693947144187,False,-1.0470730321113957,5.5
BNBUSDT,high,2020-06-29,2020-07-08 04:30:00,0.1811704834605588,16.779,17.039022,16.382,1.526793886671126,False,-1.0645291552253273,3.5
BNBUSDT,high,2020-06-29,2020-07-08 12:30:00,0.36895674300254344,17.091,17.408390999999998,16.382,2.233837758474582,False,-1.0538484077998436,1.25
BNBUSDT,high,2020-06-29,2020-07-09 01:00:00,0.43969465648855,17.167,17.547530000000002,16.382,2.0629122539615787,False,-1.0451133944761253,48.0
BNBUSDT,high,2020-06-29,2020-07-11 02:30:00,0.48549618320610716,17.381,17.637620000000002,16.382,3.8929155950432253,False,-1.0677304964539003,13.75
BNBUSDT,high,2020-06-29,2020-07-12 13:30:00,0.993893129770992,17.992,18.637619,16.382,2.4937308226678576,False,-1.0278678291685963,22.0
BNBUSDT,high,2020-06-29,2020-07-13 18:45:00,1.2229007633587778,18.598,19.088068999999997,16.382,4.5218122346037095,False,-1.0379497580952888,260.75
BNBUSDT,high,2020-10-05,2020-10-12 22:30:00,0.38979643126413727,30.381,31.1311,28.294,2.7822956939074794,False,-1.0405025996533797,4.0
BNBUSDT,high,2020-10-05,2020-10-13 06:30:00,0.5408394068861526,31.094,31.732701000000002,28.835,3.5368662331826575,False,-1.0486831866554145,67.0
BNBUSDT,high,2020-10-05,2020-10-16 03:15:00,0.5885900980145763,31.41,31.8318,28.835,6.104788999525825,True,6.030322427690832,105.75
BNBUSDT,high,2020-10-19,2020-10-27 17:15:00,0.1608431995379736,31.79,32.480448,30.585,1.7452436678793946,True,1.6992010984172485,18.0
BNBUSDT,high,2020-11-09,2020-11-22 01:30:00,0.3458323381896337,29.984,31.393362,28.876,0.7861713314251428,False,-1.0212748747305518,46.75
BNBUSDT,high,2020-11-09,2020-11-25 03:00:00,1.3157391927394313,33.533,35.458423,28.876,2.418689295806685,True,2.401273382524253,24.5
BNBUSDT,high,2020-11-30,2020-12-20 21:30:00,0.030729975593521287,34.047,35.7357,33.599,0.26529282880322097,True,0.24513116598566906,0.25
BNBUSDT,high,2020-12-21,2020-12-28 20:30:00,0.08102710413694689,35.463,36.304268,31.534,4.670330976573464,False,-1.0421542243375477,3.5
BNBUSDT,high,2021-01-25,2021-02-01 14:00:00,0.19820585457979267,47.303,49.049,45.533,1.0137457044673504,False,-1.0270922107674685,1.0
BNBUSDT,high,2021-01-25,2021-02-02 13:30:00,0.5182247403210577,51.035,52.940888,45.533,2.88684329824207,False,-1.0267775441159186,35.0
BNBUSDT,high,2021-02-22,2021-04-02 19:00:00,0.03615808531383829,331.032,358.776418,311.208,0.7145221067531479,False,-1.0119314811361333,63.75
BNBUSDT,high,2021-03-01,2021-03-10 02:00:00,0.020500328929822228,269.257,298.590292,265.0,0.14512520449460664,False,-1.009179228843459,35.75
BNBUSDT,high,2021-06-28,2021-08-01 16:00:00,0.049335378323108074,335.49,348.49814999999995,326.48,0.6926426893908841,True,0.6668519351329765,9.25
BNBUSDT,high,2021-12-20,2021-12-27 20:30:00,0.0048467569493946105,566.48,572.56199,546.0,3.367318920287596,True,3.27417835280886,7.75
BNBUSDT,high,2022-03-07,2022-03-28 23:00:00,0.15939869989165734,433.39,441.57113,415.41,2.197740409943366,False,-1.0529743446198754,13.0
BNBUSDT,high,2022-06-20,2022-07-18 12:15:00,0.07902125952667503,259.18,263.93367,246.46,2.675827308164008,False,-1.0545220850416626,3.5
BNBUSDT,high,2022-10-17,2022-10-26 13:15:00,0.47593360995850453,285.71,290.86057,272.65,2.53564168625996,False,-1.0554715303354774,6.75
BNBUSDT,high,2022-12-19,2023-01-12 08:00:00,0.036820835204310426,283.57,287.86758,273.55,2.3315447298246976,False,-1.0659836466104182,10.0
BNBUSDT,high,2022-12-26,2023-01-04 05:00:00,0.2921022067363515,254.69,256.74649,246.06,4.196470685488386,False,-1.1238469430923566,10.75
BNBUSDT,high,2023-01-16,2023-01-24 22:15:00,0.194118947601149,300.4,324.40407999999996,300.0,0.016663833814917192,True,0.00414929461991367,0.25
BNBUSDT,high,2023-03-20,2023-04-17 00:30:00,0.09752425560388163,344.48,351.95160000000004,331.22,1.7747202741046026,True,1.7286150222174568,55.5
BNBUSDT,high,2023-09-25,2023-10-02 14:00:00,0.017464424320826757,217.81,221.95173,217.17,0.15452480002318245,True,0.10193566456529402,1.75
BNBUSDT,high,2024-01-01,2024-02-15 05:00:00,0.09096841555729536,340.02,342.57223,330.04,3.910305889359473,False,-1.133224670190382,1.75
BNBUSDT,high,2024-01-08,2024-02-14 14:30:00,0.0024529844644318173,332.23,334.41407999999996,327.35,2.2343503900956625,False,-1.1521143914142382,9.75
BNBUSDT,high,2024-01-29,2024-02-08 16:45:00,0.010141364474492437,315.52,320.65033,311.05,0.8712889814105442,False,-1.0615009170950016,9.5
BNBUSDT,high,2024-01-29,2024-02-09 14:15:00,0.17885679164105683,322.29,326.14582,311.05,2.91507383643428,False,-1.0835853333402494,76.75
BNBUSDT,high,2024-01-29,2024-02-13 14:15:00,0.32390903503380497,319.5,330.87054,311.05,0.7431485224096643,False,-1.0280989293384484,18.75
BNBUSDT,high,2024-04-15,2024-05-21 12:00:00,0.006223776223776128,615.31,624.3437200000001,595.21,2.2249970111980026,False,-1.0681125826348383,14.75
BNBUSDT,high,2024-05-27,2024-06-03 14:30:00,0.10340576359993894,628.42,638.97834,601.94,2.5079700028602785,False,-1.059518825876037,19.75
BNBUSDT,high,2024-07-08,2024-07-20 00:30:00,0.07970854493265651,590.39,598.08749,557.2,4.311795143611732,False,-1.0766990278649273,17.25
BNBUSDT,high,2024-11-25,2024-12-04 16:00:00,1.1112747160286067,750.52,794.794,633.0,2.6543795455572115,True,2.6374278357501013,125.0
BNBUSDT,high,2024-12-23,2025-01-07 00:45:00,0.06650062266500613,726.78,746.746,722.0,0.2394069918862051,True,0.2030061103876576,11.0
BNBUSDT,high,2024-12-30,2025-01-07 00:45:00,0.15822784810126575,726.78,746.746,711.22,0.77932485224882,True,0.7429239707502725,14.25
BNBUSDT,high,2025-04-14,2025-04-21 16:45:00,0.09402654867256634,598.73,609.09849,588.42,0.9943588699994027,False,-1.0577451490043395,21.0
BNBUSDT,high,2025-06-23,2025-07-01 03:00:00,0.006472491909385031,656.62,660.66,655.18,0.35643564356437313,True,0.19390594059407465,1.0
BNBUSDT,high,2025-08-04,2025-08-14 10:45:00,0.06388487017436978,859.89,871.02015,844.96,1.3414015085151598,True,1.2641437896164924,1.75
BNBUSDT,high,2025-08-25,2025-09-10 15:15:00,0.07618360970920487,897.25,905.63473,870.01,3.2487629297544514,False,-1.107010005092591,33.0
BNBUSDT,high,2025-09-22,2025-10-03 07:15:00,0.16845567867036046,1086.08,1114.58347,1055.88,1.0595201215851862,False,-1.038103430915604,2.0
BNBUSDT,high,2025-11-24,2026-01-14 04:00:00,0.0914331146889283,945.65,956.60565,903.76,3.8235978695924038,False,-1.0863161930145633,83.75
BNBUSDT,high,2025-12-08,2026-01-14 04:00:00,0.20999372450580467,945.65,956.60565,903.76,3.8235978695924038,False,-1.0863161930145633,83.75
BNBUSDT,high,2025-12-22,2026-01-05 04:15:00,0.14913859604011348,892.71,908.55765,883.26,0.5963029218843228,False,-1.0563307493540055,7.5
BNBUSDT,high,2026-07-06,2026-07-31 14:30:00,0.04900920028308523,586.68,597.1966,585.82,0.08177547876689203,True,0.0259893882053039,0.5
BNBUSDT,high,2026-08-24,2026-09-04 01:15:00,0.02756556666929195,720.77,731.38065,698.41,2.107316705385635,False,-1.0679289204714133,29.75
BNBUSDT,high,2026-08-24,2026-09-05 23:00:00,0.4275813184216749,765.48,782.22144,709.0,3.37366439207141,True,3.327940726723626,109.75
BTCUSDT,low,2021-05-31,2021-06-08 07:15:00,0.179745493107105,33086.88,31968.0,36450.0,3.005791505791515,False,-1.0295714285714286,6.75
BTCUSDT,low,2021-09-13,2021-09-21 07:30:00,0.180332351316516,43106.1,40089.100770000005,44148.84,0.3456215664993723,False,-1.014287739808273,13.75
BTCUSDT,low,2022-05-16,2022-06-13 12:00:00,0.4159977930454658,24342.9,23440.8357,27673.4,3.6920871383558724,False,-1.0269857703048442,1.25
BTCUSDT,low,2022-08-29,2022-09-07 13:30:00,0.41694242223692946,18875.0,18481.5,20367.7,3.793392630241425,True,3.745425667090218,38.5
BTCUSDT,low,2022-11-14,2022-11-22 00:15:00,0.0034642857142856503,15919.4,15427.756800000001,16284.3,0.7422049160854878,True,0.7098249299492002,15.5
BTCUSDT,low,2023-05-15,2023-06-05 23:15:00,0.13603145879732798,25841.7,25334.739899999997,26861.4,2.01140089723036,False,-1.0509738340354593,12.75
BTCUSDT,low,2023-09-04,2023-09-12 03:00:00,0.1484593837535014,25380.6,24863.112,25945.7,1.0920059982067312,True,1.0429602232322388,0.25
BTCUSDT,low,2025-02-10,2025-02-25 01:30:00,0.02474902213549741,92306.2,91024.884,95182.3,2.244645349000578,False,-1.0720401524682441,5.5
BTCUSDT,low,2025-03-03,2025-03-10 20:45:00,0.04324623148583954,79270.3,77332.68990000001,83727.8,2.3005144327024416,False,-1.0409113784037358,3.5
BTCUSDT,low,2025-03-03,2025-03-11 04:00:00,0.08977657117209804,79757.6,76483.44,80217.6,0.140494050382388,True,0.11613433674591331,0.25
BTCUSDT,low,2025-05-26,2025-06-06 08:00:00,0.17475581360186257,103304.3,100204.79490000001,107121.1,1.231422397078814,True,1.198093108477224,74.0
BTCUSDT,low,2025-10-13,2025-11-04 22:15:00,0.10641908310383918,101107.8,98789.9112,104656.0,1.5307895702330483,True,1.4871689271720008,117.0
BTCUSDT,low,2025-10-13,2025-11-13 22:15:00,0.1440750040498947,99470.0,97861.041,108088.8,5.356755517076563,False,-1.0618225821789118,6.25
BTCUSDT,low,2026-02-16,2026-02-23 05:00:00,0.13349281543618846,65056.9,64563.8715,67712.0,5.385287057441905,False,-1.131953629455498,12.25
BTCUSDT,low,2026-06-08,2026-06-24 20:15:00,0.0013341783129315232,60745.0,59000.94,62916.5,1.2450833113539688,False,-1.0348296503560657,17.5
BTCUSDT,high,2020-01-20,2020-01-28 15:15:00,0.0021797276643047616,9018.86,9217.01781,8895.32,0.6234424976739581,False,-1.0455135227826753,8.25
BTCUSDT,high,2020-01-20,2020-01-29 23:45:00,0.22163748784215756,9311.0,9469.980520000001,8895.32,2.6146599595975517,False,-1.0585669237967013,16.5
BTCUSDT,high,2020-03-16,2020-04-30 09:45:00,0.28449950663304463,8644.0,9489.24977,7805.0,0.9926060080442254,False,-1.0102265629720313,171.5
BTCUSDT,high,2020-05-11,2020-06-02 14:45:00,0.1949766355140187,9584.47,10507.74725,9462.0,0.13264704616083545,True,0.12226612320405297,0.5
BTCUSDT,high,2020-06-29,2020-07-26 12:15:00,0.5160433272021253,9943.15,10007.647649999999,9670.0,4.235038020765136,False,-1.1541629811318723,12.25
BTCUSDT,high,2020-08-03,2020-08-17 18:15:00,0.15508797469491928,12365.07,12439.427,11670.01,9.347606815767174,True,9.181313527979878,34.0
BTCUSDT,high,2020-09-07,2020-10-22 02:15:00,0.5233896709863308,12722.87,13253.24,11656.01,2.011539114203297,False,-1.0239886682881763,73.25
BTCUSDT,high,2021-01-11,2021-02-09 09:30:00,0.42866536688746143,46168.9,48314.62636,36672.19,4.425871899154931,False,-1.021516676525333,51.75
BTCUSDT,high,2021-03-01,2021-03-12 00:15:00,0.047370700940792786,57139.68,58341.283,54899.75,1.8641181821283694,False,-1.0475528772814315,33.75
BTCUSDT,high,2021-03-15,2021-04-13 18:45:00,0.15031645569620253,62768.56,63913.85,60420.01,2.050616001187467,False,-1.0548058221061913,5.25
BTCUSDT,high,2022-03-14,2022-03-22 15:45:00,0.15783077899700682,42567.2,43231.188,40874.2,2.5497448749073595,False,-1.0641083875009785,32.75
BTCUSDT,high,2022-08-01,2022-08-11 15:45:00,0.06782365848793136,24336.6,24996.972,23454.0,1.33651941632897,False,-1.0368528647489594,64.0
BTCUSDT,high,2022-10-17,2022-10-26 05:00:00,0.23008718782325896,20138.7,20317.9977,19436.1,3.9186224920900012,False,-1.112319901482284,2.25
BTCUSDT,high,2022-12-26,2023-01-09 13:45:00,0.28513577894235576,17218.6,17306.289,16881.0,3.849969779561751,False,-1.1963598626965706,1.25
BTCUSDT,high,2023-04-03,2023-04-11 19:45:00,0.5099083111505475,30121.9,30594.564,28077.1,4.326117495726384,False,-1.0637279335849572,43.25
BTCUSDT,high,2023-08-21,2023-10-16 21:00:00,0.202381651879272,28298.1,28661.9333,27627.4,1.8434266462140583,False,-1.0777776525678102,31.75
BTCUSDT,high,2023-08-21,2023-10-18 09:45:00,0.202381651879272,28246.2,28878.749900000003,27627.4,0.9782627425915291,False,-1.0446545007753538,30.5
BTCUSDT,high,2023-08-21,2023-10-20 12:15:00,0.202381651879272,29588.7,30273.243,27627.4,2.8651231551560756,False,-1.043224019528357,29.75
BTCUSDT,high,2023-08-21,2023-10-22 07:30:00,0.202381651879272,29739.1,30302.071799999998,27627.4,3.7509871720039967,False,-1.0528252036780528,17.75
BTCUSDT,high,2023-08-21,2023-10-23 07:45:00,0.2552637248565327,30508.0,31020.99,27627.4,5.615314138677147,False,-1.059470944852726,8.75
BTCUSDT,high,2023-12-11,2024-01-02 11:00:00,0.24344444675497448,45616.0,45995.95,43426.0,5.763916304776989,True,5.643858402421414,25.0
BTCUSDT,high,2023-12-25,2024-01-02 11:00:00,0.37300900717520763,45616.0,45995.95,43426.0,5.763916304776989,True,5.643858402421414,25.0
BTCUSDT,high,2024-07-08,2024-07-16 04:15:00,0.1083511573744002,64531.9,65053.7888,62400.0,4.084969824989535,True,3.9613191545785207,4.25
BTCUSDT,high,2024-08-12,2024-08-24 00:15:00,0.16338849897467028,63867.8,64363.9997,60865.2,6.051192695199174,False,-1.1287139028903088,8.5
BTCUSDT,high,2025-06-23,2025-07-03 12:30:00,0.12657863991246826,108908.9,110375.36510000001,107026.1,1.283903721950129,False,-1.0742662747309832,1.25
BTCUSDT,high,2025-06-23,2025-07-10 12:00:00,0.2908591881015523,110760.2,111659.8483,107026.1,4.1506219708301435,False,-1.1231149994948024,4.25
BTCUSDT,high,2025-06-23,2025-07-11 13:30:00,0.9256532462956436,117415.3,119001.68280000001,107026.1,6.548986789317151,False,-1.0740144812462664,48.75
BTCUSDT,high,2025-06-23,2025-07-13 22:00:00,0.9972553455853712,118351.8,119574.35489999999,107026.1,9.263960252419016,False,-1.096806940939831,4.25
BTCUSDT,high,2025-06-23,2025-07-14 09:15:00,1.3352372827921288,122000.0,123423.3,107026.1,10.520550832572166,False,-1.0857162931216187,336.0
BTCUSDT,high,2025-08-04,2025-08-11 07:45:00,0.3313237879929666,121534.8,122572.45,117342.0,4.040668818965958,False,-1.1171250421625796,60.0
BTCUSDT,high,2025-10-20,2025-10-27 08:15:00,0.03763060601189496,115100.0,116496.5802,114300.0,0.5728278261427463,True,0.4904122226564587,13.0
BTCUSDT,high,2025-11-24,2026-01-14 04:45:00,0.055248439547890646,95192.2,95850.755,93009.8,3.3139221477324887,False,-1.1445470765539687,9.75
BTCUSDT,high,2026-03-09,2026-03-16 14:30:00,0.04936394276052247,73106.7,74555.9815,71277.1,1.2624186536569981,False,-1.0504434093721615,7.0
BTCUSDT,high,2026-03-30,2026-04-08 14:30:00,0.12124207464309504,71052.9,72931.3585,68740.2,1.231169067615807,False,-1.0378251103231717,31.75
BTCUSDT,high,2026-08-03,2026-08-20 12:30:00,1.93634255946418,71652.5,72559.9875,63944.3,8.494001294783644,False,-1.0789570104271407,2.5
BTCUSDT,high,2026-08-10,2026-08-20 12:30:00,2.179125836055375,71652.5,72559.9875,63944.3,8.494001294783644,False,-1.0789570104271407,2.5
DOGEUSDT,low,2020-08-03,2020-09-03 07:30:00,0.024054982817869133,0.003063,0.0030049919999999997,0.00331,4.2580333747069,False,-1.052803061646669,4.5
DOGEUSDT,low,2021-03-15,2021-03-25 05:45:00,0.13757085020242907,0.052023,0.049901049,0.055389,1.586276026166488,False,-1.0245165887430954,6.5
DOGEUSDT,low,2021-05-24,2021-06-22 01:45:00,0.09608185675068627,0.2025,0.164835,0.23699,0.9157042347006502,False,-1.0053763440860215,12.0
DOGEUSDT,low,2021-06-07,2021-06-18 21:30:00,0.093085453359426,0.2973,0.27915057,0.31019,0.7102151417427433,False,-1.016380679723826,36.25
DOGEUSDT,low,2021-06-28,2021-07-20 12:00:00,0.02700142112742781,0.1655,0.15917067,0.175,1.500948757609407,True,1.4748006503057904,4.25
DOGEUSDT,low,2021-08-30,2021-09-08 16:00:00,0.9581719597211463,0.26132,0.23321655,0.28817,0.9553987143927163,False,-1.0092985024970245,111.75
DOGEUSDT,low,2021-08-30,2021-09-13 13:30:00,0.9581719597211463,0.24354,0.23113862999999998,0.28817,3.5987959394808713,False,-1.0196381528814962,0.75
DOGEUSDT,low,2021-08-30,2021-09-13 18:15:00,0.9581719597211463,0.23514,0.23212764000000002,0.28817,17.60413761967382,False,-1.0780583993944957,148.0
DOGEUSDT,low,2021-08-30,2021-09-21 01:30:00,1.013632842757552,0.20986,0.19847133,0.28817,6.8761321559058315,False,-1.0184270858669187,19.75
DOGEUSDT,low,2021-09-13,2021-09-21 01:30:00,0.03016006739679865,0.20986,0.19847133,0.22423,1.2617803483637715,False,-1.0184270858669187,19.75
DOGEUSDT,low,2021-09-13,2021-09-22 05:15:00,0.040943555181128924,0.21071,0.19719261000000002,0.22423,1.0001930846117493,True,0.9846050162050524,11.0
DOGEUSDT,low,2021-11-01,2021-11-26 12:15:00,0.2121374045801525,0.20258,0.19549431,0.21862,2.2637174361283074,False,-1.0285900173448175,53.25
DOGEUSDT,low,2021-12-06,2022-01-23 00:15:00,0.0606417427141596,0.13478,0.11940048,0.14523,0.6794750421339536,True,0.6707114396288039,60.25
DOGEUSDT,low,2021-12-20,2022-01-06 05:00:00,0.0636124890574848,0.15664,0.15356628,0.16957,4.206629100894027,False,-1.050961050453522,22.5
DOGEUSDT,low,2021-12-27,2022-01-06 05:00:00,0.39859154929577456,0.15664,0.15356628,0.16957,4.206629100894027,False,-1.050961050453522,22.5
DOGEUSDT,low,2022-01-24,2022-02-24 08:00:00,0.22573516913139555,0.11408,0.10855134000000001,0.12759,2.4436301020500504,True,2.4229958073023177,38.75
DOGEUSDT,low,2022-05-16,2022-06-12 14:45:00,0.08950237383506253,0.06694,0.06324669000000001,0.07685,2.6832299482036506,False,-1.0181246632424574,9.25
DOGEUSDT,low,2022-05-30,2022-06-10 19:30:00,0.04842931937172804,0.07519,0.07453538999999999,0.08308,12.052978109102867,False,-1.114862284413618,13.5
DOGEUSDT,low,2022-05-30,2022-06-12 14:45:00,0.7578534031413608,0.06694,0.06324669000000001,0.07685,2.6832299482036506,False,-1.0181246632424574,9.25
DOGEUSDT,low,2022-07-04,2022-07-12 13:00:00,0.11044417767106916,0.06174,0.0602397,0.06536,2.4128507631806912,False,-1.0411517696460706,6.25
DOGEUSDT,low,2022-09-26,2022-10-13 16:30:00,0.0678913738019172,0.05861,0.05485509,0.05906,0.11984308545344602,True,0.10423418936805383,0.5
DOGEUSDT,low,2022-11-14,2022-12-20 01:45:00,0.014738996929375608,0.07318,0.06945048,0.0764,0.8633818829232718,True,0.8437600549132329,57.75
DOGEUSDT,low,2023-02-13,2023-02-26 09:45:00,0.02622730329522556,0.08155,0.07814178,0.08178,0.06748390655533028,True,0.04355646055712596,8.75
DOGEUSDT,low,2023-04-10,2023-04-26 21:45:00,0.033658700774150146,0.07867,0.07726266000000001,0.07915,0.3410689669873639,True,0.28516918441883005,2.5
DOGEUSDT,low,2023-05-01,2023-05-08 09:15:00,0.20662983425414327,0.07467,0.07394598000000001,0.07805,4.668379326537985,False,-1.1031325101516545,7.5
DOGEUSDT,low,2023-07-31,2023-08-16 01:15:00,0.18241279069767663,0.07115,0.07053939000000001,0.07383,4.389053569381459,False,-1.1165228214408547,4.75
DOGEUSDT,low,2024-04-15,2024-05-01 17:45:00,0.04667526679957778,0.12619,0.11989998,0.1345,1.3211404733212329,True,1.301078533931533,31.75
DOGEUSDT,low,2024-04-22,2024-04-30 22:00:00,0.3222921497184505,0.13297,0.12888099,0.14513,2.973824960075909,False,-1.0325188737616195,4.0
DOGEUSDT,low,2024-05-27,2024-06-07 20:45:00,0.4110138584974462,0.14884,0.14711274,0.16103,7.057420423097825,False,-1.0861711612611877,13.25
DOGEUSDT,low,2024-05-27,2024-06-10 08:15:00,0.4110138584974462,0.14468,0.14301684,0.16103,9.830683758628174,False,-1.0869910291252798,17.5
DOGEUSDT,low,2024-05-27,2024-06-11 10:00:00,0.4110138584974462,0.14195,0.13800186,0.16103,4.832655376962333,False,-1.035953638928711,5.0
DOGEUSDT,low,2024-05-27,2024-06-12 04:15:00,0.5123997082421583,0.13949,0.1333665,0.16103,3.517596145994936,False,-1.0227794561933534,59.75
DOGEUSDT,low,2024-07-22,2024-08-01 20:45:00,0.08592947620677874,0.11697,0.111888,0.1231,1.206218024399841,False,-1.02301652892562,18.25
DOGEUSDT,low,2025-01-20,2025-01-27 21:00:00,0.03127486869329929,0.33381,0.30410559000000004,0.33689,0.10368830756106691,True,0.09245058225361255,3.0
DOGEUSDT,low,2025-02-10,2025-02-25 12:00:00,0.0721763085399449,0.20766,0.19525455,0.21393,0.5054230197211702,True,0.48868360277136186,10.0
DOGEUSDT,low,2025-05-12,2025-06-17 18:45:00,0.0036622371036935148,0.16889,0.16608375,0.17232,1.2222717149220406,False,-1.0601835189309574,18.5
DOGEUSDT,low,2025-05-12,2025-06-20 07:45:00,0.0036622371036935148,0.17046,0.16686297,0.17232,0.5170932686132726,False,-1.0473890960042034,7.0
DOGEUSDT,low,2025-05-12,2025-06-20 20:00:00,0.062362666108611416,0.16354,0.16087896,0.17232,3.2994618645341665,False,-1.061457174638487,17.5
DOGEUSDT,low,2025-09-15,2025-09-25 14:00:00,0.01393208110461478,0.23337,0.22505472,0.23653,0.38002328243907646,False,-1.0280652004502555,3.0
DOGEUSDT,low,2025-09-15,2025-09-26 00:45:00,0.07438736161214063,0.22598,0.22049928,0.23653,1.9249295712972045,True,1.8836977623377977,69.25
DOGEUSDT,low,2025-10-20,2025-11-03 12:15:00,0.10361726954492415,0.17524,0.17101881000000002,0.19462,4.591122408609905,False,-1.0415143596947782,3.0
DOGEUSDT,low,2025-11-10,2025-11-18 01:00:00,0.062055223455736455,0.15249,0.14913072,0.16076,2.4618370603224555,True,2.4164434045390735,15.25
DOGEUSDT,low,2025-11-24,2025-12-02 02:15:00,0.047335423197492524,0.13627,0.13151834999999998,0.1377,0.3009480917155051,True,0.27226963265391607,11.0
DOGEUSDT,low,2025-12-08,2025-12-15 23:00:00,0.23526703499079077,0.12958,0.12730256999999998,0.13717,3.3327039689474116,False,-1.056897467759711,5.75
DOGEUSDT,low,2025-12-22,2026-01-01 15:30:00,0.24325782092772383,0.12318,0.11522465999999999,0.12496,0.22374907923482876,True,0.208265140144859,0.25
DOGEUSDT,low,2026-02-16,2026-02-28 13:30:00,0.008064516129032423,0.08917,0.08750241,0.09342,2.548588082202467,True,2.495115705898939,6.5
DOGEUSDT,low,2026-06-08,2026-06-24 21:30:00,0.20267446719598803,0.07574,0.07268724,0.08,1.3954585358822829,False,-1.0248103355651934,16.25
DOGEUSDT,low,2026-06-15,2026-06-23 22:00:00,0.33302151543498537,0.07891,0.07813179,0.083,5.255650788347716,False,-1.1013993652099063,13.0
DOGEUSDT,low,2026-06-15,2026-06-24 21:30:00,0.8428437792329271,0.07574,0.07268724,0.083,2.3781758146726237,False,-1.0248103355651934,16.25
DOGEUSDT,low,2026-06-15,2026-06-25 17:15:00,0.970065481758652,0.07508,0.07205787,0.083,2.62066820421359,False,-1.0248434051480249,9.75
DOGEUSDT,low,2026-06-15,2026-06-29 03:00:00,0.970065481758652,0.07338,0.0718281,0.083,6.198853018880105,False,-1.0472839744828921,32.75
DOGEUSDT,low,2026-06-15,2026-06-30 16:45:00,1.1515434985968196,0.07138,0.07009983,0.083,9.076919471632698,False,-1.0557582196114579,336.0
DOGEUSDT,low,2026-06-15,2026-07-16 13:15:00,1.1515434985968196,0.07344,0.0726273,0.083,11.763258274886187,False,-1.0903654485049834,9.5
DOGEUSDT,low,2026-06-15,2026-07-17 10:00:00,1.1515434985968196,0.07196,0.07103889000000001,0.083,11.985539186416542,False,-1.0781231340447948,3.5
DOGEUSDT,low,2026-06-15,2026-07-17 14:00:00,1.1515434985968196,0.07212,0.07093899000000001,0.083,9.212453747216395,False,-1.0610663753905558,142.75
DOGEUSDT,low,2026-07-06,2026-07-24 07:00:00,0.11414141414141334,0.07006,0.06864129,0.07279,1.924283327811878,False,-1.049382890090293,6.0
DOGEUSDT,high,2020-07-20,2020-08-02 02:45:00,0.10231023102311379,0.00359,0.0038118080000000003,0.003245,1.5553992642285182,True,1.5392140950732127,1.75
DOGEUSDT,high,2020-08-10,2020-08-18 05:15:00,0.24347826086963542,0.003622,0.0037337299999999998,0.003417,1.834780273874518,True,1.8023628389868425,23.0
DOGEUSDT,high,2020-11-30,2020-12-20 12:30:00,0.3175872093023255,0.004264,0.004500496,0.003815,1.8985521953859772,False,-1.0180299032541777,2.5
DOGEUSDT,high,2020-11-30,2020-12-21 12:00:00,0.8183139534883722,0.00441,0.005450445,0.003815,0.5718706899451677,True,0.5676321189491035,58.0
DOGEUSDT,high,2021-01-04,2021-01-28 12:45:00,0.04310695404636039,0.011842,0.012650638,0.007863,4.920619609763575,False,-1.0146443773357177,0.75
DOGEUSDT,high,2021-01-18,2021-01-28 12:45:00,1.273122644244709,0.011842,0.012650638,0.007863,4.920619609763575,False,-1.0146443773357177,0.75
DOGEUSDT,high,2021-03-01,2021-03-09 06:45:00,0.10728221760502805,0.058195,0.06330324000000001,0.053831,0.8543059840571289,False,-1.0113923778052714,113.25
DOGEUSDT,high,2021-04-19,2021-05-04 15:00:00,0.3943172045212547,0.516273,0.61420359,0.402,1.166877479243206,False,-1.0052718256879694,12.25
DOGEUSDT,high,2021-04-26,2021-05-04 00:45:00,0.06199815146438688,0.409809,0.455603148,0.402,0.17052397175289621,False,-1.0089489381918406,7.0
DOGEUSDT,high,2021-09-27,2021-10-05 01:30:00,0.40045535036681024,0.23917,0.24956932,0.2114,2.670366908605557,False,-1.0229986191404823,12.5
DOGEUSDT,high,2021-10-11,2021-10-18 12:00:00,0.026724569901452985,0.25541,0.2630628,0.23392,2.8081225172486084,False,-1.033374712523521,143.5
DOGEUSDT,high,2021-10-11,2021-10-24 15:15:00,0.026724569901452985,0.25315,0.26526500000000003,0.23392,1.5872884853487355,False,-1.0208955839867933,2.75
DOGEUSDT,high,2021-10-11,2021-10-25 18:00:00,0.18941038917654948,0.26141,0.28361333000000005,0.23392,1.238102572902348,True,1.2263291136960037,38.0
DOGEUSDT,high,2022-02-28,2022-03-24 12:45:00,0.06692803136376392,0.13492,0.14448434,0.13433,0.06168747660580956,True,0.04758090992164731,0.5
DOGEUSDT,high,2022-08-01,2022-08-11 15:45:00,0.07560137457044604,0.07149,0.07572564999999999,0.06972,0.4178815530083922,True,0.40100338790976503,19.75
DOGEUSDT,high,2022-10-17,2022-10-25 20:00:00,0.2377807133421404,0.06277,0.06434428,0.05979,1.8929288309576495,False,-1.0398721955433596,6.25
DOGEUSDT,high,2023-01-02,2023-01-09 13:45:00,0.21981981981982285,0.07697,0.07913906000000001,0.0745,1.1387421279263754,False,-1.0354854176463535,3.0
DOGEUSDT,high,2023-01-02,2023-01-09 18:30:00,0.27207207207207534,0.07754,0.07971964000000001,0.0745,1.3947257345249613,True,1.359151052467374,8.0
DOGEUSDT,high,2023-06-12,2023-07-14 17:45:00,0.02435387673956284,0.06968,0.07326319,0.06858,0.30698902374699744,True,0.2875426644972786,0.5
DOGEUSDT,high,2023-10-30,2023-11-07 02:45:00,0.09670487106017121,0.0739,0.07665658,0.07214,0.6384723098912393,True,0.611663728242965,12.75
DOGEUSDT,high,2023-11-20,2023-12-04 11:00:00,0.19502074688796678,0.08712,0.09148139,0.07956,1.7333923359296026,False,-1.019975283109284,12.5
DOGEUSDT,high,2024-01-08,2024-02-27 21:00:00,0.2968451242829839,0.09693,0.10081071,0.08792,2.3217400939518837,False,-1.0249773881583526,13.75
DOGEUSDT,high,2024-01-22,2024-02-20 02:00:00,0.07292327203551036,0.08898,0.09180171,0.08452,1.580601833639892,True,1.5490677638736863,13.25
DOGEUSDT,high,2024-01-29,2024-02-14 23:15:00,0.14959016393442806,0.08574,0.08717709,0.08238,2.338058159196708,False,-1.059662234098073,1.75
DOGEUSDT,high,2024-03-11,2024-03-28 21:15:00,0.25576302443522403,0.21758,0.2295293,0.19479,1.907224690986084,True,1.889016092992896,101.25
DOGEUSDT,high,2024-05-06,2024-05-21 19:15:00,0.06390603225164226,0.16519,0.17363346,0.16076,0.5246664282178188,False,-1.0195642544644021,4.75
DOGEUSDT,high,2024-05-06,2024-05-22 03:45:00,0.09058331674298226,0.17089,0.1749748,0.16076,2.479925577751648,True,2.438089992166063,33.75
DOGEUSDT,high,2024-08-12,2024-08-24 01:15:00,0.1460858172289553,0.11213,0.1155154,0.10596,1.8225320493885435,True,1.7894104094050853,64.25
DOGEUSDT,high,2024-10-07,2024-10-16 23:30:00,0.23083439220669352,0.12568,0.13019006,0.1094,3.609708074837131,False,-1.0278665915752783,21.5
DOGEUSDT,high,2024-11-25,2024-12-08 09:45:00,0.032354606487098654,0.44914,0.485485,0.44204,0.19535011693492893,True,0.18299243362223117,21.25
DOGEUSDT,high,2024-12-23,2025-01-18 03:30:00,0.12501638055300737,0.40814,0.434434,0.36811,1.5224005476534583,True,1.5068783752947452,29.5
DOGEUSDT,high,2025-01-06,2025-01-18 03:30:00,0.3839305103148752,0.40814,0.434434,0.36811,1.5224005476534583,True,1.5068783752947452,29.5
DOGEUSDT,high,2025-03-17,2025-03-24 21:00:00,0.21172467940329778,0.18497,0.18917899,0.17479,2.4186324985329035,False,-1.0439464099463291,16.5
DOGEUSDT,high,2025-04-28,2025-05-09 03:45:00,0.14927726675427044,0.1935,0.19771752,0.18912,1.0385250099584573,False,-1.0458800432481647,3.25
DOGEUSDT,high,2025-06-23,2025-07-09 23:45:00,0.14400622729631588,0.18051,0.18260242,0.16735,6.289368291260888,False,-1.0862685311744302,8.75
DOGEUSDT,high,2025-08-04,2025-08-14 08:30:00,0.1213535589264881,0.24157,0.25603578,0.23462,0.4804441931233587,True,0.46374478251432133,4.0
DOGEUSDT,high,2026-03-09,2026-03-17 03:30:00,0.010146561443066495,0.10117,0.10455445000000001,0.09975,0.41956595606375807,True,0.3896733590391308,2.0
DOGEUSDT,high,2026-04-20,2026-04-29 18:15:00,0.8556521739130512,0.10142,0.112112,0.09855,0.2684249906472125,False,-1.009485596707819,103.25
ETHUSDT,low,2020-02-17,2020-02-27 08:15:00,0.1019810267857143,229.26,209.79998999999998,242.75,0.6932164988609976,True,0.6814354155008143,207.0
ETHUSDT,low,2020-06-08,2020-06-15 16:00:00,0.057424593967517125,227.71,217.80198000000001,232.51,0.48445602653204034,True,0.461473634490038,3.0
ETHUSDT,low,2021-03-15,2021-03-23 12:00:00,0.05439851899320007,1707.37,1650.92742,1789.14,1.448728956047019,False,-1.0302496802945578,12.75
ETHUSDT,low,2021-05-31,2021-06-20 19:30:00,0.04803357314148674,2229.92,2036.9010600000001,2244.98,0.07802343127570771,True,0.0664705753746236,0.5
ETHUSDT,low,2021-09-13,2021-09-21 07:45:00,0.11199696279422931,3073.97,2802.195,3219.0,0.5336399595253442,False,-1.0113107165854107,12.75
ETHUSDT,low,2021-09-13,2021-09-22 06:45:00,0.2611996962794228,2929.84,2645.1522,3219.0,1.0157091382208852,True,1.0054177242579405,219.75
ETHUSDT,low,2021-12-06,2022-01-07 09:00:00,0.1975929005619912,3251.52,3109.3875,3549.11,2.093750549663165,False,-1.0228766819692892,4.5
ETHUSDT,low,2022-05-16,2022-05-26 14:00:00,0.06675491428949641,1835.13,1723.275,1926.42,0.8161459031782213,False,-1.016406329623173,15.5
ETHUSDT,low,2022-05-30,2022-06-11 04:45:00,0.11424434113253573,1676.47,1665.2331000000001,1729.91,4.755760040580644,False,-1.1491932828449143,1.0
ETHUSDT,low,2022-10-03,2022-10-13 18:45:00,0.49333333333333335,1285.25,1174.824,1289.0,0.03395939362106752,True,0.022320377447340313,0.25
ETHUSDT,low,2023-02-20,2023-03-10 13:30:00,0.3250966608084359,1418.48,1366.14249,1544.72,2.41203679731802,True,2.3849342469674206,53.0
ETHUSDT,low,2023-05-29,2023-06-10 17:15:00,0.26697674418604694,1749.96,1713.5747099999999,1841.06,2.503759074065357,False,-1.0480952604747686,98.75
ETHUSDT,low,2023-10-02,2023-10-10 08:00:00,0.08119266055045893,1592.58,1542.7557,1596.96,0.08790891191647669,False,-1.0319639212191642,18.5
ETHUSDT,low,2024-10-28,2024-11-05 05:45:00,0.06325602896987471,2431.37,2353.644,2445.81,0.1857808198028978,True,0.154499523968814,3.25
ETHUSDT,low,2024-12-23,2025-01-13 20:45:00,0.19802176259170887,3090.35,2897.1,3490.89,2.072652005174644,True,2.0566605433376455,95.5
ETHUSDT,low,2025-01-20,2025-02-03 22:15:00,1.3120108826118269,2910.47,2078.10981,3161.86,0.3020206913067291,False,-1.0034966472867954,336.0
ETHUSDT,low,2025-02-10,2025-02-28 09:15:00,0.0121432401835191,2142.91,2067.93,2336.96,2.5880234729261153,True,2.5594437183248884,55.25
ETHUSDT,low,2025-03-17,2025-04-03 21:15:00,0.012559614472271406,1800.1,1745.72253,1834.12,0.6256267531387547,True,0.5925229695313158,11.0
ETHUSDT,low,2025-08-25,2025-09-22 20:30:00,0.06585939153586495,4173.45,4115.04084,4454.01,4.803356185913299,False,-1.0714519777377383,6.5
ETHUSDT,low,2025-08-25,2025-09-24 14:45:00,0.06585939153586495,4191.77,4065.93,4308.77,0.929752066115698,False,-1.0333103146853144,11.5
ETHUSDT,low,2025-09-15,2025-09-22 20:30:00,0.5560243407707909,4173.45,4115.04084,4454.01,4.803356185913299,False,-1.0714519777377383,6.5
ETHUSDT,low,2025-10-13,2025-11-05 02:45:00,0.2548005908419498,3323.88,3162.24459,3534.14,1.300828822100302,True,1.280264763766797,107.5
ETHUSDT,low,2025-10-20,2025-11-03 12:00:00,0.0335514364258957,3720.95,3646.47987,3764.07,0.579024099998221,False,-1.0499656707998228,3.25
ETHUSDT,low,2025-10-20,2025-11-04 03:30:00,0.18487854283555463,3647.77,3552.444,3764.07,1.220023917923758,False,-1.0382662652371861,2.0
ETHUSDT,low,2025-10-20,2025-11-04 14:45:00,0.3392119351156698,3554.33,3456.54,3764.07,2.144800081807959,False,-1.0363465589528582,1.5
ETHUSDT,low,2025-10-20,2025-11-05 02:45:00,0.9903059337974057,3323.88,3162.24459,3764.07,2.72335127556517,False,-1.020564058333505,209.25
ETHUSDT,low,2025-10-20,2025-11-13 23:15:00,0.9903059337974057,3252.36,3149.33751,3764.07,4.966973716127407,False,-1.0315694175126227,5.25
ETHUSDT,low,2025-10-20,2025-11-14 14:30:00,0.9903059337974057,3199.88,3064.932,3764.07,4.180795565699371,False,-1.0237119483060142,50.0
ETHUSDT,low,2025-10-20,2025-11-17 00:15:00,1.0771023905599408,3120.45,2998.0089900000003,3764.07,5.256572123996713,False,-1.0254853337129448,19.25
ETHUSDT,low,2026-02-16,2026-02-23 05:15:00,0.19395822680250147,1865.32,1850.148,1954.67,5.889137885578696,False,-1.1229448984972314,12.25
ETHUSDT,low,2026-04-20,2026-05-17 00:00:00,0.04831018038565213,2183.01,2166.831,2232.0,3.0279992582977635,False,-1.1349286111626176,1.5
ETHUSDT,high,2020-01-20,2020-01-30 23:30:00,0.21020134228187953,184.14,187.5874,174.5,2.796310262806736,False,-1.0534141671984683,55.75
ETHUSDT,high,2020-03-23,2020-04-06 20:00:00,0.2756324900133152,163.06,167.33717,143.98,4.4608935347437875,False,-1.0381233385626478,3.25
ETHUSDT,high,2020-06-29,2020-07-23 05:00:00,0.5971524288107208,262.45,266.50624,241.28,5.219119184269169,False,-1.0647027789282686,9.25
ETHUSDT,high,2020-07-13,2020-07-23 05:00:00,0.9859791949344188,262.45,266.50624,241.28,5.219119184269169,False,-1.0647027789282686,9.25
ETHUSDT,high,2020-08-03,2020-08-14 03:15:00,0.11812172718688292,420.31,432.29186,378.82,3.4627345003196552,False,-1.0350788608780273,12.5
ETHUSDT,high,2020-09-28,2020-10-10 05:45:00,0.023133867982726722,374.22,377.10673,362.04,4.2193069667062755,False,-1.1296345692184584,29.0
ETHUSDT,high,2020-09-28,2020-10-12 23:45:00,0.2811536088834057,386.73,395.82543,362.04,2.714550054258028,True,2.6720308990339205,81.5
ETHUSDT,high,2020-10-26,2020-11-06 08:30:00,0.3626315789473687,430.2,436.9365,398.6,4.690863207897246,False,-1.0638610554442214,1.5
ETHUSDT,high,2020-10-26,2020-11-06 15:45:00,0.4470175438596494,435.6,447.42698,398.6,3.128440227344599,False,-1.0368310422440894,5.25
ETHUSDT,high,2020-10-26,2020-11-07 14:30:00,0.8392982456140357,453.83,470.20974,398.6,3.3718483931979306,False,-1.0277067889966507,97.75
ETHUSDT,high,2020-10-26,2020-11-11 20:00:00,0.9647368421052633,464.46,477.36689,398.6,5.102700960494727,False,-1.0359854310372212,50.5
ETHUSDT,high,2020-10-26,2020-11-14 04:00:00,1.0017543859649127,469.07,479.30883,398.6,6.882622330871781,False,-1.0458128516637155,84.5
ETHUSDT,high,2020-10-26,2020-11-18 05:30:00,1.3175438596491231,472.11,497.497,398.6,2.89557647614921,False,-1.0185965257809115,50.75
ETHUSDT,high,2021-01-11,2021-01-19 19:15:00,0.19237722205483548,1363.01,1445.49405,1255.51,1.303282270936017,True,1.2867577428605892,16.0
ETHUSDT,high,2021-03-01,2021-03-14 01:00:00,0.01587424500542047,1900.64,1950.69875,1859.0,0.8318226084350921,True,0.7938544210552634,10.0
ETHUSDT,high,2022-06-20,2022-07-18 12:15:00,0.09832795642973612,1466.13,1512.78127,1314.06,3.259718331355195,False,-1.0314274402390333,3.5
ETHUSDT,high,2022-08-01,2022-08-08 16:15:00,0.08214202561117573,1758.38,1821.59978,1689.23,1.0938032368983284,True,1.0659894735476807,21.5
ETHUSDT,high,2022-08-01,2022-08-10 18:30:00,0.16635622817229348,1818.18,1857.80595,1645.59,4.3554791746317925,False,-1.0458835687220118,2.75
ETHUSDT,high,2022-11-14,2023-01-14 09:00:00,0.06877025667771873,1549.44,1568.81725,1385.57,8.456824368782984,False,-1.0799618108864777,32.25
ETHUSDT,high,2022-11-14,2023-01-16 08:00:00,0.06877025667771873,1540.42,1588.0865,1448.7,1.924202532176694,False,-1.0323166164916662,11.0
ETHUSDT,high,2022-11-14,2023-01-17 00:30:00,0.06877025667771873,1569.97,1588.5469600000001,1448.7,6.5279787435618815,False,-1.0845116746765882,13.5
ETHUSDT,high,2022-11-14,2023-01-18 15:45:00,0.06877025667771873,1550.09,1616.2146,1448.7,1.533317403810378,False,-1.0234419565486974,52.25
ETHUSDT,high,2022-11-14,2023-01-21 10:15:00,0.13865812316060067,1634.45,1684.12244,1448.7,3.7394982006118447,False,-1.0329045643821806,278.25
ETHUSDT,high,2022-12-05,2022-12-13 15:15:00,0.22741796730981928,1326.55,1338.0367,1265.21,5.340088972463727,False,-1.1154857356769117,23.25
ETHUSDT,high,2022-12-26,2023-01-04 20:30:00,0.3805848461789324,1249.48,1276.275,1212.14,1.3935435715618518,False,-1.0466310878895315,47.0
ETHUSDT,high,2023-01-23,2023-02-02 19:30:00,0.19069690448601195,1671.06,1718.717,1613.01,1.2180791908848598,True,1.1830148771429123,70.5
ETHUSDT,high,2023-05-15,2023-05-29 04:00:00,0.2835850425377562,1900.66,1930.1282,1844.06,1.9207145329541706,True,1.856215853021226,71.0
ETHUSDT,high,2023-11-13,2023-12-03 03:30:00,0.2086010362694296,2157.53,2180.11794,2086.73,3.1344159759588757,False,-1.0955168997261375,18.25
ETHUSDT,high,2023-12-18,2023-12-28 15:15:00,0.4080545229244114,2358.47,2457.97552,2205.3,1.5393115879400396,True,1.5156096867791795,140.75
ETHUSDT,high,2024-01-15,2024-02-14 18:00:00,0.09939400497781647,2732.06,2777.775,2610.9,2.6503335885376673,False,-1.05976287870502,3.75
ETHUSDT,high,2024-01-29,2024-02-10 10:45:00,0.20805458924270742,2473.51,2525.08256,2438.44,0.6800127819910516,False,-1.0479617455484083,17.0
ETHUSDT,high,2024-04-15,2024-05-21 17:00:00,0.1207481191056483,3737.08,3853.10926,3639.81,0.8383230230029889,False,-1.0322080826853501,42.0
ETHUSDT,high,2024-04-15,2024-05-23 13:45:00,0.23056055949984103,3784.32,3956.84289,3639.81,0.837627980843588,True,0.8156928045895848,6.25
ETHUSDT,high,2024-05-06,2024-05-21 17:00:00,1.193112217865848,3737.08,3853.10926,3066.0,5.783713521916786,False,-1.0322080826853501,42.0
ETHUSDT,high,2024-07-08,2024-07-20 00:30:00,0.021017454706142646,3482.3,3529.1856599999996,3319.0,3.4829412660502603,False,-1.0742721761835077,17.0
ETHUSDT,high,2024-09-09,2024-09-20 13:00:00,0.018552920456464714,2534.07,2574.75218,2452.18,2.0129206448622163,False,-1.0622894348336303,11.25
ETHUSDT,high,2025-05-19,2025-05-29 12:30:00,0.11798122065727751,2687.18,2791.66888,2606.7,0.7702255015079094,True,0.7445081237352699,12.25
ETHUSDT,high,2025-06-23,2025-07-10 12:00:00,0.24996485061511428,2767.82,2825.0522300000002,2522.69,4.283076161806028,False,-1.0483612118556274,5.0
ETHUSDT,high,2025-11-24,2025-12-04 13:00:00,0.026607207983820474,3162.83,3242.50927,3028.05,1.6915315614713788,True,1.651837046197833,27.5
ETHUSDT,high,2025-12-22,2026-01-06 00:30:00,0.22028067222730974,3205.05,3269.266,3132.24,1.1338295751837628,False,-1.0499104584527221,13.5
ETHUSDT,high,2026-03-30,2026-04-08 09:30:00,0.27654892438441336,2245.56,2265.01275,2109.36,7.001580753363938,False,-1.1154366349230833,3.5
ETHUSDT,high,2026-03-30,2026-04-10 22:30:00,0.27654892438441336,2239.86,2258.14589,2109.43,7.132822083037947,False,-1.1224911666864474,18.0
LINKUSDT,low,2020-07-20,2020-07-28 07:15:00,0.19575471698113217,7.25,6.437556,7.316,0.0812363682912297,True,0.07231267631984459,0.25
LINKUSDT,low,2020-08-17,2020-09-04 08:15:00,0.14529497805948322,11.988,10.970019,15.3,3.253498837404632,False,-1.0117762512266928,27.75
LINKUSDT,low,2020-08-24,2020-09-04 08:15:00,0.2892945096334926,11.988,10.970019,15.3,3.253498837404632,False,-1.0117762512266928,27.75
LINKUSDT,low,2020-09-07,2020-09-21 12:45:00,0.06289779108947954,8.998,8.618373,10.041,2.747433665150274,False,-1.0237022129616704,1.5
LINKUSDT,low,2020-09-07,2020-09-21 20:15:00,0.06289779108947954,8.95,8.478513,10.041,2.313955633983549,False,-1.018982495805823,32.5
LINKUSDT,low,2020-10-26,2020-11-04 16:15:00,0.004696305572949459,10.293,9.731259,10.399,0.18869906237928147,True,0.17037567135031972,0.75
LINKUSDT,low,2020-11-30,2020-12-24 09:45:00,0.5913142423667742,10.536,9.839151,12.376,2.6404572583156454,True,2.625337770449551,77.25
LINKUSDT,low,2021-05-24,2021-06-22 16:00:00,0.0005383942391816413,17.355,14.949036,19.578,0.9239539743736807,True,0.9167406494860265,159.0
LINKUSDT,low,2021-05-31,2021-06-20 16:15:00,0.037927078021417794,20.455,19.04094,20.61,0.10961345346025007,True,0.09514801352135073,2.5
LINKUSDT,low,2021-06-28,2021-07-19 15:00:00,0.08276660396469411,14.781,14.421564,16.652,5.2053773133464585,False,-1.0411227589890828,10.0
LINKUSDT,low,2021-09-13,2021-09-22 13:00:00,0.08675034867503482,23.177,20.781198,26.274,1.2926777755423868,True,1.2830037707623592,219.25
LINKUSDT,low,2022-01-10,2022-01-19 09:00:00,0.004427153206331862,21.6,21.182796,23.281,4.029203938600758,False,-1.0517732332384155,36.75
LINKUSDT,low,2022-01-10,2022-01-21 15:30:00,0.3889187013683924,19.487,18.319662,23.281,3.250129782462328,False,-1.0166935369190415,6.0
LINKUSDT,low,2022-05-16,2022-06-13 16:15:00,0.049773755656108566,5.964,5.282712,6.336,0.5460245887201883,True,0.537270581604255,11.5
LINKUSDT,low,2022-12-05,2022-12-12 09:00:00,0.07081712062256824,6.621,6.5454479999999995,6.712,1.204468445573885,True,1.116833439220646,13.0
LINKUSDT,low,2023-05-01,2023-05-08 09:45:00,0.20642768850432605,6.686,6.5734200000000005,6.996,2.7535974418191684,False,-1.0593888790193642,7.75
LINKUSDT,low,2023-05-15,2023-05-24 15:15:00,0.022695035460992927,6.295,6.241752,6.39,1.784104567307689,False,-1.1182204026442308,1.0
LINKUSDT,low,2023-05-15,2023-05-24 19:15:00,0.022695035460992927,6.317,6.23376,6.39,0.8769822200864912,False,-1.0758889956751563,6.0
LINKUSDT,low,2023-07-24,2023-08-18 05:30:00,0.4287804878048777,6.167,6.077915999999999,6.679,5.747384491042128,False,-1.069226797180189,11.5
LINKUSDT,low,2023-07-24,2023-08-22 12:30:00,0.4287804878048777,6.245,5.994,6.679,1.7290836653386437,False,-1.0248804780876495,5.0
LINKUSDT,low,2023-07-24,2023-08-22 23:00:00,0.4287804878048777,6.132,5.831163,6.679,1.8182603868540153,False,-1.0203831310643305,209.75
LINKUSDT,low,2023-07-24,2023-09-01 03:30:00,0.4287804878048777,5.961,5.710284000000001,6.679,2.863798082292318,False,-1.0237759058057723,336.0
LINKUSDT,low,2024-12-16,2025-01-10 02:15:00,0.013284196091875313,19.964,19.104875999999997,20.127,0.18972814168851063,True,0.16649051824882094,3.25
LINKUSDT,low,2024-12-16,2025-01-13 21:30:00,0.1321563249914297,19.309,17.719262999999998,22.191,1.81287848241564,True,1.8007324481974014,62.25
LINKUSDT,low,2024-12-23,2025-01-01 00:30:00,0.018645006461140687,20.097,19.789191000000002,21.265,3.794560912773842,False,-1.0652904885822054,8.75
LINKUSDT,low,2025-02-10,2025-02-25 20:15:00,0.21405799301654782,15.297,14.004981,16.969,1.2940986161968213,False,-1.0118396091698343,54.25
LINKUSDT,low,2025-09-15,2025-09-22 12:15:00,0.6420620972466313,21.399,21.015963,23.253,4.840263473241466,False,-1.055866665622381,39.75
LINKUSDT,low,2025-10-20,2025-11-04 14:45:00,0.2787394584997781,15.249,14.501484,16.237,1.3217108396341972,False,-1.0203995633538279,2.25
LINKUSDT,low,2025-10-20,2025-11-04 22:15:00,0.4431868619618286,14.724,13.672314,16.237,1.4386423324071995,True,1.4246419558689551,122.5
LINKUSDT,low,2026-02-16,2026-02-24 15:15:00,0.06445837063563037,8.211,8.04195,8.341,0.7690032534752956,True,0.7204318249038671,9.75
LINKUSDT,high,2020-03-23,2020-04-07 13:45:00,0.22838944494995442,2.77,2.88288,2.42,3.100637845499644,False,-1.0245393338058115,3.0
LINKUSDT,high,2020-09-28,2020-10-12 23:00:00,0.15716129032258067,11.426,11.804793,9.968,3.849067960601174,True,3.818903728421593,186.75
LINKUSDT,high,2021-03-01,2021-04-07 01:00:00,0.06488633855660984,34.127,35.181146,31.31,2.672305354286802,False,-1.03237407342057,2.5
LINKUSDT,high,2021-03-01,2021-04-07 06:45:00,0.07194879717501612,33.75,35.277241999999994,31.31,1.597651190839442,True,1.575552531949757,4.5
LINKUSDT,high,2021-04-19,2021-05-04 23:45:00,0.27553665182428394,45.544,48.694646,39.175,2.021490195978855,False,-1.0144554481842771,0.5
LINKUSDT,high,2021-11-01,2021-11-08 22:15:00,0.13691376701966734,34.05,34.897863,33.166,1.0426212725404886,False,-1.0401597899660675,6.0
LINKUSDT,high,2021-11-01,2021-11-09 10:45:00,0.2574886535552191,34.97,35.69566,33.166,2.4860127332359614,False,-1.048190612683626,26.25
LINKUSDT,high,2021-11-01,2021-11-10 21:15:00,0.6683812405446293,33.347,38.414376,33.166,0.035718683594823955,True,0.029137960159262823,0.75
LINKUSDT,high,2021-12-06,2022-01-05 17:45:00,0.045527223765042535,26.202,27.484457,25.306,0.6986589024037474,True,0.6782278080278735,2.0
LINKUSDT,high,2021-12-06,2022-01-09 08:15:00,0.06193722124042756,26.451,27.679652,22.245,3.4232638696718016,False,-1.0215284718537063,8.25
LINKUSDT,high,2021-12-13,2021-12-26 20:45:00,0.06482873851294932,23.104,23.374351,22.057,3.8727432116026743,False,-1.0854592733150603,9.75
LINKUSDT,high,2022-10-17,2022-10-30 08:45:00,0.08379501385041521,7.656,7.860853,7.48,0.8591526606883927,False,-1.0373731407399451,12.5
LINKUSDT,high,2022-10-17,2022-10-30 22:15:00,0.1336565096952906,7.721,7.932925,7.48,1.1371947622979817,False,-1.0364327002477292,5.0
LINKUSDT,high,2023-01-02,2023-01-09 11:45:00,0.23289665211062602,6.154,6.233227,5.734,5.301223067893495,False,-1.0776755399043252,4.75
LINKUSDT,high,2023-04-03,2023-04-14 15:45:00,0.24708377518557748,7.549,7.914907,7.362,0.5110588209572385,False,-1.0206309253444181,22.75
LINKUSDT,high,2023-06-12,2023-07-02 00:30:00,0.01886792452830227,6.428,6.531525,6.278,1.4489253803429114,False,-1.0620912822989614,11.5
LINKUSDT,high,2023-08-21,2023-09-27 14:45:00,0.11725132148005801,7.495,7.883876000000001,7.37,0.32143922484287996,False,-1.019273495921579,24.0
LINKUSDT,high,2023-10-02,2023-10-21 20:15:00,0.6656891495601182,8.839,8.919910999999999,8.039,9.887407151067398,False,-1.1092434897603558,2.25
LINKUSDT,high,2023-11-13,2023-12-09 01:00:00,0.1492864983534577,16.732,17.234216999999997,15.248,2.9548979823462878,False,-1.0333162756338397,6.5
LINKUSDT,high,2024-01-08,2024-01-17 11:45:00,0.013926883859736621,15.828,16.159143,15.732,0.2899049655284872,True,0.24210688433697794,0.75
LINKUSDT,high,2024-04-15,2024-05-27 19:45:00,0.026783156688627553,18.6,18.89888,17.303,4.339534261242017,False,-1.0622323340471098,40.5
LINKUSDT,high,2024-07-08,2024-07-21 17:45:00,0.005610472882714613,14.384,14.785771,13.989,0.9831471161432743,True,0.9473456272354139,0.25
LINKUSDT,high,2024-08-12,2024-08-22 17:30:00,0.20488903184303586,11.365,11.621609999999999,9.899,5.712949612252094,False,-1.0442889988698807,11.75
LINKUSDT,high,2025-06-23,2025-07-09 14:30:00,0.017012063099288495,13.943,14.192178,13.781,0.6501376526017492,False,-1.0559559832730014,5.0
LINKUSDT,high,2025-06-23,2025-07-10 14:15:00,0.09928858645221147,14.229,14.491477,13.781,1.7068162162779892,False,-1.0542104641549543,2.0
LINKUSDT,high,2025-06-23,2025-07-11 07:00:00,0.4472626043922052,15.23,15.617602,13.781,3.738370803040238,False,-1.0392928829056611,6.0
LINKUSDT,high,2025-06-23,2025-07-11 15:45:00,0.5326322301268169,15.484,15.893878,13.781,4.154894871156773,False,-1.0377770946476756,47.5
LINKUSDT,high,2025-06-23,2025-07-13 22:15:00,0.5549025672749763,15.513,15.93592,13.781,4.09533717960844,False,-1.03668069611274,4.25
LINKUSDT,high,2025-06-23,2025-07-14 15:00:00,0.7157438911227955,16.114,16.48647,13.781,6.2635916986602975,False,-1.0432625446344672,42.0
LINKUSDT,high,2025-06-23,2025-07-16 22:30:00,0.8917414166408909,16.785,17.056039000000002,13.781,11.083275838532387,False,-1.0619283571736904,10.25
LINKUSDT,high,2025-06-23,2025-07-17 12:15:00,0.9675224249922666,17.045,17.301284,13.781,12.735871142950929,False,-1.0665082486616417,0.5
LINKUSDT,high,2025-06-23,2025-07-17 13:30:00,0.9774203526136709,16.893,17.333316,13.781,7.067651413984514,False,-1.0383656283214784,7.75
LINKUSDT,high,2025-06-23,2025-07-18 11:00:00,1.5892360037117226,18.416,19.313294,13.781,5.1655310299634305,False,-1.0205239308409506,46.25
LINKUSDT,high,2025-06-23,2025-07-20 18:15:00,1.7998762759047324,19.272,19.994975,13.781,7.595006742971728,False,-1.026656523392925,14.0
LINKUSDT,high,2025-06-23,2025-07-21 09:30:00,1.8301886792452826,19.631,20.093073,13.781,12.660337219443676,False,-1.0424846290521195,1.25
LINKUSDT,high,2025-06-23,2025-07-21 16:15:00,1.8963810702134232,19.524,20.307287,13.781,7.331923037149878,False,-1.024925729649541,336.0
LINKUSDT,high,2025-11-24,2025-12-03 14:00:00,0.11837191934279323,14.334,14.611597,13.225,3.9949999459648327,False,-1.0516360047118665,0.5
LINKUSDT,high,2025-12-22,2026-01-06 00:30:00,0.19820269595606602,13.674,14.142128,13.265,0.8736926652539452,False,-1.0292099596691504,13.75
LINKUSDT,high,2025-12-22,2026-01-06 16:15:00,0.2496255616575137,13.772,14.245231,13.265,1.0713583852283546,True,1.0422563187956821,37.75
LINKUSDT,high,2026-02-09,2026-03-16 23:00:00,0.018231854145167127,9.872,10.087077,9.668,0.9484975148435203,True,0.9025976743212889,36.5
LINKUSDT,high,2026-03-09,2026-03-16 23:00:00,0.36151368760064373,9.872,10.087077,9.108,3.552216183041405,True,3.506316342519174,41.25
LINKUSDT,high,2026-03-30,2026-04-17 01:30:00,0.1405653170359046,9.462,9.621612,8.95,3.2077788637445637,False,-1.0592812570483419,11.25
LINKUSDT,high,2026-03-30,2026-04-18 09:00:00,0.28418640183346033,9.452,9.874865,8.95,1.1871401038156406,True,1.164787816442602,273.0
LINKUSDT,high,2026-04-20,2026-05-06 13:00:00,0.3218197135636056,10.103,10.257247,9.632,3.053543991131112,False,-1.0654988427651755,52.5
LINKUSDT,high,2026-04-20,2026-05-09 04:45:00,0.624262847514743,10.51,10.616605999999999,9.755,7.082152974504286,False,-1.098587321539126,35.0
LINKUSDT,high,2026-04-20,2026-05-10 20:30:00,0.846672283066554,10.622,10.88087,9.755,3.3491713987715817,True,3.3081392204581426,130.5
LINKUSDT,high,2026-07-06,2026-07-15 02:15:00,0.21195652173913057,8.267,8.363355,7.91,3.7050490374136906,False,-1.0857973120232467,3.5
LINKUSDT,high,2026-08-03,2026-08-14 21:30:00,0.09344894026974902,8.937,8.989981,8.707,4.341178913195202,False,-1.168683112814025,1.5
LINKUSDT,high,2026-08-24,2026-09-07 15:15:00,0.3181130934381613,12.939,13.690676999999999,12.113,1.098876246047174,True,1.0816627354568538,43.0
LTCUSDT,low,2020-09-07,2020-09-21 18:00:00,0.18261316872428004,43.28,42.68727,47.1,6.444755622290049,False,-1.0730180689352653,50.75
LTCUSDT,low,2020-09-14,2020-09-21 18:00:00,0.5928917609046854,43.28,42.68727,47.1,6.444755622290049,False,-1.0730180689352653,50.75
LTCUSDT,low,2021-03-15,2021-03-25 06:00:00,0.16738873572272547,178.04,173.20662,189.56,2.383425263480214,False,-1.0368355064158001,1.75
LTCUSDT,low,2021-05-24,2021-06-22 18:15:00,0.06576779026217229,121.18,104.72516999999999,141.35,1.225779907783913,True,1.2184155047484517,150.0
LTCUSDT,low,2021-05-31,2021-06-22 01:00:00,0.2857967667436489,129.31,119.58030000000001,156.52,2.7965918784751866,False,-1.013290235053496,8.5
LTCUSDT,low,2021-06-28,2021-07-20 11:30:00,0.021932424422050966,106.43,103.61628,107.57,0.4051575849764671,True,0.3673322150036198,3.5
LTCUSDT,low,2021-12-06,2022-01-07 08:00:00,0.03285870755750259,130.56,127.34253,137.62,2.194270653650225,False,-1.0405784669320925,33.75
LTCUSDT,low,2022-01-24,2022-02-24 14:45:00,0.08379597501734928,95.88,91.22868,106.36,2.2531238444140604,True,2.2325103411504705,5.25
LTCUSDT,low,2022-04-18,2022-04-25 12:15:00,0.26222222222222163,102.19,97.96194,107.78,1.3221193644366458,False,-1.0241694772543437,34.75
LTCUSDT,low,2022-05-16,2022-06-12 08:15:00,0.1450024618414574,50.42,48.34161,58.12,3.704790727438065,False,-1.0242591621399257,15.25
LTCUSDT,low,2022-05-30,2022-06-07 20:00:00,0.018328445747800584,64.88,59.99994,65.01,0.026639016733402836,True,0.013344098228302473,0.25
LTCUSDT,low,2022-09-26,2022-10-13 18:45:00,0.28428093645485014,51.29,48.21174,52.67,0.4483052113856537,True,0.4316432010291536,238.75
LTCUSDT,low,2023-02-20,2023-03-03 03:15:00,0.15887323943661932,88.99,88.25166,95.21,8.4243031665629,False,-1.1205271284232206,41.25
LTCUSDT,low,2023-02-20,2023-03-05 00:45:00,0.15887323943661932,89.85,87.23267999999999,95.21,2.0478963214280204,False,-1.0343290082985648,35.0
LTCUSDT,low,2023-02-20,2023-03-06 15:45:00,0.15887323943661932,88.64,86.37353999999999,95.21,2.8987937135444555,False,-1.0391094482143959,17.75
LTCUSDT,low,2023-02-20,2023-03-07 17:15:00,0.24563380281690136,86.33,83.66625,95.21,3.3336461755044646,False,-1.032409197559831,20.75
LTCUSDT,low,2023-04-24,2023-05-06 18:00:00,0.15189243027888433,83.32,82.50741000000001,86.61,4.048782288731172,False,-1.1025363344368027,31.5
LTCUSDT,low,2023-11-13,2023-11-21 20:45:00,0.052740434332987675,68.65,67.60233,72.07,3.264386686647468,False,-1.0655263584907455,1.5
LTCUSDT,low,2023-11-13,2023-11-22 21:15:00,0.23681489141675197,69.1,64.88505,72.07,0.7046346931754843,True,0.6882406671490783,52.25
LTCUSDT,low,2024-05-27,2024-06-07 20:30:00,0.5105315947843534,79.88,79.15077000000001,84.4,6.198318774597989,False,-1.1095401999369217,16.75
LTCUSDT,low,2024-05-27,2024-06-10 09:45:00,0.5105315947843534,79.56,79.04088,83.84,8.244721836954835,False,-1.1532593619972258,16.0
LTCUSDT,low,2024-05-27,2024-06-11 07:00:00,0.5105315947843534,78.12,76.84308,83.84,4.4795288663346025,False,-1.0611784606709893,8.0
LTCUSDT,low,2024-05-27,2024-06-12 12:30:00,0.5105315947843534,78.39,75.46446,83.84,1.8629039425200156,False,-1.0267950532209438,123.75
LTCUSDT,low,2024-05-27,2024-06-18 20:45:00,0.9127382146439326,72.28,70.5294,83.84,6.603450245630049,False,-1.0412887010167942,128.75
LTCUSDT,low,2024-06-10,2024-06-18 20:45:00,0.3554964539007097,72.28,70.5294,78.5,3.5530675197075166,False,-1.0412887010167942,128.75
LTCUSDT,low,2024-08-19,2024-08-28 16:45:00,0.021158129175946287,60.93,59.310629999999996,65.34,2.7232812760517944,True,2.6856555327071603,53.0
LTCUSDT,low,2025-01-20,2025-02-03 05:45:00,0.25259515570934277,94.44,89.58033,112.1,3.6339916084837074,True,3.6145581901651798,162.5
LTCUSDT,low,2025-03-17,2025-04-01 05:00:00,0.15593434343434334,84.35,80.65925999999999,89.03,1.268038387965557,False,-1.0228544953044647,55.75
LTCUSDT,low,2025-03-17,2025-04-03 21:15:00,0.19823232323232323,82.84,80.03988000000001,89.03,2.210619544876653,False,-1.0295844463808694,63.75
LTCUSDT,low,2025-05-12,2025-06-20 20:00:00,0.0019113149847093714,83.45,82.10781,85.85,1.7881223969780637,False,-1.062174505844925,21.5
LTCUSDT,low,2025-09-15,2025-09-22 12:45:00,1.0089463220675947,106.0,104.61528,114.46,6.109538390432712,False,-1.0765497717950199,4.5
LTCUSDT,low,2025-11-10,2025-12-01 22:15:00,0.14667057788207685,77.43,74.53538999999999,85.42,2.7603027696304356,True,2.733553052051902,30.75
LTCUSDT,low,2025-11-24,2025-12-01 22:15:00,0.29960871995528227,77.43,74.53538999999999,85.42,2.7603027696304356,True,2.733553052051902,30.75
LTCUSDT,low,2026-02-16,2026-02-23 06:00:00,0.02292768959435545,51.88,50.89905,53.59,1.7432081145828033,False,-1.0528875070085122,11.5
LTCUSDT,low,2026-06-08,2026-06-24 22:00:00,0.10016977928692698,41.07,39.25071,42.22,0.6321147260744561,False,-1.022574740695546,15.75
LTCUSDT,low,2026-08-03,2026-08-15 02:45:00,0.049295774647887466,43.99,43.326629999999994,45.18,1.7938706905648192,True,1.7275577731883935,108.0
LTCUSDT,high,2020-01-20,2020-01-30 23:30:00,0.4768806073153896,67.57,70.3703,61.06,2.3247509195443254,False,-1.0241295575474056,26.25
LTCUSDT,high,2020-03-23,2020-04-07 12:45:00,0.27079037800687267,46.03,47.76772,42.32,2.134981469972153,True,2.1084927376102076,67.25
LTCUSDT,high,2020-06-29,2020-07-09 00:00:00,0.15862068965517137,45.16,45.705659999999995,43.39,3.2437781768867104,False,-1.082762159586556,6.5
LTCUSDT,high,2020-08-03,2020-08-17 23:30:00,0.19487453283502354,66.86,69.14908,59.11,3.3856396456218243,True,3.3564314047564983,44.75
LTCUSDT,high,2021-01-18,2021-02-09 09:30:00,0.0661425397367972,168.28,175.10493,161.05,1.0593515244844995,False,-1.0246566631452632,8.0
LTCUSDT,high,2021-01-18,2021-02-09 23:00:00,0.1322850794735944,172.77,178.9788,161.05,1.887643344929778,False,-1.0278266331658292,0.5
LTCUSDT,high,2021-01-18,2021-02-10 09:45:00,0.4288155870791318,189.64,196.34615,161.05,4.263250896565085,False,-1.0282785204625604,59.5
LTCUSDT,high,2021-03-01,2021-03-13 22:30:00,0.037745951010574125,224.87,230.77053999999998,206.24,3.157338141932783,True,3.1192280706511712,32.75
LTCUSDT,high,2021-04-26,2021-05-04 00:45:00,0.12164705882352912,277.97,300.64034,276.74,0.05425591323288582,True,0.041994517947239435,0.25
LTCUSDT,high,2022-08-01,2022-08-13 18:30:00,0.08353033884948793,63.78,65.71565000000001,63.35,0.22214759899775144,True,0.1891974272208291,0.75
LTCUSDT,high,2022-10-17,2022-10-26 18:15:00,0.5121163166397402,56.06,57.67762,53.04,1.866940319728992,False,-1.0346558524251679,158.5
LTCUSDT,high,2022-11-14,2022-11-23 16:45:00,0.4469726185885077,75.98,84.98490000000001,68.4,0.8417639285278008,False,-1.0084376284023142,277.5
LTCUSDT,high,2022-11-28,2022-12-05 15:00:00,0.0038865137971237584,81.48,84.8848,75.42,1.7798402255639134,True,1.7559093045112817,44.75
LTCUSDT,high,2023-02-06,2023-02-16 07:15:00,0.07880434782608672,101.11,103.98388,94.01,2.4705276490319688,False,-1.0351824014920594,8.75
LTCUSDT,high,2023-03-13,2023-03-24 08:45:00,0.21235823230348094,92.64,96.096,85.56,2.048611111111109,True,2.021805555555553,91.25
LTCUSDT,high,2023-03-27,2023-04-11 21:30:00,0.051493305870236865,93.71,97.097,92.14,0.46353705343962,True,0.43586950103336075,4.75
LTCUSDT,high,2023-05-22,2023-06-01 17:30:00,0.07496136012364753,94.29,96.05596,92.04,1.2740945434777737,False,-1.0533930553353419,41.0
LTCUSDT,high,2023-10-30,2023-11-07 00:30:00,0.25209080047789706,73.61,75.075,69.91,2.5255972696245697,False,-1.0502457337883957,56.75
LTCUSDT,high,2023-10-30,2023-11-09 16:00:00,0.4157706093189967,70.46,76.44637,69.91,0.09187537689785236,True,0.08010530588653833,0.5
LTCUSDT,high,2024-01-29,2024-02-11 08:45:00,0.04088050314465415,72.23,72.69262,70.52,3.6963382473736623,True,3.540205784445125,24.75
LTCUSDT,high,2024-03-04,2024-03-11 22:45:00,0.4286269933877866,104.65,105.96586,84.36,15.419573510859815,True,15.34004377365373,82.25
LTCUSDT,high,2024-05-06,2024-05-21 01:00:00,0.3638814016172501,88.36,89.75967,82.63,4.093822115212873,True,4.030692949052279,67.0
LTCUSDT,high,2024-07-08,2024-07-29 16:15:00,0.028831562974203712,74.12,76.83676,72.9,0.449064326624362,True,0.42178182835436384,1.25
LTCUSDT,high,2024-10-07,2024-10-16 16:15:00,0.4959893048128355,69.67,73.13306,66.32,0.9673525725803219,False,-1.020118045890051,28.75
LTCUSDT,high,2024-10-21,2024-11-10 19:15:00,0.17065127782357858,77.62,78.33826,73.73,5.415866120903289,True,5.307799404115496,1.75
LTCUSDT,high,2024-12-23,2025-01-17 07:45:00,0.21634828964904507,137.94,141.39125,124.21,3.978268743208965,True,3.938300615718925,22.0
LTCUSDT,high,2025-06-23,2025-07-03 14:00:00,0.26348709929632436,90.61,92.36227,87.21,1.940340244368741,True,1.888630176856314,17.25
LTCUSDT,high,2025-10-20,2025-10-27 19:15:00,0.10825043885313013,101.65,103.24314,98.84,1.7638123454310468,True,1.7000075322947246,3.75
LTCUSDT,high,2025-12-22,2026-01-03 05:30:00,0.15927189988623489,82.0,82.87279000000001,79.23,3.1737302214736274,False,-1.0939515805634794,30.75
LTCUSDT,high,2025-12-22,2026-01-04 19:00:00,0.2002275312855522,81.73,83.23315000000001,79.23,1.6631740012640066,False,-1.054372484449323,6.0
LTCUSDT,high,2025-12-22,2026-01-05 04:15:00,0.2514220705346976,81.83,83.6836,79.23,1.4026758739749645,False,-1.0441465256797584,14.5
LTCUSDT,high,2025-12-22,2026-01-05 23:45:00,0.36177474402730264,83.42,84.65456999999999,79.23,3.3938942303798316,False,-1.0675700851308558,14.5
LTCUSDT,high,2025-12-22,2026-01-06 15:30:00,0.39362912400454964,83.4,84.91483,79.23,2.7527841407946974,True,2.6977284579788035,126.0
LTCUSDT,high,2026-03-02,2026-03-17 03:00:00,0.024746906636670285,58.3,59.27922,57.09,1.2356773758705781,True,1.1761401932149955,32.5
LTCUSDT,high,2026-03-09,2026-03-17 03:00:00,0.27633851468048387,58.3,59.27922,55.78,2.573476848920552,True,2.513939666264969,33.5
LTCUSDT,high,2026-07-06,2026-07-19 00:15:00,0.3432539682539677,46.72,47.19715,45.35,2.8712145027768887,False,-1.09791470187572,2.25
LTCUSDT,high,2026-08-24,2026-09-07 01:15:00,0.06928999144567963,54.51,56.3563,52.21,1.2457347126685794,False,-1.0295239126902453,9.0
LTCUSDT,high,2026-08-24,2026-09-07 15:30:00,0.3353293413173647,55.3,59.469409999999996,52.21,0.7411120518250777,True,0.7278487843603765,64.0
SOLUSDT,low,2020-09-21,2020-10-07 02:00:00,0.10634131056362855,2.1969,2.0833146,2.5539,3.14300957693507,False,-1.0193413942284837,28.5
SOLUSDT,low,2020-11-30,2020-12-08 17:45:00,0.07755946225439513,1.7585,1.650348,1.877,1.095680153857534,False,-1.0162595236334049,5.0
SOLUSDT,low,2020-12-14,2020-12-23 08:00:00,0.1240938166311301,1.4068,1.3720265999999999,1.5133,3.0626858460777346,False,-1.0404562107818043,2.5
SOLUSDT,low,2021-05-03,2021-05-10 22:45:00,0.25242524357652363,43.9292,38.2126491,44.4,0.0823573529276188,True,0.07467278914633593,22.5
SOLUSDT,low,2021-09-13,2021-09-21 07:45:00,0.05787706910522052,143.397,124.875,146.493,0.1671525753158409,False,-1.0077419825072886,12.25
SOLUSDT,low,2021-11-08,2021-11-19 08:15:00,0.1786651308632496,204.401,186.201612,213.398,0.4943572827833544,True,0.48312608094294085,6.5
SOLUSDT,low,2022-04-04,2022-04-12 05:45:00,0.19850291100637635,102.73,97.88202,127.0,5.006208771488323,False,-1.021190268936753,142.5
SOLUSDT,low,2022-10-03,2022-10-11 16:45:00,0.15608465608465616,31.73,31.01895,33.04,1.8423458265944708,False,-1.044624147387666,5.25
SOLUSDT,low,2022-11-14,2022-12-29 23:30:00,0.0694895934478828,9.688,7.769223,10.187,0.26006148708265664,True,0.25501243760999776,1.0
SOLUSDT,low,2022-11-28,2022-12-27 19:15:00,0.04947083435884826,10.966,10.6893,11.241,0.9938561619082054,False,-1.0396313697144923,7.75
SOLUSDT,low,2023-05-01,2023-05-08 20:30:00,0.1221353464545698,20.612,20.280699,21.422,2.4449065955128497,False,-1.062215326847791,44.75
SOLUSDT,low,2023-05-01,2023-05-10 20:30:00,0.17929361013750314,21.219,20.278700999999998,21.422,0.2158887758042907,False,-1.0225662262748338,16.5
SOLUSDT,low,2023-05-01,2023-05-14 03:30:00,0.17929361013750314,20.966,20.590389000000002,21.422,1.2140219535636614,False,-1.0558183865754731,21.25
SOLUSDT,low,2023-07-17,2023-08-18 06:00:00,0.06116394066184877,22.13,21.269709,23.575,1.6796642066463559,False,-1.0257238539052482,10.75
SOLUSDT,low,2023-07-17,2023-08-20 20:00:00,0.06116394066184877,21.873,21.490488,23.575,4.449533609403076,False,-1.0571825197640856,5.0
SOLUSDT,low,2023-07-17,2023-08-21 05:30:00,0.06116394066184877,21.598,21.29868,23.575,6.604971268207983,False,-1.0721568889482833,2.0
SOLUSDT,low,2023-07-17,2023-08-21 13:45:00,0.06116394066184877,21.373,20.883096,23.575,4.494758156700059,False,-1.0436269146608312,1.5
SOLUSDT,low,2023-07-17,2023-08-21 21:30:00,0.06116394066184877,21.329,20.540439,23.575,2.8482260725549384,False,-1.027048002627571,18.25
SOLUSDT,low,2023-07-17,2023-08-22 22:30:00,0.09387599847850908,20.373,19.180799999999998,23.575,2.685790974668671,False,-1.0170885757423251,234.5
SOLUSDT,low,2024-01-08,2024-01-23 14:45:00,0.13545698124441835,81.06,78.88104,90.185,4.1877776553952275,True,4.15057642177919,68.0
SOLUSDT,low,2024-01-15,2024-01-23 14:45:00,0.268122270742358,81.06,78.88104,90.185,4.1877776553952275,True,4.15057642177919,68.0
SOLUSDT,low,2024-03-25,2024-04-10 16:45:00,0.003397815392312409,171.686,162.12770999999998,176.562,0.510133088659163,False,-1.0179619994789864,48.5
SOLUSDT,low,2024-05-27,2024-06-08 07:15:00,0.31417021428826997,163.668,160.903935,170.949,2.6341638130796357,False,-1.0592127898584147,4.25
SOLUSDT,low,2024-05-27,2024-06-11 10:00:00,0.31417021428826997,154.911,152.2476,170.466,5.8402793421942,False,-1.0581628745212888,3.5
SOLUSDT,low,2024-12-23,2025-01-13 15:15:00,0.13947858472998098,178.57,167.54229,192.75,1.2858517316831897,True,1.2696588865684741,46.25
SOLUSDT,low,2025-01-20,2025-02-18 09:15:00,0.036515755727578515,169.05,162.87696,191.16,3.581703666264909,False,-1.027385210528362,7.5
SOLUSDT,low,2025-02-10,2025-02-18 09:15:00,0.22100515463917586,169.05,162.87696,191.16,3.581703666264909,False,-1.027385210528362,7.5
SOLUSDT,low,2025-10-13,2025-11-14 16:15:00,0.05815882230976585,143.43,135.53432999999998,153.32,1.2525852777534974,False,-1.0181656528198366,48.5
SOLUSDT,low,2025-10-20,2025-11-03 12:00:00,0.02413515687851987,175.91,172.9269,178.62,0.9084509402970069,False,-1.0589688578995005,3.25
SOLUSDT,low,2025-10-20,2025-11-04 11:15:00,0.48779833735585953,161.27,155.65419,178.62,3.0894919877987257,False,-1.0287171396468184,5.75
SOLUSDT,low,2025-10-20,2025-11-05 04:30:00,0.7597211048538487,157.57,145.52433,178.62,1.747515912356889,False,-1.0130810490408586,206.0
SOLUSDT,low,2025-10-20,2025-11-14 16:15:00,1.027889514615179,143.43,135.53432999999998,178.62,4.456873197588031,False,-1.0181656528198366,48.5
SOLUSDT,low,2025-10-20,2025-11-17 06:15:00,1.0646285867524805,140.95,134.16570000000002,178.62,5.552525684300542,False,-1.0207759090842092,10.0
SOLUSDT,low,2025-12-08,2025-12-18 11:45:00,0.07598656591099923,123.99,121.11876,127.22,1.124949499171091,True,1.0817660662292263,2.25
SOLUSDT,low,2026-02-16,2026-02-24 15:00:00,0.06621160409556408,77.13,75.49443,78.87,1.0638493002439564,True,1.016691428676246,7.0
SOLUSDT,low,2026-04-20,2026-04-30 00:30:00,0.004273504273503424,83.58,81.22869,84.66,0.45931842249639526,True,0.42377228013320195,37.25
SOLUSDT,low,2026-07-20,2026-07-28 15:00:00,0.17926186291739787,73.63,72.2277,76.34,1.9325393995578792,False,-1.0525065963060687,98.25
SOLUSDT,high,2020-11-09,2020-11-22 01:00:00,0.016635407322841047,2.2535,2.5229204,2.1533,0.37190947678794783,True,0.363545225231644,0.5
SOLUSDT,high,2021-03-01,2021-03-28 18:30:00,0.13265371959481248,18.345,19.432413,16.9505,1.2824014426901236,False,-1.0168703151424527,29.75
SOLUSDT,high,2021-10-04,2021-10-21 12:00:00,0.3347817380857027,184.161,194.913719,167.011,1.5949454272914627,False,-1.0171269238971092,12.25
SOLUSDT,high,2022-07-04,2022-07-18 11:30:00,0.13727359389895114,41.67,42.76272,38.83,2.599018961856655,False,-1.038134197232594,12.25
SOLUSDT,high,2022-08-01,2022-08-13 11:00:00,0.14500000000000016,46.71,48.428380000000004,44.28,1.4141226038478072,True,1.386940024907177,43.75
SOLUSDT,high,2023-04-03,2023-04-11 23:45:00,0.8625211505922155,22.999,23.7237,20.819,3.0081412998482038,False,-1.0317358907133984,7.5
SOLUSDT,high,2023-06-12,2023-07-09 07:30:00,0.044564411982639926,21.482,22.414392,21.02,0.49549974688757487,True,0.47246008116757726,14.5
SOLUSDT,high,2023-11-20,2023-12-08 08:45:00,0.2701570680628276,70.656,73.073,64.526,2.5362019031857845,False,-1.0292329333884982,2.75
SOLUSDT,high,2024-04-15,2024-05-21 01:00:00,0.05781697782476845,185.246,189.143955,176.219,2.315829710707287,True,2.268305816768029,14.75
SOLUSDT,high,2024-07-08,2024-07-16 05:45:00,0.15054812604029189,155.466,160.321161,150.684,0.9849312927007012,False,-1.0320207712988303,10.0
SOLUSDT,high,2024-07-08,2024-07-17 03:00:00,0.25274063020145837,160.199,163.88572200000002,150.684,2.5808835057267694,False,-1.0434529644491772,51.0
SOLUSDT,high,2024-07-08,2024-07-19 08:00:00,0.30852895597773083,159.345,165.83166599999998,150.684,1.3352005483248284,False,-1.024565007663413,5.75
SOLUSDT,high,2024-07-08,2024-07-20 11:45:00,0.507088331515813,167.979,171.9718,150.684,4.331546784211597,False,-1.042070476858345,5.5
SOLUSDT,high,2024-07-08,2024-07-21 06:15:00,0.5907421224817774,172.487,175.6755,150.684,6.838011604202592,False,-1.0540965971459932,9.25
SOLUSDT,high,2024-07-08,2024-07-21 17:45:00,0.6414222579349138,173.481,177.443266,150.684,5.753525886449824,False,-1.0437832795678028,0.75
SOLUSDT,high,2024-07-08,2024-07-22 01:00:00,0.8725535212075994,182.556,185.50531999999998,150.684,10.806558799994683,False,-1.0618976577651804,126.5
SOLUSDT,high,2024-07-08,2024-07-27 14:15:00,0.9592205705102457,185.393,188.52834000000001,150.684,11.070250754304112,False,-1.0591301102910686,34.0
SOLUSDT,high,2024-07-08,2024-07-29 08:45:00,1.1185788899730247,191.526,194.086893,150.684,15.948343019407732,True,15.873554264079024,107.0
SOLUSDT,high,2024-10-07,2024-10-15 14:30:00,0.00882506917956735,152.25,160.13997999999998,150.834,0.17946813553393043,True,0.1601715086730258,0.5
SOLUSDT,high,2025-08-04,2025-08-13 05:45:00,0.12196969696969728,196.56,200.35015,189.57,1.8442541851905567,False,-1.051860744297719,3.25
SOLUSDT,high,2025-09-01,2025-09-09 15:00:00,0.0545233018580573,213.74,219.95974,212.92,0.13183830835372884,True,0.09747352783235658,0.5
SOLUSDT,high,2025-11-24,2025-12-04 05:30:00,0.08796296296296309,143.21,147.01687,140.66,0.6698416284244035,True,0.6322227972061061,13.0
SOLUSDT,high,2025-12-22,2026-01-04 18:15:00,0.0053504547886567295,134.09,135.6355,133.26,0.5370430281462376,True,0.45028146230993893,0.75
SOLUSDT,high,2026-03-09,2026-03-16 08:30:00,0.012884753042232827,92.64,94.42433,91.15,0.8350473286891984,False,-1.0519186473354145,5.0
SOLUSDT,high,2026-03-09,2026-03-16 14:15:00,0.06657122405153848,93.19,94.61452,91.15,1.4320613259203032,False,-1.0654185269424086,3.75
SOLUSDT,high,2026-03-09,2026-03-17 03:15:00,0.25053686471009307,94.62,97.74765000000001,91.15,1.1094591786165318,True,1.0792064329448614,33.25
SOLUSDT,high,2026-06-08,2026-07-04 09:30:00,0.038177874186550775,81.64,84.04396,80.03,0.6697282816685806,True,0.6357676500440943,24.0
SOLUSDT,high,2026-07-06,2026-08-20 12:00:00,0.30476190476190573,86.83,88.20812000000001,80.96,4.25942588453833,False,-1.0630061242852578,12.25
SOLUSDT,high,2026-08-10,2026-08-20 12:00:00,1.7038269550748792,86.83,88.20812000000001,76.82,7.2635184163933,False,-1.0630061242852578,12.25
XRPUSDT,low,2020-09-07,2020-09-21 19:00:00,0.005305039787798193,0.2331,0.228771,0.2388,1.3167013167013193,False,-1.0538461538461539,48.0
XRPUSDT,low,2020-11-30,2020-12-23 12:45:00,0.36991754336081883,0.3604,0.30179789999999995,0.491,2.2285890778658084,False,-1.0061499502577553,4.0
XRPUSDT,low,2021-05-24,2021-06-22 01:45:00,0.07682846059229827,0.6333,0.5682311999999999,0.7062,1.120352611389791,False,-1.009732775154913,8.5
XRPUSDT,low,2021-09-13,2021-09-20 13:45:00,0.05162156975628486,0.941,0.86913,0.9941,0.7388340058438854,False,-1.0130930847363295,10.5
XRPUSDT,low,2021-09-13,2021-09-22 03:30:00,0.07484168105929773,0.924,0.8570421,0.9941,1.046926501577856,True,1.0331267856369437,14.75
XRPUSDT,low,2021-12-06,2022-01-23 05:45:00,0.06524134890897085,0.614,0.5462532,0.6535,0.5830533693104321,True,0.5739902106077331,85.25
XRPUSDT,low,2022-02-14,2022-02-22 10:15:00,0.01663286004056792,0.7033,0.6660332999999999,0.8052,2.7343446025540152,False,-1.0188720761430445,40.75
XRPUSDT,low,2022-04-18,2022-04-25 19:15:00,0.2886683209263858,0.6841,0.6435558,0.7078,0.5845472348695973,False,-1.0168729436022907,24.25
XRPUSDT,low,2022-05-16,2022-06-13 16:00:00,0.14303329223181263,0.3192,0.30039930000000004,0.3692,2.6594754450632223,False,-1.0169780912412836,9.25
XRPUSDT,low,2022-05-16,2022-06-18 22:15:00,0.20016440608302524,0.3116,0.2865132,0.3504,1.546630100291789,True,1.534209225568827,122.75
XRPUSDT,low,2022-08-01,2022-08-19 16:30:00,0.02944640753828039,0.3396,0.333666,0.3637,4.061341422312105,False,-1.0572295247724974,5.25
XRPUSDT,low,2022-08-01,2022-08-22 22:00:00,0.02944640753828039,0.3406,0.3305691,0.3637,2.302884088167561,True,2.2689290093610732,82.5
XRPUSDT,low,2022-09-26,2022-11-08 21:00:00,0.04744525547445267,0.4017,0.3858138,0.4445,2.6941622288527123,False,-1.0252860973675264,5.75
XRPUSDT,low,2022-09-26,2022-11-09 07:15:00,0.04744525547445267,0.3926,0.3789207,0.4445,3.7940537893020827,False,-1.0287002989919074,0.75
XRPUSDT,low,2022-10-10,2022-10-20 21:30:00,0.14818101153504887,0.4406,0.4308687,0.4628,2.281298490438071,True,2.236021908686404,38.0
XRPUSDT,low,2022-11-28,2022-12-17 23:30:00,0.02680965147453011,0.354,0.34605359999999996,0.3653,1.4220275848182828,False,-1.0445484747810327,27.25
XRPUSDT,low,2022-11-28,2022-12-19 20:00:00,0.18498659517426244,0.3382,0.3308688,0.3653,3.696529899607169,True,3.6503982976866105,166.0
XRPUSDT,low,2023-04-03,2023-04-22 13:00:00,0.01952580195257998,0.4619,0.43896060000000003,0.4751,0.5754291742591383,True,0.5552935124719948,1.5
XRPUSDT,low,2023-05-01,2023-05-08 05:30:00,0.17857142857142905,0.4388,0.4341654,0.4569,3.9054071548784743,False,-1.094679152461916,2.25
XRPUSDT,low,2023-05-01,2023-05-08 10:15:00,0.17857142857142905,0.4349,0.4321674,0.4509,5.855229451804084,False,-1.1591524555368498,5.75
XRPUSDT,low,2023-06-19,2023-06-29 10:45:00,0.11665182546749789,0.4724,0.4401594,0.4773,0.15198228320812932,True,0.13732995043516605,16.75
XRPUSDT,low,2023-07-17,2023-08-18 06:45:00,0.10651828298887119,0.5171,0.48171780000000003,0.5796,1.7664249255275264,False,-1.0146146932638445,336.0
XRPUSDT,low,2023-07-17,2023-09-01 20:15:00,0.10651828298887119,0.4961,0.4858137,0.5796,8.117593303714674,False,-1.048229198059555,227.0
XRPUSDT,low,2023-07-17,2023-09-11 23:30:00,0.10651828298887119,0.4744,0.46253700000000003,0.5796,8.8679086234511,False,-1.0399898845148783,336.0
XRPUSDT,low,2023-09-04,2023-09-11 23:30:00,0.4632237871674494,0.4744,0.46253700000000003,0.4965,1.8629351765995186,True,1.8229452920846403,74.5
XRPUSDT,low,2023-10-02,2023-10-09 21:30:00,0.14991482112436194,0.505,0.4896099,0.5242,1.2475552465546016,False,-1.0328133020578163,29.0
XRPUSDT,low,2023-10-02,2023-10-11 17:15:00,0.21635434412265778,0.4855,0.47762190000000004,0.5242,4.9123519630368095,False,-1.0616265343166504,15.0
XRPUSDT,low,2024-03-25,2024-04-03 07:00:00,0.013833992094861233,0.5913,0.5659335,0.6035,0.48094928350383204,False,-1.0233102714209685,19.5
XRPUSDT,low,2024-03-25,2024-04-04 06:30:00,0.052371541501976,0.5722,0.5620374,0.6035,3.079920492787272,True,3.0236160037785536,6.5
XRPUSDT,low,2024-05-27,2024-06-08 18:00:00,0.80327868852459,0.4952,0.4891104,0.5281,5.402653704676857,False,-1.081318970047294,55.75
XRPUSDT,low,2024-05-27,2024-06-12 10:45:00,0.80327868852459,0.4845,0.46952999999999995,0.5281,2.912491649966594,False,-1.0323647294589178,53.25
XRPUSDT,low,2024-05-27,2024-06-14 20:15:00,0.80327868852459,0.471,0.4632363,0.5281,7.354740652008727,False,-1.0606669500367094,229.25
XRPUSDT,low,2024-05-27,2024-06-24 13:15:00,0.80327868852459,0.4795,0.4704291,0.5281,5.357792501295359,False,-1.0528613478265663,3.5
XRPUSDT,low,2024-05-27,2024-06-24 23:15:00,0.80327868852459,0.4737,0.46053900000000003,0.5281,4.133424511815218,False,-1.0359927057214497,218.25
XRPUSDT,low,2024-05-27,2024-07-04 20:45:00,0.9852459016393441,0.4442,0.4359636,0.5281,10.186489242873131,False,-1.0539313292215047,2.75
XRPUSDT,low,2024-06-10,2024-07-04 20:45:00,0.12922002328288723,0.4442,0.4359636,0.4673,2.804623379146238,False,-1.0539313292215047,2.75
XRPUSDT,low,2024-10-07,2024-10-26 02:30:00,0.1401617250673858,0.5095,0.5045949,0.5181,1.7532772012803124,True,1.649405720576555,52.5
XRPUSDT,low,2025-01-20,2025-02-03 16:15:00,0.5282228017883757,2.6417,1.7618364,2.7191,0.08796818052252633,True,0.08496578333278011,3.0
XRPUSDT,low,2025-02-17,2025-02-25 12:15:00,0.5036027263875363,2.2225,2.0610369,2.5033,1.7390970444640255,False,-1.0137647549192355,62.0
XRPUSDT,low,2025-03-03,2025-03-11 04:15:00,0.05296570020845184,2.0774,1.8933048,2.1274,0.27159860767689903,True,0.26031422872513926,1.0
XRPUSDT,low,2025-07-21,2025-08-03 01:15:00,0.08943089430894302,2.7993,2.7238734,3.0237,2.9750777577141134,True,2.9379648558996343,23.75
XRPUSDT,low,2025-08-11,2025-08-20 08:30:00,0.11067193675889307,2.9053,2.8445526,3.0267,1.9984394393834166,False,-1.0478259151832012,5.25
XRPUSDT,low,2025-09-15,2025-09-22 12:45:00,0.5873651771956867,2.8436,2.7855117,2.9873,2.473820029162494,True,2.4248669697684337,55.0
XRPUSDT,low,2025-11-24,2025-12-19 03:15:00,0.1023427866831074,1.8401,1.7685297,1.9294,1.247724265512368,True,1.2220138800591842,29.25
XRPUSDT,low,2026-06-08,2026-06-24 20:00:00,0.013374485596707866,1.067,1.0440549,1.1149,2.087591686242376,False,-1.046502303324021,17.75
XRPUSDT,low,2026-06-08,2026-06-26 07:00:00,0.14026063100137148,1.0489,1.0070919,1.1149,1.5786414594301155,True,1.5535530196301723,174.25
XRPUSDT,low,2026-07-06,2026-08-07 06:00:00,0.04120541205412152,1.0248,1.0134855,1.0371,1.0871006230942677,True,0.9965265809359743,4.25
XRPUSDT,high,2020-01-20,2020-02-03 10:00:00,0.1584821428571431,0.2492,0.26056029999999997,0.2255,2.086212511993528,False,-1.021936040421468,28.75
XRPUSDT,high,2020-03-16,2020-04-30 08:30:00,0.179352580927384,0.2265,0.2366364,0.2104,1.5883351091117182,True,1.5659898977940905,1.5
XRPUSDT,high,2020-06-08,2020-07-26 10:15:00,0.16666666666666727,0.2163,0.2259257,0.2073,0.9349969352878197,False,-1.0224710930114174,34.25
XRPUSDT,high,2020-06-29,2020-07-09 01:45:00,0.7377777777777768,0.1991,0.207207,0.1841,1.8502528678919428,False,-1.0245590230664858,10.0
XRPUSDT,high,2020-07-13,2020-07-26 10:15:00,0.3760445682451268,0.2163,0.2259257,0.2073,0.9349969352878197,False,-1.0224710930114174,34.25
XRPUSDT,high,2020-10-26,2020-11-07 14:15:00,0.062402496099844156,0.2605,0.2683681,0.2555,0.6354774341963132,True,0.6023690598746854,0.5
XRPUSDT,high,2021-01-11,2021-01-30 18:00:00,0.9414012738853512,0.3697,0.4220216,0.314,1.0645698908290255,False,-1.0070659154154307,1.0
XRPUSDT,high,2021-02-08,2021-04-06 01:00:00,0.46037826191046183,0.8686,0.95095,0.6603,2.529447480267155,False,-1.0105476624165148,7.25
XRPUSDT,high,2021-02-15,2021-02-23 05:15:00,0.032202662086732295,0.5114,0.6541534999999999,0.4633,0.3369444532007971,True,0.33336205417030046,3.0
XRPUSDT,high,2021-03-01,2021-04-05 06:45:00,0.24601593625498033,0.6698,0.7283276000000001,0.5433,2.1613734374893157,False,-1.0114441733472754,7.75
XRPUSDT,high,2021-03-08,2021-03-16 10:00:00,0.31763285024154614,0.4682,0.4870866,0.45,0.9636461830080596,False,-1.0247900627958446,50.0
XRPUSDT,high,2021-03-08,2021-03-18 20:30:00,0.31763285024154614,0.4699,0.4927923,0.45,0.8692879265080374,False,-1.0205265525962879,38.5
XRPUSDT,high,2021-03-08,2021-03-20 14:00:00,0.31763285024154614,0.4861,0.5005,0.45,2.5069444444444478,False,-1.0337569444444445,2.0
XRPUSDT,high,2021-03-08,2021-03-21 02:15:00,0.66425120772947,0.5152,0.5505500000000001,0.45,1.8444130127298384,False,-1.0145742574257426,32.25
XRPUSDT,high,2021-03-08,2021-03-22 19:00:00,1.2850241545893741,0.5691,0.6020014,0.45,3.6199067516883825,True,3.6026096153963096,51.25
XRPUSDT,high,2021-06-28,2021-08-08 01:30:00,0.2286764705882354,0.8096,0.8435427,0.7582,1.514316775035575,False,-1.0238519622776032,58.75
XRPUSDT,high,2021-06-28,2021-08-11 02:30:00,0.3772058823529412,0.8678,0.8839831,0.7582,6.772497234769605,False,-1.0536238421563235,1.75
XRPUSDT,high,2021-06-28,2021-08-11 08:15:00,0.4503676470588237,0.887,0.9028019,0.7582,8.15091856042626,False,-1.0561324903967244,5.5
XRPUSDT,high,2021-06-28,2021-08-12 12:30:00,1.1481617647058824,0.9647,1.0938927999999999,0.7582,1.5983862877807447,False,-1.0074671343913901,35.0
XRPUSDT,high,2021-06-28,2021-08-15 07:30:00,2.0937500000000004,1.2518,1.35135,0.7582,4.958312405826217,False,-1.0125745856353592,336.0
XRPUSDT,high,2021-06-28,2021-08-31 14:15:00,2.0937500000000004,1.1355,1.1579568,0.7582,16.801147091304152,False,-1.0505637490648712,1.5
XRPUSDT,high,2021-06-28,2021-08-31 22:15:00,2.0937500000000004,1.1595,1.1954943,0.7582,11.148987478572986,False,-1.032213433793684,1.25
XRPUSDT,high,2021-06-28,2021-09-01 00:45:00,2.0937500000000004,1.1633,1.1889878,0.7582,15.770132124977593,False,-1.045286089116234,3.5
XRPUSDT,high,2021-06-28,2021-09-02 14:30:00,2.0937500000000004,1.2522,1.2993981000000001,0.7582,10.466523016816325,False,-1.0265307289912093,24.5
XRPUSDT,high,2021-06-28,2021-09-03 20:15:00,2.0937500000000004,1.2879,1.3216203,0.7582,15.708638416621477,False,-1.0381936103771319,51.75
XRPUSDT,high,2021-08-16,2021-09-06 23:00:00,0.11527377521613803,1.3834,1.4194179999999998,1.3179,1.8185351768560194,True,1.780126603364987,9.5
XRPUSDT,high,2021-12-13,2021-12-22 12:15:00,0.21340482573726513,0.9418,0.9747738,0.8597,2.4898555823107986,False,-1.0285620704923302,13.75
XRPUSDT,high,2022-01-24,2022-02-08 08:30:00,0.5746140651801029,0.8553,0.914914,0.7183,2.2981178917703855,False,-1.014347300969571,34.5
XRPUSDT,high,2022-03-14,2022-03-22 06:00:00,0.11399317406143303,0.8442,0.8660652,0.7917,2.40107568190549,False,-1.0386092969650402,138.5
XRPUSDT,high,2022-10-24,2022-11-05 03:00:00,0.4053208137715192,0.4972,0.51051,0.4553,3.1480090157775997,True,3.1106536438767733,71.75
XRPUSDT,high,2023-03-13,2023-03-22 09:00:00,1.6539162112932615,0.447,0.49319270000000004,0.3663,1.7470292925072564,False,-1.0096768537019918,140.25
XRPUSDT,high,2024-01-08,2024-03-02 14:15:00,0.06795511221945154,0.6327,0.6531524999999999,0.6206,0.5916147170272619,True,0.5606796235179108,17.0
XRPUSDT,high,2024-02-05,2024-02-14 23:45:00,0.04293381037567009,0.538,0.5402397,0.5288,4.107692994597566,False,-1.2402107425101625,0.25
XRPUSDT,high,2024-02-05,2024-02-15 05:15:00,0.3524150268336304,0.5504,0.555555,0.5288,4.190106692531497,False,-1.106770126091173,15.0
XRPUSDT,high,2024-02-05,2024-02-16 14:45:00,0.7119856887298739,0.5591,0.5802797,0.5288,1.4306151645207494,True,1.4042172457589162,169.25
XRPUSDT,high,2024-02-19,2024-02-28 17:30:00,0.41954887218045167,0.5674,0.6082076000000001,0.5486,0.46069849733873136,True,0.44679422460522095,0.75
XRPUSDT,high,2024-07-22,2024-07-30 20:00:00,0.003404255319149509,0.6208,0.6370364,0.5614,3.6584464536473766,False,-1.0382350767411497,4.75
XRPUSDT,high,2024-10-28,2024-11-07 13:45:00,0.23404255319148867,0.5438,0.5791786,0.5302,0.3844131763269302,False,-1.0153708739181313,63.25
XRPUSDT,high,2024-12-23,2025-01-15 09:45:00,0.2128268505268638,2.804,2.8953925000000003,2.6383,1.8130590584566453,False,-1.0306808545558988,5.25
XRPUSDT,high,2025-04-14,2025-04-23 15:15:00,0.08531777322188937,2.2009,2.3034011,2.1391,0.602920358903464,True,0.5814483942123533,17.25
XRPUSDT,high,2025-06-23,2025-07-07 18:15:00,0.03864059590316667,2.2848,2.3555532,2.26,0.3505141816907276,True,0.31822164933883396,3.0
XRPUSDT,high,2025-12-22,2026-01-03 06:30:00,0.17283950617283866,2.0176,2.0573552999999998,1.9147,2.588334134065142,False,-1.050750465975606,21.25
XRPUSDT,high,2026-03-02,2026-03-17 04:30:00,0.5042391789379743,1.5272,1.6080064,1.4669,0.7462280215428441,True,0.7273285284333875,32.0
XRPUSDT,high,2026-03-09,2026-03-16 08:30:00,0.11096433289299827,1.466,1.4903889,1.4013,2.652846171824074,False,-1.0601093120230927,5.0
XRPUSDT,high,2026-04-20,2026-05-15 05:30:00,0.20776495278069168,1.4605,1.5503487999999999,1.4104,0.5576034404466151,True,0.5413483541238151,25.5
