sym,ib_week,yr,depth,wk_ok,stage,E_risk,E_mH,E_rr_mH,E_mid,E_rr_mid,E_2R,E_rr_2R,A_risk,A_mH,A_rr_mH,A_mid,A_rr_mid,A_2R,A_rr_2R,B_risk,B_mH,B_rr_mH,B_mid,B_rr_mid,B_2R,B_rr_2R,D_risk,D_mH,D_rr_mH,D_mid,D_rr_mid,D_2R,D_rr_2R
ADAUSDT,2020-03-02,2020,0.13674775928297048,True,сделка,38.63085553997195,-1.0025886043320094,3.0306275822508155,-1.0025886043320094,1.2584501775354162,-1.0025886043320094,1.9999999999999998,10.219034670292315,-1.0097856601162838,10.806801399662062,-1.0097856601162838,4.312409361237877,1.9902143398837162,2.0,4.174779061862685,-1.0239533634039504,26.452915601439436,-1.0239533634039504,10.555926462685818,-1.0239533634039504,2.0,40.50822569680489,-1.0024686344138714,2.726238344890547,-1.0024686344138714,1.0878941256234516,-1.0024686344138714,2.0
ADAUSDT,2020-06-08,2020,0.05447276361819128,True,сделка,10.495488624612209,1.597751533073623,1.6072794363067795,0.365503965238426,0.3750318684715825,1.9904720967668434,2.0,1.9212264150943439,-1.0520500859317456,7.942880272858165,-1.0520500859317456,1.3039064107072975,-1.0520500859317456,2.0,6.009433962264139,2.522712036997758,2.5393525393525462,0.40022062879206,0.4168611311468481,1.9833594976452118,2.0,11.727830188679249,1.2926578189016356,1.3011845453626418,0.20507625028398957,0.21360297674499587,1.9914732735389937,2.0
ADAUSDT,2020-07-27,2020,0.3176733780760626,False,сделка,16.125026694045168,-1.0062015401212905,1.7053598625117294,-1.0062015401212905,0.6807686547929893,-1.0062015401212905,2.0,2.7048798430603207,-1.036970218938398,9.939108230210184,-1.036970218938398,3.8605079854343325,-1.036970218938398,2.0,4.525846002942631,-1.0220953165297675,5.940125557168952,-1.0220953165297675,2.307239403856291,-1.0220953165297675,2.0,16.52952427660618,-1.0060497808845914,1.6264287501570056,-1.0060497808845914,0.631730838651741,-1.0060497808845914,2.0
ADAUSDT,2020-09-07,2020,0.22366288492706649,True,сделка,17.813306451612892,-1.0056137809267265,2.2379261802491106,0.9111528623491875,0.9167666432759141,-1.0056137809267265,2.0,3.0121261378413506,-1.0331991408804897,12.973136325861018,-1.0331991408804897,5.204004907198549,1.9668008591195103,2.0,3.932314694408328,-1.0254303146546735,9.93733361993418,3.9608018210177596,3.986232135672433,1.9745696853453265,2.0,18.276430429128734,-1.0054715279544206,2.1380938235414457,0.8521970010951362,0.8576685290495567,-1.0054715279544206,2.0
ADAUSDT,2020-09-14,2020,0.7604920405209834,True,хай матери раньше теста,,,,,,,,,,,,,,,,,,,,,,,,,,,,
ADAUSDT,2021-09-13,2021,0.045694520298561817,True,отмена (H4 ниже FVG),17.02455282280603,-1.005873869407368,2.148115740508934,-1.005873869407368,0.6451734704012315,-1.005873869407368,2.0,,,,,,,,,,,,,,,,,,,,,
ADAUSDT,2021-09-27,2021,0.22516316171138528,True,отмена (H4 ниже FVG),17.02455282280603,-1.005873869407368,0.8539382532325029,0.09344672845338194,0.09932059786074988,-1.005873869407368,2.0,,,,,,,,,,,,,,,,,,,,,
ADAUSDT,2022-06-06,2022,0.19350282485875717,True,сделка,9.994975186104215,-1.0100050273400405,4.253584824467219,-1.0100050273400405,2.0564510289496174,-1.0100050273400405,2.0000000000000013,4.8684964200477365,-1.0205402225599294,7.6147523571416835,-1.0205402225599294,3.2763043940062366,-1.0205402225599294,2.0,4.03400954653939,-1.0247892323620766,9.189962037173965,-1.0247892323620766,3.954050189814117,-1.0247892323620766,2.0,13.431921241050123,-1.0074449513368484,2.7600217366518733,-1.0074449513368484,1.1875200819714595,-1.0074449513368484,2.0
ADAUSDT,2022-06-20,2022,0.03943217665615148,True,отмена (H4 ниже FVG),2.6795774647887347,-1.0373193166885677,10.5825667980727,-1.0373193166885677,5.028471309680238,-1.0373193166885677,2.0,,,,,,,,,,,,,,,,,,,,,
ADAUSDT,2022-07-04,2022,0.4193121693121694,True,сделка,9.910404494382025,1.4320439533528497,1.4421343588511004,0.574926362714931,0.5850167682131816,1.9899095945017506,2.0000000000000013,4.036838667537554,2.6341714667874854,2.6589433262140596,0.5954684702176786,0.6202403296442529,1.9752281405734256,2.0,4.928608752449384,2.1575510997433427,2.177840801162694,0.48772590128594207,0.5080156027052934,1.979710298580646,1.9999999999999976,12.715284128020897,0.8362947400143502,0.8441592909746884,0.18904887391205352,0.19691342487239175,-1.0078645509603381,2.000000000000001
ADAUSDT,2022-11-14,2022,0.137218045112782,True,сделка,6.4468869123252865,-1.0155113625165066,4.976644263555195,-1.0155113625165066,2.3552831267122616,-1.0155113625165066,2.0,1.3290536277602603,-1.0752415086278508,23.450665780541502,-1.0752415086278508,10.823384206403778,-1.0752415086278508,2.0,1.2029968454258755,-1.0831257375114718,25.907958568244222,-1.0831257375114718,11.95751933918965,-1.0831257375114718,2.0,7.096151419558354,-1.014092145740349,4.392126180272777,-1.014092145740349,2.0271351601258987,-1.014092145740349,2.0
ADAUSDT,2024-01-15,2024,0.10742187499999975,True,нет H4 FVG,,,,,,,,,,,,,,,,,,,,,,,,,,,,
ADAUSDT,2024-03-25,2024,0.09501915708812328,False,сделка,4.146277145811796,-1.024118021174974,4.96327426454999,-1.024118021174974,2.25093217274189,-1.024118021174974,2.0,1.241227621483386,-1.0805654001483551,15.536141102777421,-1.0805654001483551,6.57298277425198,-1.0805654001483551,2.0,1.309360613810742,-1.0763731541526682,14.727713102586131,-1.0763731541526682,6.230955543401819,-1.0763731541526682,2.0,5.175907928388749,-1.0193202818488176,3.725701410232335,-1.0193202818488176,1.576258288944448,-1.0193202818488176,2.0
ADAUSDT,2025-01-20,2025,0.059044368600682545,False,отмена (H4 ниже FVG),9.412711864406774,-1.010623930854416,2.5018006662465124,-1.010623930854416,0.853065634284687,-1.010623930854416,2.0,,,,,,,,,,,,,,,,,,,,,
ADAUSDT,2025-02-17,2025,0.4931588340273645,True,хай матери раньше теста,,,,,,,,,,,,,,,,,,,,,,,,,,,,
ADAUSDT,2025-03-17,2025,0.12803030303030322,False,нет H4 FVG,,,,,,,,,,,,,,,,,,,,,,,,,,,,
ADAUSDT,2025-08-18,2025,0.04433111023930944,True,сделка,9.501646634615373,-1.0105244915797742,2.3768653459610407,-1.0105244915797742,0.7646700913429743,-1.0105244915797742,2.0,2.587479348595699,-1.0386476514505412,7.867264426738681,-1.0386476514505412,2.0546102169540696,-1.0386476514505412,2.0,4.88633467075762,-1.0204652375938252,4.165982399026239,-1.0204652375938252,1.0879855482674305,-1.0204652375938252,2.0,11.146294548029262,-1.0089715913722808,1.826291611657352,-1.0089715913722808,0.4769532585806584,-1.0089715913722808,2.0000000000000013
ADAUSDT,2025-11-24,2025,0.15138023152270716,True,сделка,13.074330671676845,-1.007648575098122,1.3292497822006268,0.31298802777054224,0.32063660286866424,-1.007648575098122,2.000000000000001,1.520820704126835,-1.0657539706874348,10.869565217391315,-1.0657539706874348,2.2612988287238602,-1.0657539706874348,2.0,8.042620657495918,-1.0124337581316605,2.0553822605146292,0.41516692371024005,0.4276006818419005,-1.0124337581316605,2.0,13.702611331312662,-1.0072978790379528,1.2063875583838832,0.24367837605601422,0.2509762550939669,-1.0072978790379528,1.9999999999999991
BNBUSDT,2021-03-15,2021,0.06969859757003594,True,сделка,15.6662318922911,1.2614726737978523,1.2678558296637634,0.20394708182599208,0.2103302376919031,1.993616844134089,2.0,2.7569584765540376,6.489265324336423,6.525537180024649,0.5737942691782446,0.6100661248664708,1.9637281443117738,2.0,2.3331263001707487,7.6680953968193535,7.710956342663855,0.6780288637153155,0.7208898095598167,1.9571390541554987,2.0,16.983269085947345,1.0534270494095235,1.0593151972975379,0.09314619972182164,0.09903434760983598,1.9941118521119856,2.0
BNBUSDT,2021-09-13,2021,0.07826576576576563,True,нет H4 FVG,,,,,,,,,,,,,,,,,,,,,,,,,,,,
BNBUSDT,2021-11-08,2021,0.16894488188976373,True,отмена (H4 ниже FVG),19.1954861343134,-1.0052095580857023,0.6192115900396311,,,-1.0052095580857023,2.0,,,,,,,,,,,,,,,,,,,,,
BNBUSDT,2021-11-22,2021,0.22516092919115602,True,отмена (H4 ниже FVG),19.1954861343134,-1.0052095580857023,0.5280921895095544,,,-1.0052095580857023,2.0,,,,,,,,,,,,,,,,,,,,,
BNBUSDT,2022-01-24,2022,0.07789810484863417,True,сделка,13.601879518072291,-1.0073519251414582,2.454578487656836,0.847715352355037,0.8550672774964951,-1.0073519251414582,2.0,1.4121623061757187,-1.070813389907574,23.179338956797935,-1.070813389907574,7.848449459570198,-1.070813389907574,2.0,1.297714072574196,-1.0770585771653352,25.223575399725785,-1.0770585771653352,8.5406213302018,-1.0770585771653352,2.0,14.025422283796022,-1.0071299101001425,2.3338326714538806,0.7830983100893536,0.790228220189496,-1.0071299101001425,2.0
BNBUSDT,2022-05-16,2022,0.12780112044817926,False,отмена (H4 ниже FVG),13.716987053746571,-1.0072902306904699,4.124171304691029,-1.0072902306904699,1.8552097454758991,-1.0072902306904699,1.9999999999999991,,,,,,,,,,,,,,,,,,,,,
BNBUSDT,2022-11-14,2022,0.07776427703523688,True,нет теста,,,,,,,,,,,,,,,,,,,,,,,,,,,,
BNBUSDT,2023-02-06,2023,0.4959785522788202,True,отмена (H4 ниже FVG),7.970632564512435,-1.0125460556851196,1.2954120720126356,0.5195347321873685,0.532080787872488,-1.0125460556851196,2.0,,,,,,,,,,,,,,,,,,,,,
BNBUSDT,2023-02-20,2023,0.39085739282589665,True,хай матери раньше теста,,,,,,,,,,,,,,,,,,,,,,,,,,,,
BNBUSDT,2023-04-17,2023,0.26373626373626363,True,сделка,4.031213098011672,-1.0248064286279788,3.0298472013300706,-1.0248064286279788,1.4448578893199349,-1.0248064286279788,2.0,0.7456709541178842,-1.1341074095051729,16.76020802224371,-1.1341074095051729,8.169850505466476,-1.1341074095051729,2.0,0.29497984258015986,-1.3390062152224023,42.36764179492875,-1.3390062152224023,20.652327183191094,-1.3390062152224023,2.0,3.788635054712999,-1.0263947301748162,3.2987078794020754,-1.0263947301748162,1.6079722996368555,-1.0263947301748162,2.0
BNBUSDT,2024-12-09,2024,0.02892128279883403,True,отмена (H4 ниже FVG),9.429279894296409,-1.0106052637233187,1.7570344434801655,0.4113321170326628,0.42193738075598153,-1.0106052637233187,2.0,,,,,,,,,,,,,,,,,,,,,
BNBUSDT,2025-01-20,2025,0.28277077402738265,False,сделка,3.3167939860608073,-1.0301495963934635,3.3708050750643044,-1.0301495963934635,1.6785205345205887,-1.0301495963934635,2.0,0.540755340600705,-1.1849265138813307,19.917794238867337,-1.1849265138813307,9.576186123712185,-1.1849265138813307,2.0,0.8891186682232414,-1.1124709260686583,12.113853856175194,-1.1124709260686583,5.824164955766661,-1.1124709260686583,2.0,3.672996042876427,-1.0272257303935692,2.932389112844963,-1.0272257303935692,1.4098500865599617,-1.0272257303935692,2.0
BNBUSDT,2025-02-17,2025,0.07625046313449396,True,сделка,5.957297610054801,-1.0167861346781162,2.934248392921654,-1.0167861346781162,1.1138327041354397,-1.0167861346781162,2.0,1.141223863418381,-1.0876252269212665,14.762489074161198,-1.0876252269212665,5.31093816535556,-1.0876252269212665,2.0,1.0182572415116105,-1.0982070108841546,16.545234473241685,-1.0982070108841546,5.952296850298502,-1.0982070108841546,2.0,6.463921925954323,-1.0154704838866437,2.6063595767206875,-1.0154704838866437,0.937661289983537,-1.0154704838866437,2.0
BNBUSDT,2026-02-09,2026,0.006091226744734931,True,сделка,3.8340125153912203,-1.026082335307608,8.39876977006,-1.026082335307608,3.740314314863031,1.973917664692392,2.0,0.3779164067373608,-1.2646087817761684,85.06509150286121,-1.2646087817761684,37.82356142871229,-1.2646087817761684,2.0,0.2583281347473596,-1.3871045641149318,124.44441543692405,-1.3871045641149318,55.33328547093103,-1.3871045641149318,2.0,3.8729257641921295,-1.0258202728605255,8.300570596207102,-1.0258202728605255,3.69078709365101,1.9741797271394745,2.0
BNBUSDT,2026-02-16,2026,0.17577597840755674,True,сделка,4.710692957932861,1.4466430519644033,1.4678713512598602,0.4057888210710472,0.42701712036650413,1.9787717007045431,2.0,1.6412693897357862,4.904208539831693,4.965136989862738,1.882305862633917,1.9432343126649618,1.9390715499689553,2.0,0.2955840765716753,-1.3383132175448946,27.569574964335185,-1.3383132175448946,10.7900636308055,-1.3383132175448946,2.0,3.610483425645481,2.2293766258925762,2.2570737479149887,0.8556668540609476,0.8833639760833598,1.9723028779775877,2.0
BTCUSDT,2021-05-31,2021,0.31641039236479324,True,сделка,13.21730434782609,1.1066180613667023,1.1141839006156447,0.30610345696247143,0.3136692962114139,-1.0075658392489424,2.0,0.8904773048707383,-1.1122993247026278,17.516723734943977,-1.1122993247026278,5.5444466027551975,-1.1122993247026278,2.0,1.1792403923444135,-1.0848003516918148,13.227366568276878,-1.0848003516918148,4.186766243654237,-1.0848003516918148,2.0,12.55789521881138,1.2341435146267394,1.2421066325105552,0.3851922462750901,0.39315536415890573,-1.0079631178838158,2.0
BTCUSDT,2021-09-13,2021,0.23793224083962422,True,сделка,10.96132786130714,1.7667159172629676,1.7758388995572016,0.6488406027496424,0.6579635850438765,1.990877017705766,2.0,0.8316285187227416,-1.120245996558157,23.81481685735153,-1.120245996558157,9.038720961985582,1.879754003441843,2.0,,,,,,,,10.708274469706954,1.8401733091990762,1.8495118819339171,0.6926286906210796,0.7019672633559206,1.990661427265159,2.0
BTCUSDT,2021-12-06,2022,0.06974711089053831,True,сделка,7.082489366368472,-1.0141193293525939,5.516366674513205,-1.0141193293525939,2.476753785404764,-1.0141193293525939,2.0,0.46301723127418404,-1.2159746835443004,84.4996321757425,-1.2159746835443004,37.98609877983754,1.7840253164556996,2.0,0.9675663600087278,-1.1033520842943505,40.436281531476894,-1.1033520842943505,18.17779018670036,1.8966479157056495,2.0,7.045623306159858,-1.014193208415297,5.553062381222278,-1.014193208415297,2.496332477578099,-1.014193208415297,2.0
BTCUSDT,2022-08-29,2022,0.41694242223692946,True,хай матери раньше теста,,,,,,,,,,,,,,,,,,,,,,,,,,,,
BTCUSDT,2022-11-14,2022,0.0034642857142856503,True,сделка,3.8169775561097192,-1.0261987393245038,8.203602751324976,3.604057995254177,3.6302567345786807,1.9738012606754962,2.0,1.0597940181283882,-1.0943579585178274,28.3558611046374,-1.0943579585178274,12.042647401538005,-1.0943579585178274,2.0000000000000107,2.4254649410951155,-1.041229208596538,12.389942838755578,5.2207415840288505,5.261970792625388,1.9587707914034664,2.0000000000000044,4.741060534960108,-1.0210923271834667,6.338533700630548,2.6708635304708044,2.691955857654271,1.978907672816531,1.9999999999999976
BTCUSDT,2023-05-15,2023,0.1494292873051231,True,сделка,5.9058235381639665,-1.016932439541038,1.096287913447797,-1.016932439541038,0.19134336901381144,-1.016932439541038,2.0,0.7785786518942647,-1.1284391753571745,8.249675404210675,-1.1284391753571745,1.3886348735496992,-1.1284391753571745,2.0,2.9153400007435746,-1.034301316475778,2.2031808136057514,-1.034301316475778,0.37085261669168296,-1.034301316475778,2.0,5.951301632152287,-1.0168030468258815,1.0792632522732233,-1.0168030468258815,0.1816680677014661,-1.0168030468258815,2.0
BTCUSDT,2023-09-04,2023,0.1484593837535014,True,нет теста,,,,,,,,,,,,,,,,,,,,,,,,,,,,
BTCUSDT,2024-12-23,2024,0.047383529470244316,True,сделка,2.9552431785177333,-1.0338381628716447,5.087951837523507,2.1635389075078004,2.1973770703794453,1.9661618371283553,2.0,0.7264738102912683,-1.1376512113491146,22.088409949048884,10.088816643364138,10.226467854713253,1.8623487886508854,2.0,0.5087698820223638,-1.1965525152599428,31.54009682172135,14.40584697958308,14.602399494843024,1.8034474847400572,2.0,2.1027691602566234,-1.0475563375619394,7.631199678143823,3.4855281344055102,3.5330844719674497,1.9524436624380606,2.0
BTCUSDT,2025-02-10,2025,1.1416601181383943,False,сделка,9.731466306156417,-1.0102759437122788,1.8893374046702092,-1.0102759437122788,1.2169496267644333,-1.0102759437122788,2.0,1.3789164927527877,-1.072520707762633,12.446634179999199,-1.072520707762633,7.750400554639667,1.927479292237367,2.0,2.9703935504159626,-1.0336655726935564,5.777978190013927,-1.0336655726935564,3.5978919859748557,1.9663344273064436,2.0,10.66411298207497,-1.009377244986816,1.6094042869678975,-1.009377244986816,1.0021607205584515,-1.009377244986816,2.0
BTCUSDT,2025-03-03,2025,0.08977657117209804,True,отмена (H4 ниже FVG),7.306732079057198,-1.0136860088638837,2.3150924869297564,0.7862363658077044,0.7999223746715881,-1.0136860088638837,2.0,,,,,,,,,,,,,,,,,,,,,
BTCUSDT,2025-05-26,2025,0.17475581360186257,True,сделка,3.1570125657911134,-1.0316755153538457,2.5984469319539243,1.0482683076690276,1.0799438230228733,-1.0316755153538457,2.0,2.9362215042930524,-1.034057376071182,2.0467821170752583,0.41313505840347764,0.44719243447465956,-1.034057376071182,2.0,2.1695601084721,-1.046092292907443,2.7700572310905938,0.5591253443150487,0.6052176372224918,-1.046092292907443,2.0,5.120236922937067,-1.0195303462525398,1.1737358558227602,0.2369140453691789,0.2564443916217187,-1.0195303462525398,2.0
BTCUSDT,2025-10-13,2025,0.10641908310383918,True,сделка,4.062129805152429,-1.0246176278939092,5.554940882004798,-1.0246176278939092,2.603392181977201,-1.0246176278939092,2.0,0.9017825349826847,-1.1108914800638938,24.309986012625572,-1.1108914800638938,11.084273796881716,-1.1108914800638938,2.0,1.3937766807869392,-1.0717475054493946,15.728718319122365,-1.0717475054493946,7.171596899835152,-1.0717475054493946,2.0,4.565102617482404,-1.0219053126247464,4.802152908437571,-1.0219053126247464,2.1895684194951546,-1.0219053126247464,2.0
BTCUSDT,2026-02-16,2026,0.4216780245203742,True,сделка,7.445566423474709,0.8002840414598746,0.8137148530747862,0.16678209265796767,0.18021290427287928,-1.0134308116149116,2.0,1.233124828001695,-1.0810947908348032,5.0791230478598495,-1.0810947908348032,1.2466795824175265,-1.0810947908348032,2.0,2.403995715847642,-1.0415974119008529,2.6053260800355624,-1.0415974119008529,0.6394818158400029,-1.0415974119008529,2.0,7.2669959612938815,0.848107356549882,0.8618682008564743,0.1977862039964483,0.21154704830304058,-1.0137608443065922,2.0
BTCUSDT,2026-06-08,2026,0.08814916113538585,True,сделка,3.4499144950186253,-1.028986225642517,6.939658212168968,3.2753045870646535,3.3042908127071704,1.971013774357483,2.0,0.6674241007626611,-1.149829770734576,35.45996923115432,16.560530324824068,16.710360095558645,1.850170229265424,2.0,1.476862419693064,-1.06771111422876,16.025079764771508,7.484039754018257,7.551750868247017,1.93228888577124,2.0,3.663663532303089,-1.0272950829458776,6.459883083831424,3.0168974205036516,3.0441925034495294,1.9727049170541224,2.0
DOGEUSDT,2021-03-15,2021,0.16647773279352246,True,сделка,7.410940011212862,2.6317595800276052,2.6452531449260794,1.074615807871405,1.0881093727698792,1.9865064351015258,2.0,2.5462776439675814,-1.039273014958487,6.5899322231634025,-1.039273014958487,2.1648744286838464,-1.039273014958487,2.0,2.690283555944814,-1.037170802973176,6.23718531751928,-1.037170802973176,2.048992697284228,-1.037170802973176,2.0,9.597098751915919,1.7380041121044711,1.7484239277784566,0.5639591192780284,0.574378934952014,1.989580184326016,2.0000000000000013
DOGEUSDT,2021-05-24,2021,0.10310082355877213,True,сделка,35.24999999999999,-1.0028368794326241,2.9968563850970638,-1.0028368794326241,1.1860438185459163,-1.0028368794326241,2.0,2.758049339764364,-1.0362575094499737,37.75975780545607,-1.0362575094499737,14.784532002333684,-1.0362575094499737,2.0,2.7343520202419556,-1.0365717359212407,38.08700354381769,-1.0365717359212407,14.912662461124274,-1.0365717359212407,2.0,35.721020795445554,-1.0027994720691955,2.9154618979499807,-1.0027994720691955,1.141525852837905,-1.0027994720691955,2.0
DOGEUSDT,2021-06-28,2021,0.02700142112742781,True,сделка,15.424723698193421,-1.0064830983009252,3.4864738524795413,1.2984040623741566,1.3048871606750818,1.9935169016990748,2.0,2.0993825517645184,-1.0476330528306765,25.744718073278882,-1.0476330528306765,9.687863675201754,1.9523669471693235,2.0,2.508830574333321,-1.0398592081199318,21.54310955712929,-1.0398592081199318,8.106777783906935,1.9601407918800682,2.0,15.27616436897856,-1.0065461458507916,3.5380616899418875,1.324843820395806,1.3313899662465976,1.9934538541492084,2.0
DOGEUSDT,2021-09-13,2021,0.06983993260320151,True,отмена (H4 ниже FVG),12.176023206272943,-1.0082128621394613,3.7343712542752465,1.5168787475859857,1.525091609725447,-1.0082128621394613,2.0,,,,,,,,,,,,,,,,,,,,,
DOGEUSDT,2021-12-06,2022,0.0606417427141596,True,сделка,10.70858510320072,-1.00933830184252,6.5567840262802095,-1.00933830184252,2.9983546934534115,1.99066169815748,2.0,2.370789667896674,-1.0421800387246998,28.673087578834703,-1.0421800387246998,12.811213975756619,1.9578199612753002,2.0,1.817837638376374,-1.0550104134103617,37.39490169172266,-1.0550104134103617,16.7081443830512,1.9449895865896383,2.0,11.88156457564576,-1.0084163999920495,5.72128858500129,-1.0084163999920495,2.5562873924191516,1.9915836000079505,2.0
DOGEUSDT,2022-01-24,2022,0.22573516913139555,True,нет H4 FVG,,,,,,,,,,,,,,,,,,,,,,,,,,,,
DOGEUSDT,2022-07-04,2022,0.2887154861944796,True,сделка,9.321295123495878,-1.0107281229351845,2.6565522911064967,1.2309213174732885,1.241649440408473,1.9892718770648155,2.0,1.9939860139860037,-1.05015080311426,11.261524553240953,-1.05015080311426,4.769586869607936,-1.05015080311426,2.0,3.2048951048951113,-1.0312022692559457,7.006570174800572,2.936286275365475,2.9674885446214208,1.9687977307440543,2.0,10.998181818181827,-1.0090924119689204,2.0417304265874243,0.855640474585754,0.8647328865546745,-1.0090924119689204,2.0
DOGEUSDT,2022-09-26,2022,0.0678913738019172,True,нет H4 FVG,,,,,,,,,,,,,,,,,,,,,,,,,,,,
DOGEUSDT,2022-11-14,2022,0.014738996929375608,True,отмена (H4 ниже FVG),6.1987034035656405,-1.0161324060032422,9.815841308023499,-1.0161324060032422,4.493934006170581,-1.0161324060032422,2.0,,,,,,,,,,,,,,,,,,,,,
DOGEUSDT,2023-04-10,2023,0.033658700774150146,True,нет H4 FVG,,,,,,,,,,,,,,,,,,,,,,,,,,,,
DOGEUSDT,2023-05-15,2023,0.06506024096385774,True,сделка,4.250814149354307,-1.0235249052267292,1.941696276434141,0.5477564822275367,0.571281387454266,-1.0235249052267292,2.0,0.36580310880827976,-1.2733711048158718,21.858969451038035,-1.2733711048158718,5.971977643365937,-1.2733711048158718,2.0,0.39378238341968264,-1.253947368421057,20.30583214793772,-1.253947368421057,5.547652916074082,-1.253947368421057,2.0,4.478756476683953,-1.0223276260990282,1.7853346173568205,0.4654345460685119,0.4877621721675401,-1.0223276260990282,2.0
DOGEUSDT,2024-04-15,2024,0.04667526679957778,True,нет теста,,,,,,,,,,,,,,,,,,,,,,,,,,,,
DOGEUSDT,2024-04-22,2024,0.6200728718118603,True,хай матери раньше теста,,,,,,,,,,,,,,,,,,,,,,,,,,,,
DOGEUSDT,2025-01-20,2025,0.03127486869329929,False,нет H4 FVG,,,,,,,,,,,,,,,,,,,,,,,,,,,,
DOGEUSDT,2025-02-10,2025,0.22699724517906344,True,сделка,21.305106826472123,-1.0046937103303208,1.2733024332774847,-1.0046937103303208,0.3484409331979927,-1.0046937103303208,1.9999999999999993,1.377236306318145,-1.0726091808219438,20.461171144534767,-1.0726091808219438,6.03566398662201,-1.0726091808219438,2.0,4.3647445159595435,-1.022910848420647,6.45624678993323,-1.022910848420647,1.904472425526451,-1.022910848420647,2.0,20.653881518455275,-1.0048417049313778,1.3643860474779208,-1.0048417049313778,0.40246844486277705,-1.0048417049313778,2.0000000000000004
DOGEUSDT,2025-09-15,2025,0.07438736161214063,True,сделка,8.948238504796556,-1.0111753838419033,3.001328070342444,-1.0111753838419033,1.143924193707887,-1.0111753838419033,2.0,2.190382740126777,-1.0456541216144775,11.254004381400703,-1.0456541216144775,3.798017796426234,-1.0456541216144775,2.0,5.011384690394929,-1.0199545646918036,4.918915325254864,-1.0199545646918036,1.6600427111355438,-1.0199545646918036,2.0,10.531618722574354,-1.0094952165126954,2.340625653442344,-1.0094952165126954,0.7899177559622884,-1.0094952165126954,2.0
DOGEUSDT,2025-10-20,2025,0.5582263710618436,False,нет H4 FVG,,,,,,,,,,,,,,,,,,,,,,,,,,,,
DOGEUSDT,2025-11-10,2025,0.062055223455736455,False,сделка,6.00017648912702,-1.0166661764335116,2.9350959316250744,-1.0166661764335116,1.0898933532788169,-1.0166661764335116,2.0,1.5513163737867097,-1.0644613836930654,11.842933906941418,-1.0644613836930654,4.659883697154613,-1.0644613836930654,2.0,,,,,,,,5.3919177821480675,-1.0185462768610989,3.4073474459013022,-1.0185462768610989,1.340701800623114,-1.0185462768610989,2.0
DOGEUSDT,2025-11-24,2025,0.047335423197492524,True,сделка,9.216297370055926,-1.0108503443394636,1.5121726528181898,0.3067134024633671,0.3175637468028307,-1.0108503443394636,2.0,0.6175093244923264,-1.1619408744673017,22.68380255696145,-1.1619408744673017,4.843237922664873,-1.1619408744673017,2.0,5.3164939908827025,-1.0188093883246159,2.6347174694240363,-1.0188093883246159,0.5625407614697308,-1.0188093883246159,2.0,9.159863240779123,-1.010917193561887,1.529221476965536,0.3155881809578766,0.3265053745197637,-1.010917193561887,2.0
DOGEUSDT,2025-12-22,2026,0.24325782092772383,True,хай матери раньше теста,,,,,,,,,,,,,,,,,,,,,,,,,,,,
DOGEUSDT,2026-02-16,2026,0.008064516129032423,True,сделка,7.169096117122846,-1.0139487598389367,3.4524142482749065,1.236497035185622,1.2504457950245587,-1.0139487598389367,2.0,1.0380776535134006,-1.0963319070221265,23.183485958796176,-1.0963319070221265,8.059844088261881,-1.0963319070221265,2.0,2.0499366955053904,-1.0487819942046288,11.740000926435789,-1.0487819942046288,4.081464592136595,-1.0487819942046288,2.0,7.678402616585778,-1.0130235421341405,3.1342793424746374,1.0766228930181547,1.0896464351522952,-1.0130235421341405,2.0
DOGEUSDT,2026-07-06,2026,0.14242424242424187,True,сделка,5.092907999441574,-1.0196351475445786,2.1189402557530737,-1.0196351475445786,0.7620509587313783,-1.0196351475445786,2.0,0.8619608930800073,-1.116014544050455,11.664199755454156,-1.116014544050455,3.700366818971677,1.883985455949545,2.0,0.9727915684370968,-1.102796943604951,10.335291098819788,-1.102796943604951,3.278782003763531,1.897203056395049,2.0,5.7246567743724786,-1.0174682961688932,1.756277176875284,-1.0174682961688932,0.5571637940431956,-1.0174682961688932,2.0
ETHUSDT,2020-02-17,2020,0.1019810267857143,False,отмена (H4 ниже FVG),10.460505313473613,-1.0095597676214738,2.231333238950125,-1.0095597676214738,0.7690735336297283,-1.0095597676214738,2.0,,,,,,,,,,,,,,,,,,,,,
ETHUSDT,2020-06-08,2020,0.057424593967517125,True,сделка,5.097176470588229,-1.019618704703873,2.135404111123081,0.642031728446354,0.661650433150227,-1.019618704703873,2.0,0.9658721560129973,-1.1035333707235002,10.647223780145861,2.80841278743692,2.91194615816042,1.8964666292764998,2.0,1.8966847237269757,-1.0527235753781474,5.422017090892476,1.4301626833615169,1.4828862587396643,-1.0527235753781474,2.0,5.611276273022746,-1.0178212576131331,1.8327126464123484,0.4834136802383697,0.5012349378515029,-1.0178212576131331,2.0
ETHUSDT,2021-03-15,2021,0.0660400868667448,True,отмена (H4 ниже FVG),2.8158139672053886,-1.0355137097708365,5.306947251646474,-1.0355137097708365,2.365032087811897,-1.0355137097708365,2.0,,,,,,,,,,,,,,,,,,,,,
ETHUSDT,2021-05-31,2021,0.04803357314148674,True,сделка,8.035601928772664,-1.0124446184475535,3.922486559364833,-1.0124446184475535,1.5795127221231902,-1.0124446184475535,2.0,3.0220492255203695,-1.0330901294246062,12.333229377826267,-1.0330901294246062,5.8308124122875284,-1.0330901294246062,2.0,,,,,,,,4.013484003826453,-1.0249160081128168,9.286601430051844,-1.0249160081128168,4.390450321443471,-1.0249160081128168,2.0
ETHUSDT,2021-09-13,2021,0.2611996962794228,True,отмена (H4 ниже FVG),11.533371237458194,-1.0086704917357745,2.8609722898043715,1.3246713477655945,1.333341839501369,1.9913295082642255,2.0,,,,,,,,,,,,,,,,,,,,,
ETHUSDT,2022-05-16,2022,0.10650605599311673,True,отмена (H4 ниже FVG),9.375901544587522,-1.0106656410079016,3.7812604585884277,-1.0106656410079016,1.625110875664734,-1.0106656410079016,2.0,,,,,,,,,,,,,,,,,,,,,
ETHUSDT,2022-09-26,2022,0.2079207920792079,True,сделка,8.574007782101162,1.213649070577985,1.2253122277083945,0.2969339965146676,0.30859715364507717,1.9883368428695904,2.0,0.6922511798758665,-1.144456236272406,14.509545783264382,3.0583684289478152,3.2028246652202212,1.855543763727594,2.0,0.5947039267198447,-1.1681508991399485,16.889497002866356,3.5600221527233735,3.728173051863322,1.8318491008600515,2.0,8.95589705437891,1.1103578041984654,1.1215236315179193,0.23639833515047587,0.24756416246992968,1.988834172680546,2.0
ETHUSDT,2022-10-03,2022,0.49333333333333335,True,сделка,8.574007782101162,1.0321213331397043,1.0437844902701139,0.3513923177461518,0.36305547487656137,1.9883368428695904,2.0,0.6922511798758665,-1.144456236272406,12.270591106423954,3.7300548319999436,3.8745110682723496,1.855543763727594,2.0,0.5947039267198447,-1.1681508991399485,14.283294240291498,4.34188298149583,4.510033880635779,1.8318491008600515,2.0,8.95589705437891,0.9372965231988636,0.9484623505183174,0.2883167194503564,0.29948254676981023,1.988834172680546,2.0
ETHUSDT,2023-02-20,2023,0.3250966608084359,True,хай матери раньше теста,,,,,,,,,,,,,,,,,,,,,,,,,,,,
ETHUSDT,2024-10-28,2024,0.06325602896987471,True,хай матери раньше теста,,,,,,,,,,,,,,,,,,,,,,,,,,,,
ETHUSDT,2024-12-23,2025,0.19802176259170887,True,сделка,12.81227146739376,-1.0078050172644635,1.8489653066497542,-1.0078050172644635,0.6627792262701712,-1.0078050172644635,2.0,1.211397984886663,-1.0825492540416897,19.18896372813282,-1.0825492540416897,6.688375823376003,-1.0825492540416897,2.0,2.7110363440086465,-1.0368862631520963,8.574385970035237,-1.0368862631520963,2.98863016444184,1.9631137368479037,2.0,13.125224901043547,-1.007618917066484,1.7710532328078572,-1.007618917066484,0.6173063742289229,-1.007618917066484,2.0
ETHUSDT,2025-02-10,2025,0.0121432401835191,True,сделка,5.573972602739734,-1.0179405259277463,5.974768575407547,2.519660850331776,2.5376013762595226,1.9820594740722537,2.0,3.1577670965465203,-1.0316679466669232,9.629779789500898,3.66269713336056,3.694365080027483,1.9683320533330768,2.0,2.420993384287581,-1.0413053586387335,12.560382016584017,4.777354852518409,4.818660211157142,1.9586946413612665,2.0,7.624374053542166,-1.0131158307944692,3.988340754628538,1.516969709397702,1.5300855401921711,-1.0131158307944692,2.0
ETHUSDT,2025-03-17,2025,0.012559614472271406,False,нет H4 FVG,,,,,,,,,,,,,,,,,,,,,,,,,,,,
ETHUSDT,2025-08-25,2025,0.26513083872692633,True,сделка,6.90322580645162,-1.0144859813084113,3.0247384519747635,1.4249464894992243,1.4394324708076356,1.9855140186915887,2.0,0.5565477626011184,-1.179679098039373,37.3225691941302,-1.179679098039373,17.67665824952329,-1.179679098039373,2.0,1.3248426914560014,-1.0754806594359516,15.678685864727385,7.35023460659683,7.425715266032782,1.9245193405640484,2.0,6.986911052158469,-1.0143124764654199,2.972957895764475,1.3937353039621787,1.4080477804275986,1.9856875235345801,2.0
ETHUSDT,2025-10-13,2025,0.2548005908419498,True,отмена (H4 ниже FVG),12.801571428571423,-1.0078115409938513,2.798763544654117,-1.0078115409938513,1.2877883295577557,-1.0078115409938513,2.0,,,,,,,,,,,,,,,,,,,,,
ETHUSDT,2026-02-16,2026,0.38457302442670016,True,хай матери раньше теста,,,,,,,,,,,,,,,,,,,,,,,,,,,,
LINKUSDT,2020-07-20,2020,0.19575471698113217,True,сделка,15.071820580474938,1.2179327827009452,1.2245676812167587,0.2900973701993266,0.29673226871514,1.9933651014841864,2.0,4.304696522520212,-1.0232304413277094,3.53539117344581,0.3523676091395508,0.3755980504672601,1.9767695586722933,2.0000000000000027,3.509906326190166,-1.0284907888435146,4.335952209471096,0.4321584340851163,0.46064922292863086,1.971509211156482,1.9999999999999967,17.39309636853587,0.869240632589763,0.8749900401639601,0.08720906212281689,0.09295846969701398,1.9942505924258023,1.9999999999999993
LINKUSDT,2020-08-17,2020,0.3823744514870796,True,сделка,28.092235350856047,-1.0035597024854397,2.2475253615568715,-1.0035597024854397,1.0738335686725573,-1.0035597024854397,2.0000000000000004,4.815628718762401,-1.0207657204988385,12.670301971960907,-1.0207657204988385,5.91258793100607,-1.0207657204988385,2.0,1.6850852836176151,-1.0593441773969539,36.20912878698705,-1.0593441773969539,16.89696570231394,-1.0593441773969539,2.0,29.027806426021424,-1.0034449726766248,2.1019662717907157,-1.0034449726766248,0.9808811532254422,-1.0034449726766248,2.0
LINKUSDT,2020-09-07,2020,0.20541619867714964,True,сделка,24.499110743459823,-1.0040817808061338,3.0798009039766456,-1.0040817808061338,1.38880154509184,-1.0040817808061338,2.0,3.674709390478127,-1.0272130362904668,19.461460806130777,-1.0272130362904668,8.440634980015872,-1.0272130362904668,2.0,6.290104114020031,-1.0158979880439674,11.369479976859258,-1.0158979880439674,4.931059973002494,1.9841020119560326,2.0,26.193358940665124,-1.0038177616023407,2.730280333221548,-1.0038177616023407,1.184150558655876,-1.0038177616023407,2.0
LINKUSDT,2020-10-26,2020,0.004696305572949459,True,хай матери раньше теста,,,,,,,,,,,,,,,,,,,,,,,,,,,,
LINKUSDT,2020-11-30,2020,0.5913142423667742,True,сделка,34.85629978865225,0.9558481742864194,0.9587170961343018,0.34099591839780696,0.34386484024568925,1.9971310781521177,2.0,5.016133685982213,-1.019935672822966,6.288916264422078,-1.019935672822966,2.0763329993944337,-1.019935672822966,2.0,10.628853089685022,-1.009408352825673,2.967963190017509,-1.009408352825673,0.9798953672326609,-1.009408352825673,2.0,35.769992786727585,0.8791180056921072,0.8819136450593341,0.2883747828265243,0.2911704221937512,1.997204360632773,2.0
LINKUSDT,2021-05-24,2021,0.0005383942391816413,True,отмена (H4 ниже FVG),17.9075453047776,-1.0055842382804594,8.122751431785199,-1.0055842382804594,3.56612339173324,-1.0055842382804594,2.0,,,,,,,,,,,,,,,,,,,,,
LINKUSDT,2021-05-31,2021,0.037927078021417794,True,сделка,10.129135790815132,-1.009872510554225,6.596274102308411,-1.009872510554225,2.9412038805997947,-1.009872510554225,2.0,3.3183077149732316,-1.030135842902323,22.169372227903548,-1.030135842902323,10.560790401756991,-1.030135842902323,2.0,0.2864263615380836,-1.3491298756965282,256.83669095585105,-1.3491298756965282,122.34890698671252,-1.3491298756965282,2.0,6.492461818003243,-1.0154024779510764,11.330801930320861,-1.0154024779510764,5.397637021012662,-1.0154024779510764,2.0
LINKUSDT,2021-06-28,2021,0.23165967298509638,True,сделка,11.073561151079142,4.1194299921256645,4.1284605107308066,2.0407624568159886,2.0497929754211306,1.9909694813948577,2.0,0.9867850230260964,46.513473114643205,46.614812309773406,23.14181264795399,23.243151843084192,1.8986608048698006,2.0,0.48005072415404965,95.61239329310511,95.82070461307285,47.56996079303644,47.77827211300418,1.7916886800322591,2.0,10.901441633851706,4.210342097868016,4.219515196560713,2.0947682786986093,2.1039413773913065,1.9908269013073028,2.0
LINKUSDT,2021-09-13,2021,0.08675034867503482,True,сделка,11.757121019108284,-1.008505483599044,4.635940020268693,-1.008505483599044,2.0463724022158316,-1.008505483599044,2.0,1.4352011130786742,-1.0696766460733076,37.21493180102293,-1.0696766460733076,16.15153892027345,1.9303233539266924,2.0,2.774614217050347,-1.0360410464941352,19.249851462505454,-1.0360410464941352,8.354569256461556,1.9639589535058648,2.0,12.382165443966608,-1.0080761317923375,4.313535607780165,-1.0080761317923375,1.872104418343491,-1.0080761317923375,2.0
LINKUSDT,2022-01-10,2022,0.004427153206331862,False,отмена (H4 ниже FVG),3.618181818181826,-1.0276381909547738,8.441858944371484,-1.0276381909547738,3.755011292699723,-1.0276381909547738,2.0,,,,,,,,,,,,,,,,,,,,,
LINKUSDT,2022-05-16,2022,0.049773755656108566,True,сделка,22.936367614879654,-1.0043598882647453,2.1020321976635317,-1.0043598882647453,0.6261575487442501,-1.0043598882647453,2.0,1.5725481611208463,-1.0635910571595621,30.700411133075225,-1.0635910571595621,9.16464812391529,-1.0635910571595621,2.0,3.83239929947461,-1.0260933144450028,12.59729775015612,-1.0260933144450028,3.7605294825511386,-1.0260933144450028,2.0,22.902626970227676,-1.0043663113462922,2.1079623370598637,-1.0043663113462922,0.6292662659753976,-1.0043663113462922,2.0
LINKUSDT,2022-07-04,2022,0.13884892086330974,True,отмена (H4 ниже FVG),7.391851730894848,2.495987205004891,2.5095156148865505,0.9606761554044041,0.9742045652860636,1.9864715901183405,2.0,,,,,,,,,,,,,,,,,,,,,
LINKUSDT,2022-12-05,2022,0.07081712062256824,False,отмена (H4 ниже FVG),5.184907052227797,-1.0192867488255228,2.9337028679719896,-1.0192867488255228,1.1054738741097176,-1.0192867488255228,2.0,,,,,,,,,,,,,,,,,,,,,
LINKUSDT,2023-05-15,2023,0.0780141843971627,True,сделка,5.289810390010786,-1.0189042692699986,1.2326970712516407,0.18654524260527489,0.20544951187527344,-1.0189042692699986,2.0,0.8525134511913837,-1.1173002019619167,7.303087132140866,0.8293962781304209,0.9466964800923378,1.8826997980380833,2.0,1.0982321291314368,-1.0910554311310192,5.669092945128787,0.6438269876819743,0.7348824188129934,1.9089445688689808,2.0,5.551883166794765,-1.018011906410079,1.1214176934791662,0.12735705385573942,0.14536896026581836,-1.018011906410079,2.0
LINKUSDT,2024-12-16,2025,0.013284196091875313,True,сделка,5.561660899653995,-1.0179802404001692,9.525172336560209,-1.0179802404001692,4.339966083738313,-1.0179802404001692,2.0,1.0776777810563483,-1.0927921144499975,48.431332283752496,-1.0927921144499975,21.808474228215697,-1.0927921144499975,2.0,1.6524933608734103,-1.0605146152884668,31.58461749072973,-1.0605146152884668,14.22245236862314,-1.0605146152884668,2.0,6.044673945116565,-1.016543489509602,8.634604807977047,-1.016543489509602,3.8881349644136725,-1.016543489509602,2.0
LINKUSDT,2024-12-23,2025,0.029905851947572278,True,сделка,3.330975669697709,-1.0300212339915036,15.493878442407805,-1.0300212339915036,7.500512773596081,-1.0300212339915036,2.0,4.1060027486011546,-1.024354586716745,12.51678008790795,-1.024354586716745,6.041429334761413,-1.024354586716745,2.0,1.262084028663967,-1.0792340269972827,40.721483100448935,-1.0792340269972827,19.65489213921009,-1.0792340269972827,2.0,3.468572690684199,-1.0288303025243142,14.817026491218911,-1.0288303025243142,7.151681012951997,-1.0288303025243142,2.0
LINKUSDT,2025-02-10,2025,0.3005920752998332,True,сделка,20.44320819516817,-1.0048916001365986,1.4853224479203007,-1.0048916001365986,0.5313619404660279,-1.0048916001365986,2.0,2.232822757111603,-1.0447863582908663,13.526756862703516,-1.0447863582908663,4.803362751226326,-1.0447863582908663,2.0,8.300437636761474,-1.012047557535655,3.638705797775742,-1.012047557535655,1.2921074925134743,-1.012047557535655,2.0,20.542013129102838,-1.0048680720517273,1.4702965265935966,-1.0048680720517273,0.5221035345559994,-1.0048680720517273,2.0
LINKUSDT,2025-10-20,2025,0.4431868619618286,False,нет H4 FVG,,,,,,,,,,,,,,,,,,,,,,,,,,,,
LINKUSDT,2026-02-16,2026,0.06445837063563037,True,хай матери раньше теста,,,,,,,,,,,,,,,,,,,,,,,,,,,,
LINKUSDT,2026-05-11,2026,0.18914381645215508,True,сделка,3.7963330029732374,-1.0263412087194883,5.189342847612008,-1.0263412087194883,2.5975721185223892,-1.0263412087194883,2.0,0.6074425795052931,-1.1646246137066008,32.975822577713544,-1.1646246137066008,16.733321214324878,-1.1646246137066008,2.0,0.2544390459363983,-1.3930214391111844,78.72580505164404,-1.3930214391111844,39.948789167606606,-1.3930214391111844,2.0,3.530753091872784,-1.0283225695476084,5.6732708877386795,-1.0283225695476084,2.8788565888442434,-1.0283225695476084,2.0
LTCUSDT,2020-09-07,2020,0.18261316872428004,True,отмена (H4 ниже FVG),12.402851711026631,-1.0080626619046889,2.922587204994963,1.2590730493518683,1.267135711256557,-1.0080626619046889,2.0,,,,,,,,,,,,,,,,,,,,,
LTCUSDT,2020-09-14,2020,0.5928917609046854,True,отмена (H4 ниже FVG),12.402851711026631,0.6783025150259455,0.6863651769306344,0.15118087170080508,0.15924353360549398,-1.0080626619046889,2.0,,,,,,,,,,,,,,,,,,,,,
LTCUSDT,2021-03-15,2021,0.23099645529736096,True,сделка,11.749135166395034,1.7961220742946915,1.8046333390459917,0.6600040361499413,0.6685153009012416,1.9914887352486998,2.0,5.259726027397257,3.2066322495013,3.2256446466260007,0.7574959582981241,0.7765083554228246,1.9809876028752995,2.0,6.344383561643826,2.658415421942653,2.6741773945643224,0.627991855914298,0.6437538285359674,1.9842380273783304,2.0,14.834109589041086,1.136974686735051,1.1437159069882623,0.2685851269733285,0.2753263472265398,1.9932587797467887,2.0
LTCUSDT,2021-05-24,2021,0.06576779026217229,True,сделка,17.649469214437374,-1.0056658927690698,8.513319102884713,-1.0056658927690698,4.052380882368009,-1.0056658927690698,1.9999999999999993,3.5284005628517847,-1.0283414533635535,42.16876812605651,-1.0283414533635535,19.98546592135201,1.9716585466364496,2.000000000000003,3.840783302063797,-1.0260363556429404,38.73905229456571,-1.0260363556429404,18.359986403779224,1.9739636443570567,1.9999999999999971,18.13229362101314,-1.0055150220975968,8.20570790990923,-1.0055150220975968,3.8890131981997693,-1.0055150220975968,1.9999999999999993
LTCUSDT,2021-06-28,2021,0.021932424422050966,True,нет теста,,,,,,,,,,,,,,,,,,,,,,,,,,,,
LTCUSDT,2021-12-06,2022,0.08915662650602395,True,отмена (H4 ниже FVG),7.973778763091513,-1.0125411054120128,8.54513206461818,-1.0125411054120128,4.168544173337803,-1.0125411054120128,2.0,,,,,,,,,,,,,,,,,,,,,
LTCUSDT,2022-01-24,2022,0.08379597501734928,True,сделка,5.618994413407821,-1.0177967786836348,10.518621624209217,5.194564120692577,5.212360899376211,1.9822032213163652,2.0,1.564599138814848,-1.063914134629876,36.858417807366365,17.909888540144514,17.97380267477439,1.936085865370124,2.0,1.3187922903424367,-1.0758269522291748,43.728378746063996,21.248074007851454,21.32390096008063,1.9241730477708252,2.0,6.470494156243602,-1.0154547701590158,8.91255711958828,4.330704195001989,4.346158965161004,1.9845452298409842,2.0
LTCUSDT,2022-04-18,2022,0.26222222222222163,False,нет H4 FVG,,,,,,,,,,,,,,,,,,,,,,,,,,,,
LTCUSDT,2022-09-26,2022,0.28428093645485014,True,сделка,6.711029411764708,1.2133807730677622,1.228281616718469,0.3512770092207628,0.36617785287146953,1.9850991563492932,2.0,1.1170380330388028,-1.089522466596736,6.672054752119393,-1.089522466596736,1.5304455488108943,-1.089522466596736,2.0,1.0402804456396468,-1.096127924368041,7.164355484978848,-1.096127924368041,1.6433702014513367,-1.096127924368041,2.0,7.391970802919714,0.9947196914969343,1.0082478834590158,0.21774516274887867,0.23127335471096022,1.9864718080379185,2.0
LTCUSDT,2023-11-13,2023,0.23681489141675197,True,отмена (H4 ниже FVG),11.757037943696442,0.38247416121550704,0.3909797049144295,,,-1.0085055436989225,2.0,,,,,,,,,,,,,,,,,,,,,
LTCUSDT,2024-08-19,2024,0.021158129175946287,True,нет H4 FVG,,,,,,,,,,,,,,,,,,,,,,,,,,,,
LTCUSDT,2025-01-20,2025,0.25259515570934277,True,сделка,30.683939763231205,-1.0032590339041088,0.7480912608926428,0.047947061124758376,0.05120609502886709,-1.0032590339041088,2.0,2.4422712933753985,-1.040945492120899,8.3643447115418,,,-1.040945492120899,2.0,2.842586750788653,-1.0351792253911885,7.186411802991513,,,-1.0351792253911885,2.0,32.10820189274449,-1.0031144690174194,0.6362236990141449,,,-1.0031144690174194,2.0000000000000004
LTCUSDT,2025-03-17,2025,0.15593434343434334,False,отмена (H4 ниже FVG),4.916586113403288,-1.0203393162844003,3.409466905153514,-1.0203393162844003,1.510523312409784,-1.0203393162844003,2.0,,,,,,,,,,,,,,,,,,,,,
LTCUSDT,2025-11-10,2025,0.14667057788207685,True,сделка,8.780577652674094,-1.0113887723513892,4.4587789440819785,-1.0113887723513892,2.083040053745082,-1.0113887723513892,2.0,0.707960077896786,-1.1412509025891415,54.22411718185889,-1.1412509025891415,24.920056390331155,-1.1412509025891415,2.0,4.258446932814019,-1.023482739500506,9.014673854016024,-1.023482739500506,4.142920022636725,-1.023482739500506,2.0,9.280197176241485,-1.0107756331143494,4.136605019797733,-1.0107756331143494,1.9010808421676646,-1.0107756331143494,2.0
LTCUSDT,2025-11-24,2025,0.29960871995528227,True,сделка,8.780577652674094,-1.0113887723513892,2.250993433789433,-1.0113887723513892,1.0042357703066782,-1.0113887723513892,2.0,0.707960077896786,-1.1412509025891415,26.991713372073065,-1.1412509025891415,11.613313619640344,-1.1412509025891415,2.0,4.258446932814019,-1.023482739500506,4.487329724415079,-1.023482739500506,1.9306950502180784,-1.023482739500506,2.0,9.280197176241485,-1.0107756331143494,2.0591217124548002,-1.0107756331143494,0.8859469533523671,-1.0107756331143494,2.0
LTCUSDT,2026-02-16,2026,0.15343915343915293,True,хай матери раньше теста,,,,,,,,,,,,,,,,,,,,,,,,,,,,
LTCUSDT,2026-06-08,2026,0.1035653650254668,True,сделка,5.743389423076932,-1.0174113215444176,4.457465731924236,1.9748456628649116,1.9922569844093292,1.9825886784555824,2.0,2.021610068867257,-1.0494655233172794,11.911194643486406,-1.0494655233172794,4.992364618818266,-1.0494655233172794,2.0,1.45224412253621,-1.0688589462668021,16.581090362036882,-1.0688589462668021,6.94966805114958,-1.0688589462668021,2.0,6.884944193778204,-1.0145244459774079,3.4974562386824157,1.4513719065275492,1.465896352504957,1.9854755540225921,2.0
LTCUSDT,2026-08-03,2026,0.049295774647887466,True,отмена (H4 ниже FVG),2.4833896016205386,3.050264190616011,3.0905317345949115,1.1198147493587782,1.160082293337679,1.9597324560210991,2.0,,,,,,,,,,,,,,,,,,,,,
SOLUSDT,2020-09-21,2020,0.13520817829305556,True,сделка,20.806702919966916,-1.0048061435002293,4.492892865820962,-1.0048061435002293,2.075238105519251,-1.0048061435002293,2.0,3.4839239615113815,-1.0287032670932974,26.42191534747952,-1.0287032670932974,12.089929269114181,-1.0287032670932974,2.0,5.65260502229524,-1.0176909583467402,16.284871068301094,-1.0176909583467402,7.451501406433258,-1.0176909583467402,2.0,21.392149730110315,-1.0046746120077519,4.303071227037196,-1.0046746120077519,1.9689650084282329,-1.0046746120077519,2.0
SOLUSDT,2021-05-03,2021,0.25242524357652363,True,нет H4 FVG,,,,,,,,,,,,,,,,,,,,,,,,,,,,
SOLUSDT,2021-09-13,2021,0.16696376895474024,True,сделка,17.6752770053476,-1.0056576199609062,3.071452291075892,1.3233284022284195,1.3289860221893257,-1.0056576199609062,2.0,4.7906049356079565,-1.02087419049246,12.73143762327031,-1.02087419049246,6.0232020002795315,-1.02087419049246,2.0,0.510269992783324,-1.195974682842977,119.52748305409823,-1.195974682842977,56.5480660019047,-1.195974682842977,2.0,14.098977018250004,-1.007092713171357,4.325937111357456,2.0394941557449213,2.046586868916278,1.992907286828643,2.0
SOLUSDT,2021-11-08,2021,0.1786651308632496,True,сделка,12.724812749003977,-1.0078586618107859,1.7206914826766162,0.5616042469998593,0.5694629088106453,-1.0078586618107859,1.999999999999999,1.7905819851394236,-1.0558477639281139,11.306824299950172,-1.0558477639281139,3.2363128086252897,-1.0558477639281139,2.0,4.391583940964596,-1.0227708274154121,4.6101352434084495,-1.0227708274154121,1.3195429009897486,-1.0227708274154121,2.0,13.905957637659103,-1.0071911624215788,1.4559080667554503,0.40952831597717126,0.41671947839875,-1.0071911624215788,2.0
SOLUSDT,2022-05-16,2022,0.03616862060364187,False,сделка,14.140911282545796,-1.0070716800354607,6.08798683862829,-1.0070716800354607,2.6706332631507186,-1.0070716800354607,2.0,4.095065481758652,-1.0244196339339253,19.66248822135291,-1.0244196339339253,8.215070957425546,-1.0244196339339253,2.0,6.337909260991567,-1.0157780737909075,12.704375131453228,-1.0157780737909075,5.307941802670771,-1.0157780737909075,2.0,16.711061739943865,-1.005984060232449,4.818316038428977,-1.005984060232449,2.01311287286671,-1.005984060232449,2.0
SOLUSDT,2022-11-14,2023,0.0694895934478828,True,нет теста,,,,,,,,,,,,,,,,,,,,,,,,,,,,
SOLUSDT,2023-07-17,2023,0.09387599847850908,True,сделка,9.716168510237717,-1.0102921228563124,5.9751962019184095,-1.0102921228563124,2.7911539579498075,-1.0102921228563124,2.0,1.9641422534542579,-1.0509128093060134,30.260982236962885,-1.0509128093060134,14.37263699391779,-1.0509128093060134,2.0,0.38934523526898407,-1.2568414634146319,152.6585365853645,-1.2568414634146319,72.506097560975,-1.2568414634146319,2.0,8.927401357960221,-1.0112014679289436,6.657802361450902,-1.0112014679289436,3.16216359961706,-1.0112014679289436,2.0
SOLUSDT,2024-01-08,2024,0.13545698124441835,True,сделка,8.181771621464321,4.425134016981176,4.4373563087569154,2.03573359358995,2.047955885365689,1.9877777082242607,2.0,2.2763007173601144,-1.0439309267169115,15.114255705473958,-1.0439309267169115,6.645734451981548,-1.0439309267169115,2.0,1.6617078909612566,-1.0601790486426304,20.70435561621626,-1.0601790486426304,9.103699984044388,-1.0601790486426304,2.0,9.462220946915354,3.6254269792672438,3.6359953226362074,1.5881778902372168,1.5987462336061802,1.9894316566310366,2.0
SOLUSDT,2024-01-15,2024,0.268122270742358,True,нет теста,,,,,,,,,,,,,,,,,,,,,,,,,,,,
SOLUSDT,2024-03-25,2024,0.003397815392312409,False,нет H4 FVG,,,,,,,,,,,,,,,,,,,,,,,,,,,,
SOLUSDT,2024-12-23,2025,0.13947858472998098,True,хай матери раньше теста,,,,,,,,,,,,,,,,,,,,,,,,,,,,
SOLUSDT,2025-01-20,2025,0.05426538431464538,True,сделка,5.535095871073999,-1.0180665344068551,13.344285324155178,-1.0180665344068551,6.549410940868806,-1.0180665344068551,2.0,1.0322834645669239,-1.0968726163234177,70.14718761476999,-1.0968726163234177,34.01700709099661,-1.0968726163234177,2.0,0.9914960629921211,-1.1008576874205849,73.03284860464059,-1.1008576874205849,35.416372535178326,-1.1008576874205849,2.0,6.322992125984247,-1.0158152972528705,11.45213854735412,-1.0158152972528705,5.553572301598511,-1.0158152972528705,2.0
SOLUSDT,2025-02-10,2025,0.26975945017182157,False,сделка,5.535095871073999,-1.0180665344068551,5.299247564226934,-1.0180665344068551,2.825486118564152,-1.0180665344068551,2.0,1.0322834645669239,-1.0968726163234177,27.36955109190058,-1.0968726163234177,14.215894002316666,-1.0968726163234177,2.0,0.9914960629921211,-1.1008576874205849,28.49545860981707,-1.1008576874205849,14.800696503364952,-1.1008576874205849,2.0,6.322992125984247,-1.0158152972528705,4.468317287425158,-1.0158152972528705,2.3208683516023347,-1.0158152972528705,2.0
SOLUSDT,2025-12-08,2025,0.26616288832913526,True,сделка,5.8288587351587156,-1.0171560170770337,3.1953618754252258,1.527869347666734,1.5450253647437677,1.9828439829229663,2.0,1.5894992824110978,-1.0629128940834192,10.759700032605158,-1.0629128940834192,4.785433021494325,-1.0629128940834192,2.000000000000007,2.4497448572795486,-1.0408205775809038,6.981353764235268,-1.0408205775809038,3.1049937021354075,-1.0408205775809038,2.0000000000000044,7.037721256577903,-1.0142091447436248,2.430124021294456,1.0666012591327914,1.0808104038764161,1.9857908552563737,1.9999999999999984
SOLUSDT,2026-02-16,2026,0.06621160409556408,True,хай матери раньше теста,,,,,,,,,,,,,,,,,,,,,,,,,,,,
SOLUSDT,2026-04-20,2026,0.004273504273503424,True,нет H4 FVG,,,,,,,,,,,,,,,,,,,,,,,,,,,,
SOLUSDT,2026-07-20,2026,0.4938488576449881,True,нет H4 FVG,,,,,,,,,,,,,,,,,,,,,,,,,,,,
XRPUSDT,2020-09-07,2020,0.13527851458885926,True,сделка,5.038681699913268,-1.0198464610300193,6.385981823189208,-1.0198464610300193,3.1413522445607285,1.980153538969983,2.000000000000002,0.9597246127366581,-1.1041965566714493,32.46054519368734,-1.1041965566714493,15.557747489239647,-1.1041965566714493,2.0,1.5615318416523207,-1.0640396803527143,19.950399559107233,-1.0640396803527143,9.56186277211355,1.9359603196472857,2.0,5.7741824440619585,-1.0173184690592585,5.39525456062955,-1.0173184690592585,2.58584714439013,1.9826815309407415,2.0
XRPUSDT,2021-05-24,2021,0.1338821080518498,False,сделка,21.424361948955923,-1.004667583577903,7.655847836053381,-1.004667583577903,3.840558521679174,-1.004667583577903,2.0,4.048494673459939,-1.0247005388584438,40.393408613345194,-1.0247005388584438,20.24056044329018,-1.0247005388584438,2.0,0.3159333024548489,-1.3165225040316582,517.6171626838542,-1.3165225040316582,259.37057127497695,-1.3165225040316582,2.0,21.569939786938413,-1.0046360815555246,7.581500051893759,-1.0046360815555246,3.7989814506633417,-1.0046360815555246,2.0
XRPUSDT,2021-09-13,2021,0.07484168105929773,True,отмена (H4 ниже FVG),10.752671040299907,-1.0093000148172682,4.43259062986948,1.8999969978083981,1.9092970126256663,1.9906999851827327,2.000000000000001,,,,,,,,,,,,,,,,,,,,,
XRPUSDT,2021-10-11,2021,0.32906360424028286,True,отмена (H4 ниже FVG),15.85370487650411,0.7161672306840691,0.72247490455456,0.07016281365740128,0.07647048752789223,-1.006307673870491,2.0,,,,,,,,,,,,,,,,,,,,,
XRPUSDT,2021-10-18,2021,0.4835924006908449,True,отмена (H4 ниже FVG),15.85370487650411,0.4696355096986274,0.47594318356911836,,,-1.006307673870491,2.0,,,,,,,,,,,,,,,,,,,,,
XRPUSDT,2021-12-06,2022,0.06524134890897085,True,нет H4 FVG,,,,,,,,,,,,,,,,,,,,,,,,,,,,
XRPUSDT,2022-02-14,2022,0.2028397565922918,True,сделка,11.63020803647762,-1.0085982984729382,2.640258365514675,1.1216283104306748,1.130226608903613,1.9914017015270618,2.0,3.259888033589928,-1.030675900205651,8.70688951953253,3.384674500577445,3.4153504007830957,1.969324099794349,2.0,2.1413435969209282,-1.04669965163171,13.254988594696668,5.152680736475384,5.199380388107094,1.95330034836829,2.0,13.200951714485651,-1.0075752114061798,2.1501089897456342,0.8358230634176121,0.8433982748237919,-1.0075752114061798,2.0
XRPUSDT,2022-05-16,2022,0.17385943279901364,False,отмена (H4 ниже FVG),12.408253588516734,-1.0080591518610278,5.8901217548899645,-1.0080591518610278,2.958316061426937,-1.0080591518610278,2.0,,,,,,,,,,,,,,,,,,,,,
XRPUSDT,2022-07-04,2022,0.08130081300813015,True,отмена (H4 ниже FVG),5.924890282131656,2.5174599479376116,2.5343378976106345,0.890510253751244,0.9073882034242668,1.983122050326977,2.0,,,,,,,,,,,,,,,,,,,,,
XRPUSDT,2022-10-10,2022,0.14818101153504887,True,сделка,9.354394299287405,-1.010690163018638,1.9967590177330672,0.6852900032779158,0.6959801662965538,-1.010690163018638,1.9999999999999987,0.7685880829015567,-1.1301087048116623,24.268981208392944,-1.1301087048116623,8.440774135557955,-1.1301087048116623,2.0,0.8332901554404198,-1.1200062179387524,22.384579511891662,-1.1200062179387524,7.785377480698424,-1.1200062179387524,2.0,9.37396373056994,-1.0106678458413365,1.989857255378834,0.681406350039843,0.6920741958811795,-1.0106678458413365,1.9999999999999987
XRPUSDT,2022-11-14,2023,0.0841232227488151,True,сделка,13.303157894736842,-1.0075170121854724,3.028784441982732,1.1661919080023198,1.1737089201877922,1.9924829878145276,2.0,0.969956458635687,-1.1030974113422134,40.490797546012985,-1.1030974113422134,15.23267993416157,1.8969025886577866,2.0,1.5499274310594897,-1.0645191497331217,25.339451259481507,-1.0645191497331217,9.532727783500432,-1.0645191497331217,2.0,13.93230769230768,-1.0071775618374559,2.8189379291952834,1.0533098039869335,1.0604873658243894,-1.0071775618374559,2.0
XRPUSDT,2022-11-28,2022,0.18498659517426244,True,нет H4 FVG,,,,,,,,,,,,,,,,,,,,,,,,,,,,
XRPUSDT,2023-04-03,2023,0.01952580195257998,True,сделка,5.943732590529241,-1.0168244446527321,4.286321982450959,-1.0168244446527321,1.70155086267187,-1.0168244446527321,2.0,2.4306468716860934,-1.041141311461106,9.955935604903864,-1.041141311461106,3.6996640635225613,-1.041141311461106,2.0,3.5959703075291505,-1.027808905927455,6.729578295488081,-1.027808905927455,2.500737245650262,-1.027808905927455,2.000000000000003,6.901251325556721,-1.0144901258167023,3.5065182517194615,-1.0144901258167023,1.3030357044075835,-1.0144901258167023,1.9999999999999982
XRPUSDT,2023-06-19,2023,0.11665182546749789,True,нет H4 FVG,,,,,,,,,,,,,,,,,,,,,,,,,,,,
XRPUSDT,2023-09-04,2023,0.4632237871674494,True,сделка,8.2928040201005,-1.0120586474439304,1.277368282000258,0.4908899645390931,0.5029486119830234,-1.0120586474439304,1.9999999999999987,0.6801161393672456,-1.1470337111732656,14.956572942735065,-1.1470337111732656,5.549830708081802,-1.1470337111732656,2.0000000000000164,1.0801962354825838,-1.0925757716192415,9.416998795069011,-1.0925757716192415,3.4942997497450907,-1.0925757716192415,1.9999999999999898,8.641710052062473,-1.0115717837554772,1.1771057564642342,0.4252086002868612,0.4367803840423383,-1.0115717837554772,1.9999999999999987
XRPUSDT,2024-03-25,2024,0.052371541501976,False,сделка,8.611804878048776,-1.011611967690408,1.021475531790359,0.054472401279394525,0.06608436896980248,-1.011611967690408,2.0,0.6842105263157884,-1.1461538461538463,12.701804368471052,0.5423551756885131,0.6885090218423595,-1.1461538461538463,2.0,0.5868421052631523,-1.1704035874439478,14.809278635885649,0.6323423573049979,0.8027459447489457,-1.1704035874439478,2.0,8.700877192982457,-1.0114930940619014,0.9988312740606314,0.042649161915217206,0.0541422559771186,-1.0114930940619014,2.0
XRPUSDT,2024-06-10,2024,0.7718277066356241,False,отмена (H4 ниже FVG),14.729332736229297,1.3127367697761663,1.319525943582664,0.6598146582914264,0.6666038320979243,1.9932108261935022,2.0,,,,,,,,,,,,,,,,,,,,,
XRPUSDT,2024-10-07,2024,0.1401617250673858,False,отмена (H4 ниже FVG),7.170198928844684,3.5127221507877633,3.526668765239102,1.5333059451845743,1.5472525596359132,1.986053385548661,2.0,,,,,,,,,,,,,,,,,,,,,
XRPUSDT,2025-01-20,2025,0.5282228017883757,True,отмена (H4 ниже FVG),33.34708886618999,-1.002998762512712,0.8633368411355842,-1.002998762512712,0.25434969748041797,-1.002998762512712,2.0,,,,,,,,,,,,,,,,,,,,,
XRPUSDT,2025-02-17,2025,0.7217137293086656,True,хай матери раньше теста,,,,,,,,,,,,,,,,,,,,,,,,,,,,
XRPUSDT,2025-03-03,2025,0.05296570020845184,True,сделка,12.42808510638298,-1.0080462918578375,3.1429664541830293,1.1709848184857792,1.1790311103436166,-1.0080462918578375,2.0,1.7878996265597948,-1.0559315514777616,20.650199828318314,-1.0559315514777616,7.208593254488815,-1.0559315514777616,2.0,1.7469532744330156,-1.0572425155632486,21.134214121106485,-1.0572425155632486,7.377553467710788,-1.0572425155632486,2.0,13.776081610347038,-1.0072589581586748,2.6800425262946286,0.9282930770471718,0.9355520352058467,-1.0072589581586748,2.0
XRPUSDT,2025-07-21,2025,0.08943089430894302,True,сделка,7.006472978047866,-1.0142725163307291,3.5838434199075553,1.4718896088518723,1.4861621251826014,1.9857274836692709,2.0,1.231761752933993,-1.081184530824898,19.727494024474886,-1.081184530824898,7.872823201559694,-1.081184530824898,2.0,0.7709246319788378,-1.1297143661674376,31.52003660618421,-1.1297143661674376,12.578976082786234,-1.1297143661674376,2.0,7.608934264975237,-1.0131424449886905,3.1935579641469194,1.261338601842135,1.2744810468308256,-1.0131424449886905,2.0
XRPUSDT,2025-08-11,2025,0.1730809236530054,True,сделка,4.525691994572589,-1.0220960684288556,3.247702323684919,-1.0220960684288556,1.4462131626009824,-1.0220960684288556,2.0,0.8756789746719608,-1.1141971006412037,16.727069974909302,-1.1141971006412037,7.42070129789669,-1.1141971006412037,2.0,0.6419591089411061,-1.1557731615724673,22.816941579122446,-1.1557731615724673,10.122376976015786,-1.1557731615724673,2.0,4.567775404333231,-1.0218924949561081,3.20671271862432,-1.0218924949561081,1.4226076215841466,-1.0218924949561081,2.0
XRPUSDT,2025-09-15,2025,0.5873651771956867,True,нет H4 FVG,,,,,,,,,,,,,,,,,,,,,,,,,,,,
XRPUSDT,2025-11-24,2025,0.1023427866831074,True,отмена (H4 ниже FVG),5.537351778656132,4.173112260695683,4.191171434827522,1.826249176475807,1.844308350607646,1.9819408258681632,2.000000000000002,,,,,,,,,,,,,,,,,,,,,
XRPUSDT,2026-02-16,2026,0.08985683825769071,True,сделка,8.831083431911477,-1.0113236389137312,1.8296214291061113,-1.0113236389137312,0.5362004231295039,-1.0113236389137312,2.0,1.0837896354239396,-1.092268828499069,15.305103204727539,-1.092268828499069,4.726860295017959,1.907731171500931,2.0,3.365344321832653,-1.0297146414859397,4.928919788315874,-1.0297146414859397,1.5222579640967135,-1.0297146414859397,2.0,8.493609442659574,-1.0117735575994047,1.9529403058098989,-1.0117735575994047,0.6031501954996047,-1.0117735575994047,2.0
XRPUSDT,2026-06-08,2026,0.013374485596707866,False,нет H4 FVG,,,,,,,,,,,,,,,,,,,,,,,,,,,,
XRPUSDT,2026-07-06,2026,0.04120541205412152,True,сделка,1.736910994764403,-1.057573474001507,8.507075274219174,-1.057573474001507,3.9688520472243,-1.057573474001507,2.0,0.7263624963827464,-1.137672306180448,19.534673713845763,-1.137672306180448,8.738147725160113,-1.137672306180448,2.0,0.9961801871322239,-1.100383445978661,14.243662490075272,-1.100383445978661,6.371400352460598,-1.100383445978661,2.0,2.239268833799548,-1.0446574339313792,6.336556893321008,-1.0446574339313792,2.834435374442711,-1.0446574339313792,2.0
