sym,side,ib_week,zone_hit,signal,killed,lh_t,ext_t,fvg15_bot,fvg15_top,fvg15_t,stop_t,low_t,t,entry,stop,sweep,zone_top,zone_bot,win_low,win_E1,reach_E1,stopped,rr_low,rr_E1,h4_above_before_low
ADAUSDT,low,2020-03-02,True,True,False,2020-03-20 10:45:00,2020-03-13 02:15:00,0.03081,0.03095,2020-03-20 06:30:00,2020-04-06 12:30:00,,2020-03-20 13:15:00,0.03052,0.03396,0.01752,0.03418,0.02979,False,False,False,True,3.7790697674418614,13.578488372093029,True
ADAUSDT,low,2020-06-08,True,False,True,,,,,,,,,,,,,,,,,,,,
ADAUSDT,low,2020-07-27,True,True,False,2020-08-30 01:00:00,2020-08-27 17:00:00,0.11581,0.1165,2020-08-29 23:45:00,2020-08-31 00:15:00,2020-09-03 15:30:00,2020-08-30 06:15:00,0.11572,0.1188,0.10222,0.12041,0.11741,False,False,False,True,4.383116883116883,13.295454545454549,True
ADAUSDT,low,2020-09-07,True,False,True,,,,,,,,,,,,,,,,,,,,
ADAUSDT,low,2020-09-14,True,False,True,,,,,,,,,,,,,,,,,,,,
ADAUSDT,low,2021-07-05,True,False,True,,,,,,,,,,,,,,,,,,,,
ADAUSDT,low,2021-09-13,True,False,True,,,,,,,,,,,,,,,,,,,,
ADAUSDT,low,2021-09-27,True,False,True,,,,,,,,,,,,,,,,,,,,
ADAUSDT,low,2021-12-06,True,False,True,,,,,,,,,,,,,,,,,,,,
ADAUSDT,low,2022-01-24,True,True,False,2022-02-26 04:45:00,2022-02-24 05:45:00,0.9089,0.9157,2022-02-26 03:30:00,2022-02-28 15:15:00,,2022-02-26 05:30:00,0.9027,0.9298,0.7456,0.9163,0.9116,False,False,False,True,5.797047970479698,26.280442804428034,True
ADAUSDT,low,2022-06-06,True,False,True,,,,,,,,,,,,,,,,,,,,
ADAUSDT,low,2022-06-20,True,True,False,2022-07-13 23:30:00,2022-07-13 12:30:00,0.4196,0.4205,2022-07-13 20:45:00,2022-07-14 18:00:00,,2022-07-14 11:15:00,0.4192,0.4423,0.4013,0.443,0.4423,False,False,False,True,0.7748917748917757,5.45454545454545,True
ADAUSDT,low,2022-07-04,True,True,False,2022-07-13 23:30:00,2022-07-13 12:30:00,0.4196,0.4205,2022-07-13 20:45:00,2022-07-14 18:00:00,,2022-07-14 11:15:00,0.4192,0.4423,0.4013,0.443,0.4423,False,False,False,True,0.7748917748917757,2.675324675324675,True
ADAUSDT,low,2022-09-26,True,True,False,2022-10-27 05:45:00,2022-10-21 12:15:00,0.4047,0.406,2022-10-27 04:15:00,2022-10-29 16:15:00,2022-11-09 21:15:00,2022-10-27 09:00:00,0.4041,0.4192,0.3293,0.4203,0.4179,False,False,True,True,4.953642384105962,3.913907284768207,True
ADAUSDT,low,2022-10-31,True,True,False,2022-11-10 13:30:00,2022-11-09 21:45:00,0.3531,0.3681,2022-11-10 13:15:00,,2022-11-21 00:00:00,2022-11-11 14:15:00,0.3427,0.3788,0.3094,0.3826,0.3774,True,True,True,False,0.9224376731301933,2.12742382271468,False
ADAUSDT,low,2022-11-14,True,False,True,,,,,,,,,,,,,,,,,,,,
ADAUSDT,low,2023-02-20,True,False,True,,,,,,,,,,,,,,,,,,,,
ADAUSDT,low,2023-07-17,True,True,False,2023-08-17 06:00:00,2023-08-16 21:00:00,0.2762,0.2763,2023-08-17 04:00:00,2023-08-29 14:45:00,2023-08-17 21:30:00,2023-08-17 08:30:00,0.2757,0.2783,0.2643,0.2781,0.2778,True,False,False,True,4.384615384615407,38.46153846153854,False
ADAUSDT,low,2023-07-24,False,False,False,,,,,,,,,,,,,,,,,,,,
ADAUSDT,low,2023-12-18,True,False,True,,,,,,,,,,,,,,,,,,,,
ADAUSDT,low,2024-01-15,True,True,False,2024-01-24 10:45:00,2024-01-23 14:00:00,0.4701,0.4734,2024-01-24 09:45:00,2024-01-25 11:30:00,,2024-01-24 13:30:00,0.4697,0.4804,0.4474,0.4776,0.4767,False,False,False,True,2.0841121495327113,14.897196261682259,True
ADAUSDT,low,2024-03-25,True,True,False,2024-04-08 21:00:00,2024-04-04 04:15:00,0.6125,0.6146,2024-04-08 20:30:00,2024-04-09 12:00:00,2024-04-10 12:30:00,2024-04-09 00:15:00,0.6116,0.6172,0.5593,0.6166,0.6018,False,False,True,True,9.33928571428582,30.892857142857462,False
ADAUSDT,low,2025-01-20,True,True,False,2025-01-28 11:00:00,2025-01-27 07:15:00,0.944,0.9448,2025-01-28 09:15:00,2025-01-30 03:45:00,2025-02-02 16:15:00,2025-01-28 16:15:00,0.9433,0.9679,0.856,0.9875,0.9581,False,False,True,True,3.548780487804886,14.756097560975636,False
ADAUSDT,low,2025-02-17,True,True,False,2025-02-26 03:15:00,2025-02-25 10:15:00,0.6754,0.6755,2025-02-26 00:30:00,2025-03-02 15:15:00,2025-02-27 20:45:00,2025-02-26 12:30:00,0.6727,0.695,0.6299,0.7088,0.6935,True,False,False,True,1.9192825112107612,7.991031390134535,False
ADAUSDT,low,2025-03-17,True,False,True,,,,,,,,,,,,,,,,,,,,
ADAUSDT,low,2025-08-18,True,True,False,2025-09-28 23:00:00,2025-09-25 17:45:00,0.7928,0.8037,2025-09-28 21:45:00,2025-09-29 14:15:00,2025-10-10 20:45:00,2025-09-29 11:00:00,0.7898,0.8117,0.7537,0.8111,0.8029,False,False,True,True,1.648401826484012,12.771689497716874,True
ADAUSDT,low,2025-09-15,True,True,False,2025-10-01 16:15:00,2025-09-25 17:45:00,0.8364,0.838,2025-10-01 15:00:00,2025-10-01 18:45:00,2025-10-10 20:45:00,2025-10-01 16:45:00,0.835,0.8434,0.7537,0.846,0.8276,False,False,True,True,9.678571428571335,15.47619047619034,True
ADAUSDT,low,2025-10-20,True,True,False,2025-10-31 12:15:00,2025-10-30 19:45:00,0.6081,0.6117,2025-10-31 11:15:00,,2025-11-03 03:00:00,2025-10-31 16:30:00,0.6075,0.6199,0.5859,0.6283,0.6075,True,True,True,False,1.7419354838709775,12.879032258064557,False
ADAUSDT,low,2025-11-24,True,False,True,,,,,,,,,,,,,,,,,,,,
ADAUSDT,low,2026-06-08,True,True,False,2026-06-25 05:15:00,2026-06-24 17:45:00,0.1469,0.147,2026-06-25 04:00:00,2026-07-01 03:45:00,2026-06-25 13:45:00,2026-06-25 12:15:00,0.1463,0.1507,0.1394,0.1501,0.1488,True,False,False,True,1.5681818181818266,19.727272727272787,False
ADAUSDT,high,2020-03-16,True,True,False,2020-04-27 14:45:00,2020-04-27 03:00:00,0.04567,0.04547,2020-04-27 13:45:00,2020-05-10 00:15:00,2020-04-28 03:45:00,2020-04-27 22:15:00,0.04651,0.04421,0.04771,0.04358,0.04442,True,False,True,True,0.5217391304347817,10.404347826086893,False
ADAUSDT,high,2020-03-23,True,False,True,,,,,,,,,,,,,,,,,,,,
ADAUSDT,high,2020-05-11,True,True,False,2020-05-21 18:45:00,2020-05-20 08:15:00,0.05311,0.05295,2020-05-21 16:30:00,,2020-05-28 12:30:00,2020-05-22 07:45:00,0.05323,0.05018,0.0577,0.05161,0.05378,True,True,True,False,1.4655737704918053,4.068852459016362,True
ADAUSDT,high,2020-07-13,True,True,False,2020-08-02 04:30:00,2020-07-26 07:00:00,0.14941,0.14893,2020-08-02 03:45:00,2020-08-12 06:00:00,,2020-08-09 01:45:00,0.1501,0.1257,0.15523,0.1229,0.12946,False,False,False,True,0.21024590163934403,1.304508196721311,True
ADAUSDT,high,2020-11-09,True,True,False,2020-11-26 03:30:00,2020-11-24 05:30:00,0.16144,0.15932,2020-11-26 01:00:00,,2020-12-29 00:00:00,2020-11-28 13:30:00,0.16674,0.11698,0.18434,0.11271,0.1182,True,True,True,False,0.35369774919614155,-0.5273311897106129,False
ADAUSDT,high,2020-11-30,True,True,False,2020-12-30 09:00:00,2020-12-29 13:00:00,0.18313,0.17935,2020-12-30 08:00:00,2020-12-31 13:00:00,2021-01-03 13:30:00,2020-12-30 20:15:00,0.18486,0.1753,0.19771,0.17434,0.17637,False,False,True,True,1.344142259414228,6.991631799163195,True
ADAUSDT,high,2021-01-18,False,False,False,,,,,,,,,,,,,,,,,,,,
ADAUSDT,high,2021-01-25,False,False,False,,,,,,,,,,,,,,,,,,,,
ADAUSDT,high,2021-03-01,True,False,True,,,,,,,,,,,,,,,,,,,,
ADAUSDT,high,2021-03-22,True,False,True,,,,,,,,,,,,,,,,,,,,
ADAUSDT,high,2021-03-29,True,False,True,,,,,,,,,,,,,,,,,,,,
ADAUSDT,high,2021-11-01,True,True,False,2021-11-10 04:00:00,2021-11-09 14:30:00,2.2545,2.2451,2021-11-10 02:15:00,2021-11-10 19:45:00,,2021-11-10 13:45:00,2.255,2.1914,2.3786,2.169,2.2348,False,False,False,True,1.9433962264150937,5.9103773584905515,True
ADAUSDT,high,2022-08-01,True,True,False,2022-08-15 08:15:00,2022-08-14 03:00:00,0.5547,0.5522,2022-08-15 07:30:00,2022-08-15 23:00:00,,2022-08-15 10:45:00,0.5567,0.5445,0.5948,0.5444,0.5541,False,False,False,True,3.122950819672136,8.704918032786882,True
ADAUSDT,high,2023-04-03,True,False,True,,,,,,,,,,,,,,,,,,,,
ADAUSDT,high,2023-06-12,True,False,True,,,,,,,,,,,,,,,,,,,,
ADAUSDT,high,2023-06-26,True,True,False,2023-07-18 16:45:00,2023-07-14 00:15:00,0.3064,0.3036,2023-07-18 16:15:00,2023-08-01 02:00:00,,2023-07-18 18:15:00,0.3069,0.2985,0.3795,0.2894,0.3099,False,False,False,True,8.642857142857123,6.095238095238065,True
ADAUSDT,high,2023-11-20,True,False,True,,,,,,,,,,,,,,,,,,,,
ADAUSDT,high,2024-06-24,True,False,True,,,,,,,,,,,,,,,,,,,,
ADAUSDT,high,2024-08-12,True,False,True,,,,,,,,,,,,,,,,,,,,
ADAUSDT,high,2024-10-28,False,False,False,,,,,,,,,,,,,,,,,,,,
ADAUSDT,high,2024-12-23,True,False,True,,,,,,,,,,,,,,,,,,,,
ADAUSDT,high,2025-04-14,True,True,False,2025-04-24 08:45:00,2025-04-23 13:30:00,0.6893,0.6869,2025-04-24 06:30:00,2025-04-30 13:30:00,2025-04-24 15:00:00,2025-04-24 10:45:00,0.6904,0.6699,0.718,0.6594,0.6772,True,False,True,True,1.3463414634146345,6.604878048780493,False
ADAUSDT,high,2025-04-28,True,True,False,2025-05-15 14:45:00,2025-05-12 13:15:00,0.7785,0.7742,2025-05-15 12:30:00,2025-05-17 01:15:00,,2025-05-15 16:45:00,0.7875,0.7441,0.8641,0.7412,0.7526,False,False,False,True,1.7649769585253459,2.052995391705071,True
ADAUSDT,high,2025-06-23,False,False,False,,,,,,,,,,,,,,,,,,,,
ADAUSDT,high,2025-08-04,True,True,False,2025-08-20 11:45:00,2025-08-14 07:00:00,0.8587,0.847,2025-08-20 11:00:00,2025-08-22 11:30:00,,2025-08-20 12:30:00,0.8609,0.8364,1.0199,0.8149,0.838,False,False,False,True,6.489795918367357,6.828571428571438,True
ADAUSDT,high,2026-02-09,True,True,False,2026-02-26 16:45:00,2026-02-25 21:30:00,0.2942,0.2937,2026-02-26 15:15:00,2026-02-27 11:30:00,,2026-02-27 05:00:00,0.2943,0.2818,0.3134,0.2712,0.2904,False,False,False,True,1.5279999999999991,7.607999999999985,True
ADAUSDT,high,2026-02-16,True,True,False,2026-02-26 16:45:00,2026-02-25 21:30:00,0.2942,0.2937,2026-02-26 15:15:00,2026-02-27 11:30:00,,2026-02-27 05:00:00,0.2943,0.2818,0.3134,0.2712,0.2904,False,False,False,True,1.5279999999999991,4.711999999999996,True
ADAUSDT,high,2026-03-09,True,False,True,,,,,,,,,,,,,,,,,,,,
ADAUSDT,high,2026-03-30,True,False,True,,,,,,,,,,,,,,,,,,,,
ADAUSDT,high,2026-04-20,True,True,False,2026-05-07 17:15:00,2026-05-06 09:45:00,0.2634,0.2626,2026-05-07 16:30:00,2026-05-15 13:45:00,2026-05-08 21:30:00,2026-05-07 20:00:00,0.2638,0.2594,0.2737,0.2588,0.2598,True,False,False,True,2.2500000000000253,8.250000000000089,False
ADAUSDT,high,2026-07-06,True,False,True,,,,,,,,,,,,,,,,,,,,
ADAUSDT,high,2026-08-31,True,True,False,2026-09-09 03:30:00,2026-09-08 16:00:00,0.2209,0.2204,2026-09-09 00:00:00,2026-09-09 15:00:00,2026-09-19 02:30:00,2026-09-09 07:15:00,0.2211,0.2157,0.2321,0.2146,0.217,False,False,True,True,2.0370370370370434,8.833333333333362,True
BNBUSDT,low,2021-03-15,True,False,True,,,,,,,,,,,,,,,,,,,,
BNBUSDT,low,2021-06-07,True,False,True,,,,,,,,,,,,,,,,,,,,
BNBUSDT,low,2021-08-30,False,False,False,,,,,,,,,,,,,,,,,,,,
BNBUSDT,low,2021-09-13,True,False,True,,,,,,,,,,,,,,,,,,,,
BNBUSDT,low,2021-11-08,True,False,True,,,,,,,,,,,,,,,,,,,,
BNBUSDT,low,2021-11-22,True,False,True,,,,,,,,,,,,,,,,,,,,
BNBUSDT,low,2021-12-06,True,True,False,2022-01-13 00:00:00,2022-01-10 14:30:00,484.28,485.6,2022-01-12 23:45:00,2022-01-14 06:00:00,2022-01-21 20:45:00,2022-01-13 00:45:00,482.06,488.5,406.46,491.0,475.7,False,False,False,True,11.739130434782616,25.535714285714292,True
BNBUSDT,low,2022-01-24,True,False,True,,,,,,,,,,,,,,,,,,,,
BNBUSDT,low,2022-05-16,True,True,False,2022-06-14 07:45:00,2022-06-14 02:30:00,224.74,225.7,2022-06-14 07:00:00,2022-06-15 22:15:00,2022-06-15 08:00:00,2022-06-14 09:45:00,223.23,231.34,203.81,230.2,228.1,True,False,False,True,2.3945745992601672,18.451294697903794,False
BNBUSDT,low,2022-05-30,True,True,False,2022-06-10 14:15:00,2022-06-07 11:15:00,287.63,289.5,2022-06-10 13:30:00,,2022-06-11 14:30:00,2022-06-10 16:15:00,286.62,299.3,273.2,298.64,295.24,True,True,True,False,1.0583596214511048,3.4779179810725553,False
BNBUSDT,low,2022-11-14,True,False,True,,,,,,,,,,,,,,,,,,,,
BNBUSDT,low,2022-11-28,True,True,False,2022-12-18 22:30:00,2022-12-17 02:00:00,247.62,247.96,2022-12-18 21:15:00,2023-01-04 03:00:00,,2022-12-19 03:30:00,246.11,254.2,218.93,260.5,251.72,False,False,False,True,3.3597033374536576,8.142150803461089,True
BNBUSDT,low,2023-02-06,True,True,False,2023-02-14 13:30:00,2023-02-13 16:30:00,291.83,292.62,2023-02-14 11:45:00,2023-02-14 14:45:00,2023-03-09 19:00:00,2023-02-14 14:15:00,291.81,297.0,282.38,304.39,294.59,False,False,False,True,1.8169556840077092,5.439306358381509,True
BNBUSDT,low,2023-02-20,True,True,False,2023-03-11 01:45:00,2023-03-10 10:30:00,276.51,277.17,2023-03-11 00:45:00,2023-03-12 18:30:00,,2023-03-11 07:30:00,272.37,281.68,264.51,288.12,279.9,False,False,False,True,0.8442534908700334,3.8356605800214854,True
BNBUSDT,low,2023-04-17,True,True,False,2023-05-10 20:45:00,2023-05-10 17:15:00,311.87,314.31,2023-05-10 19:00:00,2023-05-29 11:45:00,2023-05-11 17:15:00,2023-05-11 04:15:00,311.62,316.56,306.4,315.57,313.65,True,False,True,True,1.056680161943326,8.1174089068826,False
BNBUSDT,low,2023-04-24,True,True,False,2023-05-10 20:45:00,2023-05-10 17:15:00,311.87,314.31,2023-05-10 19:00:00,2023-05-29 11:45:00,2023-05-11 17:15:00,2023-05-11 04:15:00,311.62,316.56,306.4,315.57,313.65,True,False,True,True,1.056680161943326,6.465587044534427,False
BNBUSDT,low,2023-05-01,False,False,False,,,,,,,,,,,,,,,,,,,,
BNBUSDT,low,2023-05-15,False,False,False,,,,,,,,,,,,,,,,,,,,
BNBUSDT,low,2023-07-17,True,True,False,2023-08-29 14:15:00,2023-08-22 16:15:00,217.55,217.92,2023-08-29 13:30:00,,,2023-08-31 18:30:00,217.16,239.0,202.64,232.67,232.32,False,False,False,False,0.6648351648351652,0.7573260073260069,True
BNBUSDT,low,2023-08-07,True,True,False,2023-08-29 14:15:00,2023-08-22 16:15:00,217.55,217.92,2023-08-29 13:30:00,,,2023-08-31 18:30:00,217.16,239.0,202.64,236.22,234.84,False,True,True,False,0.6648351648351652,-0.1652930402930409,True
BNBUSDT,low,2024-12-09,True,False,True,,,,,,,,,,,,,,,,,,,,
BNBUSDT,low,2025-01-20,True,True,False,2025-01-28 00:00:00,2025-01-27 07:15:00,677.88,679.47,2025-01-27 23:15:00,2025-01-28 04:30:00,2025-02-02 16:45:00,2025-01-28 01:15:00,676.4,682.16,635.98,683.23,669.7,False,False,True,True,7.017361111111115,16.203125000000014,True
BNBUSDT,low,2025-02-17,True,False,True,,,,,,,,,,,,,,,,,,,,
BNBUSDT,low,2025-10-20,False,False,False,,,,,,,,,,,,,,,,,,,,
BNBUSDT,low,2025-11-10,True,False,True,,,,,,,,,,,,,,,,,,,,
BNBUSDT,low,2026-02-09,True,True,False,2026-04-04 19:15:00,2026-04-02 13:30:00,591.87,592.74,2026-04-04 17:45:00,2026-04-05 22:45:00,,2026-04-05 06:00:00,588.88,596.89,570.71,609.62,592.88,False,False,False,True,2.2684144818976253,28.54681647940078,True
BNBUSDT,low,2026-02-16,True,False,True,,,,,,,,,,,,,,,,,,,,
BNBUSDT,low,2026-06-08,True,True,False,2026-06-26 00:30:00,2026-06-25 13:45:00,559.45,562.01,2026-06-25 23:00:00,2026-06-26 06:30:00,2026-07-01 01:00:00,2026-06-26 01:15:00,558.27,564.66,540.5,573.96,563.78,False,False,False,True,2.780907668231615,27.52895148669802,False
BNBUSDT,high,2020-03-16,True,True,False,2020-04-30 10:00:00,2020-04-30 03:45:00,17.594,17.116,2020-04-30 08:45:00,2020-05-04 05:30:00,2020-05-31 01:15:00,2020-05-01 04:30:00,17.611,16.32,18.137,16.626,16.799,False,False,False,True,0.4074360960495737,8.58481797056545,True
BNBUSDT,high,2020-03-23,False,False,False,,,,,,,,,,,,,,,,,,,,
BNBUSDT,high,2020-04-20,True,True,False,2020-04-30 10:00:00,2020-04-30 03:45:00,17.594,17.116,2020-04-30 08:45:00,2020-05-04 05:30:00,2020-05-31 01:15:00,2020-05-01 04:30:00,17.611,16.32,18.137,16.626,16.799,False,False,False,True,0.4074360960495737,1.963594113090627,True
BNBUSDT,high,2020-05-11,True,False,True,,,,,,,,,,,,,,,,,,,,
BNBUSDT,high,2020-06-29,False,False,False,,,,,,,,,,,,,,,,,,,,
BNBUSDT,high,2020-10-05,True,True,False,2020-10-20 17:45:00,2020-10-16 01:30:00,28.99,28.92,2020-10-20 15:15:00,2020-10-30 05:45:00,2020-10-27 13:45:00,2020-10-21 00:15:00,29.076,28.5,31.891,28.58,28.835,True,False,False,True,4.88715277777777,7.729166666666656,False
BNBUSDT,high,2020-10-19,True,False,True,,,,,,,,,,,,,,,,,,,,
BNBUSDT,high,2020-11-09,True,True,False,2020-11-22 09:00:00,2020-11-22 00:30:00,30.081,29.786,2020-11-22 08:00:00,2020-11-22 11:30:00,2020-11-24 00:15:00,2020-11-22 09:30:00,30.135,29.536,31.362,29.63,29.835,False,False,True,True,2.048414023372281,6.621035058430712,False
BNBUSDT,high,2020-11-30,True,True,False,2020-12-20 22:00:00,2020-12-20 14:15:00,35.299,34.936,2020-12-20 21:00:00,2020-12-21 10:15:00,2020-12-28 10:00:00,2020-12-21 01:30:00,35.398,32.6,35.7,33.57,33.573,False,False,True,True,0.10793423874195833,3.2305218012866317,True
BNBUSDT,high,2020-12-21,False,False,False,,,,,,,,,,,,,,,,,,,,
BNBUSDT,high,2021-01-25,False,False,False,,,,,,,,,,,,,,,,,,,,
BNBUSDT,high,2021-02-22,True,True,False,2021-04-07 12:15:00,2021-04-07 06:00:00,397.061,394.8,2021-04-07 09:30:00,,2021-04-08 14:00:00,2021-04-08 03:45:00,397.328,356.777,414.784,346.988,359.325,True,True,True,False,0.4304702720031571,4.574067223989547,False
BNBUSDT,high,2021-03-01,True,False,True,,,,,,,,,,,,,,,,,,,,
BNBUSDT,high,2021-04-19,True,False,True,,,,,,,,,,,,,,,,,,,,
BNBUSDT,high,2021-06-28,True,True,False,2021-08-02 01:15:00,2021-08-01 03:45:00,334.5,332.6,2021-08-02 00:00:00,2021-08-03 02:00:00,2021-08-07 02:15:00,2021-08-02 06:30:00,334.77,326.36,348.15,323.55,326.48,False,False,True,True,1.5909631391201007,14.857312722948931,True
BNBUSDT,high,2021-12-20,True,False,True,,,,,,,,,,,,,,,,,,,,
BNBUSDT,high,2022-03-07,True,True,False,2022-03-28 23:45:00,2022-03-28 13:45:00,436.62,435.87,2022-03-28 22:30:00,2022-03-30 01:30:00,2022-03-29 12:00:00,2022-03-29 06:15:00,436.91,427.55,441.13,418.75,428.17,True,False,False,True,0.45085470085469703,7.082264957264949,False
BNBUSDT,high,2022-06-20,True,True,False,2022-07-19 04:00:00,2022-07-19 00:00:00,261.58,260.36,2022-07-19 03:15:00,2022-07-21 02:15:00,2022-07-19 16:30:00,2022-07-19 10:30:00,262.13,255.65,267.67,255.32,259.16,True,False,True,True,0.8549382716049427,10.867283950617296,False
BNBUSDT,high,2022-06-27,True,True,False,2022-07-08 09:00:00,2022-07-08 01:15:00,242.28,241.68,2022-07-08 08:00:00,2022-07-10 02:15:00,2022-07-16 17:15:00,2022-07-08 19:30:00,242.64,236.8,249.0,238.47,239.26,False,False,True,True,1.089041095890418,7.4948630136986685,True
BNBUSDT,high,2022-10-17,False,False,False,,,,,,,,,,,,,,,,,,,,
BNBUSDT,high,2022-12-19,True,True,False,2023-01-18 16:45:00,2023-01-14 06:45:00,303.94,301.97,2023-01-18 15:00:00,,2023-01-24 02:15:00,2023-01-20 23:00:00,305.04,281.1,315.3,279.75,283.83,True,False,False,False,0.4285714285714282,1.9845446950710106,False
BNBUSDT,high,2022-12-26,False,False,False,,,,,,,,,,,,,,,,,,,,
BNBUSDT,high,2023-01-16,True,True,False,2023-01-25 01:15:00,2023-01-24 03:45:00,302.29,299.45,2023-01-25 00:45:00,2023-02-13 09:00:00,2023-02-02 03:15:00,2023-01-25 05:15:00,302.64,292.8,324.08,294.83,300.0,True,False,False,True,2.1788617886178914,5.883130081300832,False
BNBUSDT,high,2023-03-20,True,False,True,,,,,,,,,,,,,,,,,,,,
BNBUSDT,high,2023-09-25,True,False,True,,,,,,,,,,,,,,,,,,,,
BNBUSDT,high,2024-01-01,False,False,False,,,,,,,,,,,,,,,,,,,,
BNBUSDT,high,2024-01-08,False,False,False,,,,,,,,,,,,,,,,,,,,
BNBUSDT,high,2024-01-29,True,True,False,2024-02-10 10:45:00,2024-02-09 12:00:00,322.26,321.54,2024-02-10 10:00:00,2024-02-12 02:30:00,2024-02-12 19:00:00,2024-02-10 20:30:00,322.27,318.49,325.82,319.48,319.62,False,False,True,True,0.939153439153449,8.007936507936575,True
BNBUSDT,high,2024-04-15,True,False,True,,,,,,,,,,,,,,,,,,,,
BNBUSDT,high,2024-05-27,True,True,False,2024-06-11 09:30:00,2024-06-06 13:45:00,614.0,611.49,2024-06-11 09:00:00,2024-06-11 11:00:00,,2024-06-11 10:15:00,614.42,606.0,723.2,610.66,625.81,False,False,False,True,12.919239904988197,9.90023752969126,True
BNBUSDT,high,2024-07-08,True,True,False,2024-07-22 23:45:00,2024-07-22 00:45:00,591.75,590.17,2024-07-22 23:30:00,2024-07-23 04:30:00,,2024-07-23 01:00:00,592.87,585.76,606.02,573.74,588.59,False,False,False,True,1.8495077355836782,18.495077355836813,True
BNBUSDT,high,2024-10-07,True,True,False,2024-10-17 18:00:00,2024-10-17 01:45:00,593.0,591.17,2024-10-17 17:00:00,2024-10-23 07:45:00,2024-10-20 23:15:00,2024-10-18 00:15:00,593.08,584.56,606.68,581.94,587.4,True,False,True,True,1.5962441314553706,7.678403755868467,False
BNBUSDT,high,2024-11-25,True,True,False,2024-12-09 21:00:00,2024-12-04 10:15:00,721.8,721.58,2024-12-09 19:15:00,2024-12-20 10:00:00,,2024-12-12 03:15:00,723.6,633.0,794.0,651.95,688.24,False,False,False,True,0.777041942604856,0.6602649006622521,True
BNBUSDT,high,2024-12-23,True,False,True,,,,,,,,,,,,,,,,,,,,
BNBUSDT,high,2024-12-30,True,False,True,,,,,,,,,,,,,,,,,,,,
BNBUSDT,high,2025-04-14,True,True,False,2025-04-24 08:45:00,2025-04-22 23:45:00,606.79,605.26,2025-04-24 07:00:00,2025-04-30 13:45:00,2025-05-08 15:15:00,2025-04-25 06:00:00,607.54,592.52,620.26,597.45,598.58,False,False,True,True,0.8468708388814942,5.515978695073252,True
BNBUSDT,high,2025-06-23,True,False,True,,,,,,,,,,,,,,,,,,,,
BNBUSDT,high,2025-08-04,True,False,True,,,,,,,,,,,,,,,,,,,,
BNBUSDT,high,2025-08-25,False,False,False,,,,,,,,,,,,,,,,,,,,
BNBUSDT,high,2025-09-22,True,True,False,2025-10-03 08:15:00,2025-10-03 04:15:00,1100.52,1093.56,2025-10-03 06:30:00,2025-10-10 21:00:00,2025-10-03 09:15:00,2025-10-03 09:00:00,1105.18,1084.5,1113.47,1077.74,1084.78,True,True,True,True,0.4008704061895521,7.368471953578308,False
BNBUSDT,high,2025-11-24,True,True,False,2026-01-14 11:45:00,2026-01-14 02:15:00,939.38,937.31,2026-01-14 10:15:00,2026-01-15 19:00:00,2026-01-17 15:45:00,2026-01-14 14:45:00,942.13,928.88,955.65,917.29,940.71,False,False,False,True,1.0203773584905647,11.369811320754732,False
BNBUSDT,high,2025-12-08,True,True,False,2026-01-14 11:45:00,2026-01-14 02:15:00,939.38,937.31,2026-01-14 10:15:00,2026-01-15 19:00:00,2026-01-17 15:45:00,2026-01-14 14:45:00,942.13,928.88,955.65,917.29,940.71,False,False,False,True,1.0203773584905647,8.621132075471708,False
BNBUSDT,high,2025-12-22,True,True,False,2026-01-05 04:30:00,2026-01-05 01:30:00,902.66,901.19,2026-01-05 03:00:00,2026-01-08 06:00:00,2026-01-05 11:30:00,2026-01-05 10:15:00,904.87,890.74,907.65,890.66,892.85,True,False,False,True,0.19674451521585093,4.880396319886762,False
BNBUSDT,high,2026-07-06,True,False,True,,,,,,,,,,,,,,,,,,,,
BNBUSDT,high,2026-07-20,True,False,True,,,,,,,,,,,,,,,,,,,,
BNBUSDT,high,2026-08-24,True,False,True,,,,,,,,,,,,,,,,,,,,
BTCUSDT,low,2021-05-31,True,False,True,,,,,,,,,,,,,,,,,,,,
BTCUSDT,low,2021-09-13,True,True,False,2021-09-23 06:45:00,2021-09-21 21:15:00,43682.01,43823.92,2021-09-23 06:15:00,2021-09-23 17:15:00,,2021-09-23 10:15:00,43551.88,44413.45,39503.58,44377.55,44148.84,False,False,False,True,4.698747635131211,14.306301287185024,True
BTCUSDT,low,2021-12-06,True,True,False,2022-01-09 20:00:00,2022-01-07 15:45:00,41882.76,42025.87,2022-01-09 18:45:00,2022-01-11 16:30:00,2022-01-10 14:15:00,2022-01-09 23:15:00,41814.72,42773.85,40456.56,43000.0,41931.0,True,False,False,True,1.4160332801601527,20.082710372942202,False
BTCUSDT,low,2022-05-16,False,False,False,,,,,,,,,,,,,,,,,,,,
BTCUSDT,low,2022-08-29,True,False,True,,,,,,,,,,,,,,,,,,,,
BTCUSDT,low,2022-11-14,True,False,True,,,,,,,,,,,,,,,,,,,,
BTCUSDT,low,2023-05-01,True,False,True,,,,,,,,,,,,,,,,,,,,
BTCUSDT,low,2023-05-15,True,False,True,,,,,,,,,,,,,,,,,,,,
BTCUSDT,low,2023-09-04,True,False,True,,,,,,,,,,,,,,,,,,,,
BTCUSDT,low,2024-12-23,True,False,True,,,,,,,,,,,,,,,,,,,,
BTCUSDT,low,2025-02-10,True,False,True,,,,,,,,,,,,,,,,,,,,
BTCUSDT,low,2025-03-03,True,False,True,,,,,,,,,,,,,,,,,,,,
BTCUSDT,low,2025-05-26,True,False,True,,,,,,,,,,,,,,,,,,,,
BTCUSDT,low,2025-10-13,True,False,True,,,,,,,,,,,,,,,,,,,,
BTCUSDT,low,2026-02-16,True,False,True,,,,,,,,,,,,,,,,,,,,
BTCUSDT,low,2026-06-08,True,True,False,2026-06-26 07:30:00,2026-06-25 13:45:00,59666.2,59925.1,2026-06-26 06:00:00,2026-06-27 15:00:00,2026-07-01 01:00:00,2026-06-26 10:30:00,59532.0,60734.0,58030.0,62272.1,60649.1,False,False,False,True,1.2495840266222962,12.847337770382696,False
BTCUSDT,high,2020-01-20,True,True,False,2020-01-30 00:30:00,2020-01-29 21:15:00,9370.34,9351.81,2020-01-29 23:15:00,2020-02-02 04:00:00,2020-01-30 16:15:00,2020-01-30 07:15:00,9372.25,9210.42,9460.52,9052.27,9291.5,True,False,True,True,0.545448927887292,6.083977012914788,False
BTCUSDT,high,2020-03-16,True,True,False,2020-05-10 00:15:00,2020-05-07 23:45:00,9646.0,9580.0,2020-05-09 23:30:00,,2020-06-01 23:00:00,2020-05-14 09:00:00,9685.51,7940.0,10080.0,7964.4,8121.03,True,False,False,False,0.22600271553872492,1.7515224776712828,False
BTCUSDT,high,2020-05-11,True,False,True,,,,,,,,,,,,,,,,,,,,
BTCUSDT,high,2020-06-29,False,False,False,,,,,,,,,,,,,,,,,,,,
BTCUSDT,high,2020-08-03,True,True,False,2020-08-19 06:15:00,2020-08-17 16:00:00,11800.91,11775.13,2020-08-19 05:00:00,2020-08-19 20:15:00,,2020-08-19 07:00:00,11803.35,11620.0,12499.42,11549.75,11670.01,False,False,False,True,3.796400327242969,14.052577038451016,True
BTCUSDT,high,2020-09-07,False,False,False,,,,,,,,,,,,,,,,,,,,
BTCUSDT,high,2021-01-11,False,False,False,,,,,,,,,,,,,,,,,,,,
BTCUSDT,high,2021-03-01,True,True,False,2021-03-12 13:15:00,2021-03-11 23:00:00,56915.66,56605.2,2021-03-12 12:00:00,2021-03-15 09:30:00,2021-03-13 10:00:00,2021-03-12 15:45:00,57014.47,55074.3,58283.0,56338.0,56342.0,True,False,False,True,0.6538241494302045,7.81746960317911,False
BTCUSDT,high,2021-03-15,True,True,False,2021-04-14 15:30:00,2021-04-14 06:00:00,63498.71,63228.69,2021-04-14 15:15:00,2021-04-14 17:45:00,,2021-04-14 16:45:00,63569.54,62400.0,64986.11,61550.0,62617.85,False,False,False,True,1.2112197958171578,9.422901311626786,True
BTCUSDT,high,2021-08-02,True,True,False,2021-08-15 13:45:00,2021-08-14 09:30:00,46143.0,46084.0,2021-08-15 11:30:00,2021-08-17 00:15:00,2021-08-20 14:30:00,2021-08-15 14:00:00,46348.21,45480.0,48300.0,45380.0,45950.0,False,False,False,True,2.248062104790319,17.050598357540245,True
BTCUSDT,high,2022-03-14,True,False,True,,,,,,,,,,,,,,,,,,,,
BTCUSDT,high,2022-08-01,True,False,True,,,,,,,,,,,,,,,,,,,,
BTCUSDT,high,2022-10-17,True,True,False,2022-10-28 12:30:00,2022-10-26 14:30:00,20200.0,20173.3,2022-10-28 11:30:00,2022-11-08 04:00:00,2022-10-29 10:15:00,2022-10-28 13:00:00,20261.9,19951.0,21030.0,19799.9,19970.6,True,False,False,True,2.470569314892232,5.519781280154372,False
BTCUSDT,high,2022-12-26,False,False,False,,,,,,,,,,,,,,,,,,,,
BTCUSDT,high,2023-04-03,True,True,False,2023-04-20 12:15:00,2023-04-14 06:45:00,28857.6,28775.0,2023-04-20 10:45:00,2023-04-20 16:00:00,,2023-04-20 12:45:00,28876.3,28300.0,31059.0,28590.0,29058.0,False,False,False,True,3.787437098733305,5.228700329689403,True
BTCUSDT,high,2023-06-26,True,False,True,,,,,,,,,,,,,,,,,,,,
BTCUSDT,high,2023-08-21,False,False,False,,,,,,,,,,,,,,,,,,,,
BTCUSDT,high,2023-12-11,True,True,False,2024-01-02 21:00:00,2024-01-02 09:00:00,45223.1,45032.0,2024-01-02 20:15:00,2024-01-03 11:15:00,2024-01-08 18:00:00,2024-01-03 01:30:00,45273.5,44598.0,45950.0,44266.0,45153.0,False,False,True,True,1.001480384900074,6.387416728349377,True
BTCUSDT,high,2023-12-25,True,True,False,2024-01-02 21:00:00,2024-01-02 09:00:00,45223.1,45032.0,2024-01-02 20:15:00,2024-01-03 11:15:00,2024-01-08 18:00:00,2024-01-03 01:30:00,45273.5,44598.0,45950.0,44266.0,45153.0,False,False,True,True,1.001480384900074,4.649444855662468,True
BTCUSDT,high,2024-05-27,True,False,True,,,,,,,,,,,,,,,,,,,,
BTCUSDT,high,2024-07-08,True,True,False,2024-07-16 08:30:00,2024-07-16 04:00:00,63861.0,63416.2,2024-07-16 06:15:00,2024-08-01 17:30:00,2024-07-16 16:00:00,2024-07-16 12:15:00,64121.6,62350.0,64988.8,61412.4,62400.0,True,False,False,True,0.48950101603070956,5.783980582524277,False
BTCUSDT,high,2024-08-12,True,True,False,2024-08-26 09:30:00,2024-08-25 23:15:00,63842.3,63731.3,2024-08-26 08:30:00,2024-08-26 15:15:00,2024-09-26 14:15:00,2024-08-26 10:00:00,63918.0,63074.5,65175.4,62307.6,63435.1,False,False,False,True,1.4906935388263207,15.018850029638404,True
BTCUSDT,high,2024-11-25,True,True,False,2024-12-05 22:15:00,2024-12-05 03:00:00,99542.9,99269.9,2024-12-05 21:00:00,2025-01-13 14:30:00,2024-12-15 23:15:00,2024-12-06 17:30:00,100722.2,90200.0,104630.4,96634.6,97189.3,True,False,False,True,0.37142422687270704,0.8720324646936952,True
BTCUSDT,high,2025-06-23,True,False,True,,,,,,,,,,,,,,,,,,,,
BTCUSDT,high,2025-08-04,True,False,True,,,,,,,,,,,,,,,,,,,,
BTCUSDT,high,2025-10-20,True,True,False,2025-10-28 00:45:00,2025-10-27 07:00:00,114331.3,113964.0,2025-10-28 00:15:00,2025-10-28 02:45:00,,2025-10-28 01:30:00,114421.7,113710.0,116380.2,113774.5,114300.0,False,False,False,True,2.75186173949699,19.576085429253983,True
BTCUSDT,high,2025-11-24,True,True,False,2026-01-15 03:30:00,2026-01-14 20:00:00,96574.8,96358.9,2026-01-15 02:30:00,2026-01-15 14:45:00,,2026-01-15 07:45:00,96601.2,95733.1,97932.1,95288.0,96180.0,False,False,False,True,1.5331183043428431,17.07545213685076,True
BTCUSDT,high,2026-03-09,True,True,False,2026-03-17 13:45:00,2026-03-17 01:30:00,74167.2,73769.0,2026-03-17 13:30:00,2026-03-18 11:30:00,2026-04-14 14:30:00,2026-03-17 14:30:00,74198.9,73330.3,75998.9,73199.9,73345.9,False,False,False,True,2.072300253281163,9.969721390743839,True
BTCUSDT,high,2026-03-30,True,True,False,2026-04-09 01:15:00,2026-04-08 13:15:00,71726.7,71604.0,2026-04-08 21:15:00,,2026-04-09 22:15:00,2026-04-09 15:30:00,72045.3,70428.0,72858.5,69068.6,71186.0,True,True,True,False,0.5028133308600727,4.35064613862609,False
BTCUSDT,high,2026-08-03,False,False,False,,,,,,,,,,,,,,,,,,,,
BTCUSDT,high,2026-08-10,False,False,False,,,,,,,,,,,,,,,,,,,,
DOGEUSDT,low,2020-08-03,True,True,False,2020-09-04 22:30:00,2020-09-04 07:30:00,0.002824,0.002849,2020-09-04 19:30:00,,2020-09-05 18:45:00,2020-09-05 09:45:00,0.002816,0.00296,0.002691,0.003005,0.002944,True,False,False,False,0.8680555555555561,4.791666666666666,False
DOGEUSDT,low,2021-03-15,True,True,False,2021-03-25 22:15:00,2021-03-25 16:00:00,0.05145,0.051932,2021-03-25 20:45:00,2021-03-26 05:00:00,,2021-03-25 22:45:00,0.051434,0.052505,0.049594,0.053368,0.052223,False,False,False,True,1.7180205415499505,11.329598506069066,True
DOGEUSDT,low,2021-05-24,True,False,True,,,,,,,,,,,,,,,,,,,,
DOGEUSDT,low,2021-06-07,False,False,False,,,,,,,,,,,,,,,,,,,,
DOGEUSDT,low,2021-06-28,True,False,True,,,,,,,,,,,,,,,,,,,,
DOGEUSDT,low,2021-08-30,False,False,False,,,,,,,,,,,,,,,,,,,,
DOGEUSDT,low,2021-09-13,True,True,False,2021-09-22 20:45:00,2021-09-21 23:30:00,0.22111,0.22329,2021-09-22 20:00:00,2021-10-04 13:15:00,2021-09-24 11:15:00,2021-09-23 01:00:00,0.22043,0.2306,0.19739,0.23064,0.22423,True,False,False,True,2.265486725663712,13.4591937069813,False
DOGEUSDT,low,2021-11-01,True,False,True,,,,,,,,,,,,,,,,,,,,
DOGEUSDT,low,2021-12-06,True,False,True,,,,,,,,,,,,,,,,,,,,
DOGEUSDT,low,2021-12-20,True,True,False,2022-01-08 22:30:00,2022-01-08 18:00:00,0.14607,0.14671,2022-01-08 19:00:00,2022-01-11 11:30:00,2022-01-10 14:00:00,2022-01-10 13:45:00,0.14539,0.15473,0.14501,0.15944,0.15429,True,False,False,True,0.04068522483939945,6.715203426124174,False
DOGEUSDT,low,2021-12-27,True,False,True,,,,,,,,,,,,,,,,,,,,
DOGEUSDT,low,2022-01-24,True,True,False,2022-02-26 00:30:00,2022-02-24 05:45:00,0.12462,0.12525,2022-02-25 22:00:00,2022-02-28 22:30:00,,2022-02-27 01:00:00,0.12416,0.13047,0.10624,0.12926,0.12759,False,False,False,True,2.8399366085578475,10.058637083993666,True
DOGEUSDT,low,2022-05-16,True,True,False,2022-06-12 17:00:00,2022-06-12 14:15:00,0.06653,0.06823,2022-06-12 16:45:00,2022-06-21 14:00:00,2022-06-13 00:00:00,2022-06-12 19:15:00,0.06621,0.0695,0.06331,0.06916,0.06665,True,False,False,True,0.8814589665653492,16.62006079027352,False
DOGEUSDT,low,2022-05-30,True,True,False,2022-06-26 16:00:00,2022-06-18 20:00:00,0.07266,0.07348,2022-06-26 15:15:00,2022-06-26 21:45:00,,2022-06-26 19:30:00,0.07248,0.07539,0.04901,0.07562,0.07282,False,False,True,True,8.065292096219943,4.422680412371142,True
DOGEUSDT,low,2022-07-04,True,False,True,,,,,,,,,,,,,,,,,,,,
DOGEUSDT,low,2022-09-26,True,True,False,2022-10-13 22:15:00,2022-10-13 12:30:00,0.05946,0.05983,2022-10-13 21:30:00,2022-10-14 01:15:00,,2022-10-13 23:30:00,0.05945,0.06022,0.05491,0.05975,0.05906,False,False,False,True,5.8961038961039005,21.05194805194793,True
DOGEUSDT,low,2022-11-14,True,False,True,,,,,,,,,,,,,,,,,,,,
DOGEUSDT,low,2023-02-13,True,True,False,2023-02-26 20:30:00,2023-02-25 20:45:00,0.08192,0.08215,2023-02-26 20:15:00,2023-02-28 00:45:00,2023-03-03 01:15:00,2023-02-26 22:15:00,0.08159,0.08264,0.07822,0.08367,0.08178,False,False,True,True,3.2095238095237795,16.999999999999748,False
DOGEUSDT,low,2023-04-10,True,True,False,2023-04-27 18:30:00,2023-04-26 20:00:00,0.08002,0.08056,2023-04-27 18:00:00,2023-04-29 03:15:00,2023-05-08 01:30:00,2023-04-27 22:45:00,0.08,0.08097,0.07452,0.0826,0.07915,False,False,False,True,5.649484536082481,35.24742268041242,False
DOGEUSDT,low,2023-05-01,True,True,False,2023-05-17 19:00:00,2023-05-11 17:15:00,0.07292,0.07302,2023-05-17 15:30:00,,2023-05-25 01:15:00,2023-05-18 17:45:00,0.07257,0.07545,0.06882,0.0761,0.07531,True,True,True,False,1.3020833333333262,2.4652777777777697,False
DOGEUSDT,low,2023-05-15,True,True,False,2023-05-25 12:00:00,2023-05-25 01:15:00,0.07024,0.0705,2023-05-25 11:30:00,2023-05-25 19:00:00,2023-06-05 15:45:00,2023-05-25 15:15:00,0.07013,0.07108,0.06828,0.07086,0.07082,False,False,True,True,1.9473684210526232,10.115789473684027,True
DOGEUSDT,low,2023-07-31,False,False,False,,,,,,,,,,,,,,,,,,,,
DOGEUSDT,low,2024-04-15,True,False,True,,,,,,,,,,,,,,,,,,,,
DOGEUSDT,low,2024-04-22,True,False,True,,,,,,,,,,,,,,,,,,,,
DOGEUSDT,low,2024-05-27,True,True,False,2024-06-12 18:00:00,2024-06-11 17:15:00,0.14811,0.14905,2024-06-12 16:30:00,,2024-06-14 16:00:00,2024-06-12 18:45:00,0.14717,0.1508,0.1335,0.15853,0.14988,True,True,True,False,3.7658402203856776,7.44903581267219,False
DOGEUSDT,low,2024-06-24,True,False,True,,,,,,,,,,,,,,,,,,,,
DOGEUSDT,low,2024-07-22,True,True,False,2024-08-03 07:30:00,2024-08-03 01:00:00,0.11217,0.11221,2024-08-03 04:15:00,2024-08-23 22:00:00,2024-08-03 17:00:00,2024-08-03 15:15:00,0.11205,0.11468,0.1082,0.1156,0.11405,True,True,True,True,1.4638783269961908,10.171102661596892,False
DOGEUSDT,low,2025-01-20,True,True,False,2025-01-28 00:00:00,2025-01-27 07:15:00,0.33024,0.33157,2025-01-27 23:15:00,2025-01-28 04:30:00,2025-02-01 23:00:00,2025-01-28 01:15:00,0.32942,0.33769,0.30441,0.34965,0.33689,False,False,True,True,3.0241837968561036,17.74365175332527,False
DOGEUSDT,low,2025-02-10,True,True,False,2025-02-25 22:00:00,2025-02-25 10:15:00,0.2089,0.2092,2025-02-25 21:00:00,2025-03-02 15:30:00,2025-02-28 01:45:00,2025-02-26 00:45:00,0.20834,0.21448,0.19545,0.21844,0.21393,True,False,False,True,2.09934853420195,15.81270358306187,False
DOGEUSDT,low,2025-05-12,True,False,True,,,,,,,,,,,,,,,,,,,,
DOGEUSDT,low,2025-09-15,True,True,False,2025-09-28 23:45:00,2025-09-25 17:45:00,0.23579,0.237,2025-09-28 23:15:00,2025-09-29 14:45:00,2025-10-10 20:45:00,2025-09-29 00:00:00,0.23577,0.23758,0.22042,0.24021,0.23653,False,False,True,True,8.480662983425388,49.591160220994325,True
DOGEUSDT,low,2025-10-20,True,True,False,2025-11-08 03:30:00,2025-11-04 21:30:00,0.17724,0.17919,2025-11-08 01:00:00,2025-11-10 00:45:00,2025-11-17 20:00:00,2025-11-08 13:45:00,0.1759,0.18329,0.15146,0.18272,0.17659,False,False,True,True,3.307171853856558,5.868741542625162,True
DOGEUSDT,low,2025-11-10,True,True,False,2025-11-18 10:30:00,2025-11-18 00:45:00,0.15656,0.15688,2025-11-18 10:15:00,2025-11-18 12:30:00,2025-11-19 17:30:00,2025-11-18 12:00:00,0.15632,0.1578,0.14928,0.15751,0.15332,False,False,False,True,4.7567567567567215,27.020270270270018,True
DOGEUSDT,low,2025-11-24,True,False,True,,,,,,,,,,,,,,,,,,,,
DOGEUSDT,low,2025-12-08,True,True,False,2025-12-19 19:30:00,2025-12-18 19:45:00,0.1296,0.1305,2025-12-19 17:45:00,2025-12-22 00:15:00,2025-12-31 16:30:00,2025-12-21 13:30:00,0.12938,0.13349,0.11985,0.13607,0.13112,False,False,False,True,2.3187347931873457,4.732360097323601,False
DOGEUSDT,low,2025-12-22,True,False,True,,,,,,,,,,,,,,,,,,,,
DOGEUSDT,low,2026-02-16,True,False,True,,,,,,,,,,,,,,,,,,,,
DOGEUSDT,low,2026-06-08,True,True,False,2026-06-26 20:00:00,2026-06-25 13:45:00,0.07545,0.07563,2026-06-26 19:45:00,2026-06-27 15:00:00,2026-06-30 11:45:00,2026-06-26 20:30:00,0.07535,0.07611,0.0714,0.07794,0.07561,False,False,False,True,5.197368421052647,28.513157894736963,False
DOGEUSDT,low,2026-06-15,False,False,False,,,,,,,,,,,,,,,,,,,,
DOGEUSDT,low,2026-07-06,True,True,False,2026-07-25 04:00:00,2026-07-24 13:00:00,0.06954,0.06966,2026-07-25 03:45:00,2026-07-25 13:00:00,2026-08-01 18:45:00,2026-07-25 05:00:00,0.06953,0.06979,0.06805,0.07211,0.06979,False,False,False,True,5.69230769230745,38.34615384615234,True
DOGEUSDT,high,2020-07-20,True,True,False,2020-08-02 04:30:00,2020-08-01 09:15:00,0.003634,0.003611,2020-08-02 03:45:00,2020-09-02 11:15:00,,2020-08-06 16:45:00,0.003635,0.003061,0.003872,0.003242,0.003245,False,False,False,True,0.4128919860627172,1.8344947735189878,True
DOGEUSDT,high,2020-08-10,True,False,True,,,,,,,,,,,,,,,,,,,,
DOGEUSDT,high,2020-09-28,False,False,False,,,,,,,,,,,,,,,,,,,,
DOGEUSDT,high,2020-10-05,False,False,False,,,,,,,,,,,,,,,,,,,,
DOGEUSDT,high,2020-10-12,False,False,False,,,,,,,,,,,,,,,,,,,,
DOGEUSDT,high,2020-10-19,False,False,False,,,,,,,,,,,,,,,,,,,,
DOGEUSDT,high,2020-11-30,True,False,True,,,,,,,,,,,,,,,,,,,,
DOGEUSDT,high,2021-01-04,False,False,False,,,,,,,,,,,,,,,,,,,,
DOGEUSDT,high,2021-01-18,False,False,False,,,,,,,,,,,,,,,,,,,,
DOGEUSDT,high,2021-03-01,True,False,True,,,,,,,,,,,,,,,,,,,,
DOGEUSDT,high,2021-04-19,True,True,False,2021-05-09 12:00:00,2021-05-08 04:45:00,0.5055,0.485,2021-05-09 11:00:00,2021-05-10 20:00:00,,2021-05-09 16:45:00,0.5109,0.423,0.744178,0.455148,0.461155,False,False,False,True,2.6539021615472116,3.8603299203640478,True
DOGEUSDT,high,2021-04-26,True,False,True,,,,,,,,,,,,,,,,,,,,
DOGEUSDT,high,2021-09-27,True,True,False,2021-10-07 03:15:00,2021-10-06 07:15:00,0.2486,0.24766,2021-10-07 02:00:00,2021-10-10 17:15:00,2021-10-18 10:00:00,2021-10-07 08:00:00,0.24949,0.2352,0.27199,0.23203,0.23797,False,False,True,True,1.5745276417074894,1.6466060181945417,True
DOGEUSDT,high,2021-10-11,True,False,True,,,,,,,,,,,,,,,,,,,,
DOGEUSDT,high,2022-02-28,True,True,False,2022-03-25 08:00:00,2022-03-24 09:45:00,0.13594,0.13546,2022-03-25 07:15:00,2022-03-25 15:45:00,2022-03-27 21:30:00,2022-03-25 12:30:00,0.13718,0.13185,0.14434,0.13,0.13433,False,False,True,True,1.343339587242026,7.594746716697917,False
DOGEUSDT,high,2022-08-01,True,True,False,2022-08-12 11:30:00,2022-08-11 12:45:00,0.07231,0.07106,2022-08-12 10:00:00,2022-08-19 06:30:00,2022-08-14 04:00:00,2022-08-12 23:15:00,0.07235,0.06957,0.07565,0.06877,0.06972,True,True,True,True,1.1870503597122333,6.025179856115133,False
DOGEUSDT,high,2022-10-17,False,False,False,,,,,,,,,,,,,,,,,,,,
DOGEUSDT,high,2023-01-02,True,True,False,2023-01-10 02:30:00,2023-01-09 17:15:00,0.07744,0.07706,2023-01-10 01:00:00,,2023-01-12 00:45:00,2023-01-10 23:00:00,0.07757,0.0735,0.07964,0.074,0.0745,True,True,True,False,0.5085995085995086,2.4938574938574654,False
DOGEUSDT,high,2023-06-12,True,True,False,2023-07-18 16:45:00,2023-07-15 10:45:00,0.06873,0.06816,2023-07-18 16:15:00,2023-08-16 20:15:00,2023-07-21 13:00:00,2023-07-19 00:30:00,0.06889,0.06679,0.07525,0.06748,0.06858,True,False,False,True,3.0285714285714174,11.395238095238067,False
DOGEUSDT,high,2023-10-30,True,False,True,,,,,,,,,,,,,,,,,,,,
DOGEUSDT,high,2023-11-20,True,True,False,2023-12-18 10:30:00,2023-12-11 01:45:00,0.09145,0.09132,2023-12-18 08:30:00,2023-12-26 17:30:00,,2023-12-18 21:00:00,0.09154,0.08637,0.10758,0.08638,0.08642,False,False,False,True,3.1025145067698294,2.9729206963249566,True
DOGEUSDT,high,2024-01-08,True,True,False,2024-02-28 03:45:00,2024-02-27 20:30:00,0.09665,0.09606,2024-02-28 02:30:00,,2024-02-28 10:45:00,2024-02-28 07:30:00,0.09674,0.0941,0.10071,0.09201,0.09424,True,True,True,False,1.503787878787872,7.0757575757575255,False
DOGEUSDT,high,2024-01-22,True,False,True,,,,,,,,,,,,,,,,,,,,
DOGEUSDT,high,2024-01-29,True,True,False,2024-02-15 16:00:00,2024-02-15 01:30:00,0.08703,0.08643,2024-02-15 15:00:00,2024-02-16 15:00:00,2024-02-19 16:30:00,2024-02-16 12:15:00,0.08706,0.08394,0.08831,0.08367,0.08539,False,False,True,True,0.40064102564102627,2.6698717948717623,True
DOGEUSDT,high,2024-03-11,True,True,False,2024-03-29 07:45:00,2024-03-28 19:45:00,0.21784,0.21742,2024-03-29 06:30:00,2024-03-29 15:30:00,,2024-03-29 14:15:00,0.21807,0.20857,0.2293,0.20169,0.21299,False,False,False,True,1.1821052631578925,7.978947368421035,True
DOGEUSDT,high,2024-05-06,True,True,False,2024-05-23 20:00:00,2024-05-22 02:00:00,0.15939,0.15783,2024-05-23 19:30:00,2024-06-07 18:00:00,2024-05-26 00:00:00,2024-05-23 21:30:00,0.16145,0.15004,0.1748,0.15774,0.16076,True,False,False,True,1.170026292725679,5.173531989482908,False
DOGEUSDT,high,2024-07-08,True,True,False,2024-07-16 08:30:00,2024-07-16 00:00:00,0.12328,0.12234,2024-07-16 06:30:00,2024-07-18 14:45:00,2024-07-20 06:15:00,2024-07-16 15:00:00,0.12394,0.11888,0.1278,0.11971,0.12111,False,False,False,True,0.7628458498023728,7.911067193675899,True
DOGEUSDT,high,2024-08-12,True,False,True,,,,,,,,,,,,,,,,,,,,
DOGEUSDT,high,2024-10-07,True,True,False,2024-10-17 14:00:00,2024-10-16 20:30:00,0.12249,0.12206,2024-10-17 13:45:00,,2024-10-17 21:00:00,2024-10-17 15:45:00,0.12272,0.12043,0.13006,0.12036,0.1235,True,True,True,False,3.205240174672494,11.13537117903926,False
DOGEUSDT,high,2024-11-25,True,False,True,,,,,,,,,,,,,,,,,,,,
DOGEUSDT,high,2024-12-23,True,False,True,,,,,,,,,,,,,,,,,,,,
DOGEUSDT,high,2025-01-06,True,False,True,,,,,,,,,,,,,,,,,,,,
DOGEUSDT,high,2025-03-17,True,True,False,2025-03-28 11:15:00,2025-03-26 10:00:00,0.18177,0.18067,2025-03-28 10:30:00,2025-03-28 13:45:00,,2025-03-28 12:15:00,0.18192,0.1786,0.20574,0.17714,0.18039,False,False,False,True,7.174698795180747,11.201807228915673,True
DOGEUSDT,high,2025-04-28,True,False,True,,,,,,,,,,,,,,,,,,,,
DOGEUSDT,high,2025-06-23,False,False,False,,,,,,,,,,,,,,,,,,,,
DOGEUSDT,high,2025-08-04,True,False,True,,,,,,,,,,,,,,,,,,,,
DOGEUSDT,high,2026-03-09,True,True,False,2026-03-17 05:45:00,2026-03-17 02:45:00,0.10071,0.10024,2026-03-17 05:15:00,2026-03-17 12:15:00,,2026-03-17 07:15:00,0.10074,0.09938,0.10445,0.09807,0.09975,False,False,False,True,2.727941176470592,15.639705882352947,True
DOGEUSDT,high,2026-03-30,True,False,True,,,,,,,,,,,,,,,,,,,,
DOGEUSDT,high,2026-04-20,True,True,False,2026-04-29 18:00:00,2026-04-29 09:45:00,0.10426,0.10399,2026-04-29 17:30:00,2026-05-23 00:30:00,2026-05-04 01:30:00,2026-04-30 00:00:00,0.10432,0.1009,0.112,0.10015,0.1011,True,True,True,True,2.2456140350877263,2.7309941520467613,False
DOGEUSDT,high,2026-08-03,False,False,False,,,,,,,,,,,,,,,,,,,,
ETHUSDT,low,2020-02-17,True,True,False,2020-02-27 17:00:00,2020-02-27 01:00:00,230.2,232.58,2020-02-27 15:45:00,2020-03-06 11:00:00,2020-03-08 16:15:00,2020-02-27 21:15:00,229.53,238.58,210.01,235.22,232.58,False,False,True,True,2.1569060773480646,9.269613259668498,True
ETHUSDT,low,2020-06-08,True,False,True,,,,,,,,,,,,,,,,,,,,
ETHUSDT,low,2021-03-15,True,True,False,2021-03-23 16:30:00,2021-03-23 06:15:00,1694.26,1710.28,2021-03-23 16:00:00,2021-03-24 12:00:00,2021-03-24 00:45:00,2021-03-23 20:45:00,1674.81,1722.52,1652.58,1737.69,1714.3,True,False,False,True,0.46594005449591286,6.033116747013203,False
ETHUSDT,low,2021-05-31,True,True,False,2021-06-20 21:30:00,2021-06-20 12:15:00,2237.6,2252.84,2021-06-20 21:00:00,2021-06-30 20:00:00,2021-06-21 06:30:00,2021-06-20 23:30:00,2236.44,2277.0,2038.94,2277.0,2244.98,True,False,False,True,4.869329388560164,24.443786982248554,False
ETHUSDT,low,2021-09-13,True,False,True,,,,,,,,,,,,,,,,,,,,
ETHUSDT,low,2021-12-06,True,True,False,2022-01-12 21:15:00,2022-01-10 14:15:00,3365.0,3377.08,2022-01-12 20:30:00,,2022-01-21 01:45:00,2022-01-12 21:45:00,3364.7,3411.0,2924.78,3403.37,3251.04,True,False,False,False,9.50151187904963,29.6239740820733,False
ETHUSDT,low,2022-05-16,True,True,False,2022-05-27 12:45:00,2022-05-27 05:30:00,1762.49,1784.06,2022-05-27 12:00:00,2022-05-29 12:00:00,2022-05-27 23:30:00,2022-05-27 15:00:00,1761.75,1821.85,1708.83,1825.16,1807.97,True,False,True,True,0.8805324459234635,12.342262895174727,False
ETHUSDT,low,2022-05-30,False,False,False,,,,,,,,,,,,,,,,,,,,
ETHUSDT,low,2022-09-26,True,False,True,,,,,,,,,,,,,,,,,,,,
ETHUSDT,low,2022-10-03,True,False,True,,,,,,,,,,,,,,,,,,,,
ETHUSDT,low,2023-02-20,True,True,False,2023-03-11 01:45:00,2023-03-10 10:30:00,1422.48,1423.89,2023-03-10 23:45:00,2023-03-11 23:45:00,,2023-03-11 07:45:00,1415.74,1475.45,1367.51,1480.0,1436.73,False,False,False,True,0.8077373974208674,4.023446658851111,True
ETHUSDT,low,2023-05-29,True,True,False,2023-06-17 05:30:00,2023-06-14 20:30:00,1716.68,1720.48,2023-06-17 04:00:00,2023-06-20 17:45:00,,2023-06-19 16:30:00,1713.14,1775.0,1625.5,1821.17,1749.01,False,False,False,True,1.4167474943420666,2.055286129970907,True
ETHUSDT,low,2023-10-02,True,True,False,2023-10-11 11:00:00,2023-10-11 02:30:00,1572.05,1573.56,2023-10-11 10:15:00,2023-10-16 05:15:00,2023-10-12 09:45:00,2023-10-11 11:30:00,1571.81,1577.89,1541.78,1577.25,1572.23,True,False,False,True,4.939144736841975,37.46874999999904,False
ETHUSDT,low,2024-10-28,True,True,False,2024-11-05 14:45:00,2024-11-04 21:45:00,2437.75,2456.61,2024-11-05 14:00:00,2024-11-06 00:45:00,,2024-11-05 15:15:00,2436.92,2479.6,2356.0,2446.35,2445.81,False,False,False,True,1.8959700093720802,10.44189315838804,True
ETHUSDT,low,2024-12-23,True,False,True,,,,,,,,,,,,,,,,,,,,
ETHUSDT,low,2025-01-20,False,False,False,,,,,,,,,,,,,,,,,,,,
ETHUSDT,low,2025-02-10,True,False,True,,,,,,,,,,,,,,,,,,,,
ETHUSDT,low,2025-03-17,True,True,False,2025-04-04 08:15:00,2025-04-03 12:45:00,1798.1,1798.82,2025-04-04 06:30:00,2025-04-23 12:00:00,2025-04-06 13:45:00,2025-04-04 10:15:00,1792.93,1834.7,1747.47,1881.09,1834.12,True,False,False,True,1.088340914531962,10.555901364615753,False
ETHUSDT,low,2025-08-25,True,False,True,,,,,,,,,,,,,,,,,,,,
ETHUSDT,low,2025-09-15,True,True,False,2025-10-02 06:30:00,2025-09-25 17:45:00,4371.87,4397.44,2025-10-02 06:00:00,2025-10-02 15:45:00,2025-10-10 21:00:00,2025-10-02 08:00:00,4367.95,4422.3,3822.0,4440.01,4308.77,False,False,True,True,10.045078196872055,10.781048758049602,True
ETHUSDT,low,2025-10-13,True,False,True,,,,,,,,,,,,,,,,,,,,
ETHUSDT,low,2025-10-20,False,False,False,,,,,,,,,,,,,,,,,,,,
ETHUSDT,low,2026-02-16,True,False,True,,,,,,,,,,,,,,,,,,,,
ETHUSDT,low,2026-04-20,True,True,False,2026-05-19 00:15:00,2026-05-18 18:15:00,2126.5,2130.59,2026-05-18 23:45:00,2026-05-20 15:15:00,2026-05-22 19:30:00,2026-05-19 01:15:00,2124.96,2146.99,2074.26,2175.04,2131.0,False,False,True,True,2.3014071720381484,10.887880163413659,False
ETHUSDT,high,2020-01-20,False,False,False,,,,,,,,,,,,,,,,,,,,
ETHUSDT,high,2020-03-23,True,True,False,2020-04-10 16:00:00,2020-04-07 00:15:00,158.5,157.66,2020-04-10 14:00:00,2020-04-13 00:30:00,2020-04-18 12:45:00,2020-04-10 20:45:00,158.73,152.0,176.16,150.97,153.44,False,False,True,True,2.589895988112932,6.912332838038645,False
ETHUSDT,high,2020-06-29,True,False,False,,,,,,,,,,,,,,,,,,,,
ETHUSDT,high,2020-07-13,True,False,False,,,,,,,,,,,,,,,,,,,,
ETHUSDT,high,2020-08-03,True,True,False,2020-08-16 12:00:00,2020-08-14 16:15:00,428.64,428.3,2020-08-16 09:30:00,2020-08-19 04:15:00,2020-08-17 16:00:00,2020-08-16 15:45:00,430.62,413.01,445.66,395.78,418.0,True,False,False,True,0.8540601930721187,5.926178307779667,False
ETHUSDT,high,2020-09-28,True,True,False,2020-10-13 03:00:00,2020-10-12 22:15:00,386.09,384.48,2020-10-13 01:45:00,2020-10-13 07:15:00,2020-10-21 16:00:00,2020-10-13 05:15:00,386.14,381.6,395.43,375.58,385.11,False,False,True,True,2.0462555066079506,12.312775330396569,True
ETHUSDT,high,2020-10-26,False,False,False,,,,,,,,,,,,,,,,,,,,
ETHUSDT,high,2021-01-11,True,False,True,,,,,,,,,,,,,,,,,,,,
ETHUSDT,high,2021-03-01,True,True,False,2021-03-14 16:00:00,2021-03-13 20:15:00,1886.45,1873.5,2021-03-14 14:30:00,2021-03-15 06:15:00,2021-03-31 21:15:00,2021-03-14 22:30:00,1886.49,1836.0,1948.75,1793.16,1859.0,False,False,True,True,1.2331154684095857,13.818775995246577,True
ETHUSDT,high,2022-06-20,True,True,False,2022-07-18 19:00:00,2022-07-18 16:00:00,1484.98,1477.45,2022-07-18 18:30:00,2022-07-25 23:45:00,2022-07-18 23:00:00,2022-07-18 21:15:00,1485.55,1450.0,1530.0,1421.0,1462.08,True,False,False,True,1.2503516174402278,15.346554149085813,False
ETHUSDT,high,2022-08-01,True,False,True,,,,,,,,,,,,,,,,,,,,
ETHUSDT,high,2022-11-14,True,True,False,2023-01-22 02:30:00,2023-01-21 10:00:00,1634.21,1626.73,2023-01-22 01:30:00,2023-01-23 14:45:00,2023-02-02 00:30:00,2023-01-22 12:45:00,1634.51,1603.39,1682.44,1604.03,1643.0,False,False,False,True,1.5401670951156887,16.399421593830382,True
ETHUSDT,high,2022-12-05,True,False,True,,,,,,,,,,,,,,,,,,,,
ETHUSDT,high,2022-12-26,True,True,False,2023-01-04 15:00:00,2023-01-04 08:15:00,1255.0,1253.31,2023-01-04 14:30:00,2023-01-06 11:00:00,2023-01-04 17:30:00,2023-01-04 15:45:00,1255.9,1238.61,1261.05,1217.04,1247.08,True,False,True,True,0.2978600347021288,4.400231347599716,False
ETHUSDT,high,2023-01-23,True,False,True,,,,,,,,,,,,,,,,,,,,
ETHUSDT,high,2023-05-15,True,True,False,2023-06-01 03:00:00,2023-05-28 22:00:00,1889.61,1888.5,2023-06-01 00:00:00,2023-06-05 15:45:00,2023-06-22 02:45:00,2023-06-02 05:15:00,1892.41,1837.94,1930.0,1831.56,1844.06,False,False,False,True,0.6901046447585809,2.684413438590049,True
ETHUSDT,high,2023-11-13,True,True,False,2023-12-11 02:00:00,2023-12-09 08:15:00,2338.34,2244.46,2023-12-11 01:45:00,2024-01-03 12:00:00,2023-12-28 00:30:00,2023-12-22 14:45:00,2342.35,2114.63,2407.63,2108.99,2152.86,True,True,True,True,0.28666783769541654,0.38095028982961565,False
ETHUSDT,high,2023-12-18,True,True,False,2023-12-29 01:30:00,2023-12-28 00:30:00,2366.61,2349.88,2023-12-29 00:30:00,2023-12-29 16:15:00,2024-01-10 15:30:00,2023-12-29 09:45:00,2369.95,2311.07,2455.52,2294.0,2335.64,False,False,True,True,1.453294836956533,3.88722826086959,True
ETHUSDT,high,2024-01-15,True,True,False,2024-02-17 14:30:00,2024-02-15 15:00:00,2756.5,2742.15,2024-02-17 14:15:00,,2024-02-18 22:00:00,2024-02-17 15:30:00,2756.78,2718.35,2870.98,2656.13,2731.0,True,True,True,False,2.9716367421285184,13.467863648191408,False
ETHUSDT,high,2024-01-29,True,True,False,2024-02-12 09:45:00,2024-02-11 08:15:00,2504.83,2489.9,2024-02-12 08:30:00,,2024-02-12 15:30:00,2024-02-12 14:45:00,2527.03,2470.05,2539.2,2462.94,2475.3,True,True,True,False,0.2135837135837068,4.18374868374868,False
ETHUSDT,high,2024-04-15,True,False,True,,,,,,,,,,,,,,,,,,,,
ETHUSDT,high,2024-05-06,True,True,False,2024-06-14 18:00:00,2024-05-27 15:45:00,3411.6,3394.05,2024-06-14 17:30:00,2024-06-18 01:30:00,,2024-06-14 20:00:00,3413.49,3361.05,3980.0,3120.0,3420.2,False,False,False,True,10.803012967200697,6.572273073989373,True
ETHUSDT,high,2024-07-08,True,False,True,,,,,,,,,,,,,,,,,,,,
ETHUSDT,high,2024-09-09,True,True,False,2024-09-20 14:00:00,2024-09-20 07:45:00,2558.79,2555.22,2024-09-20 12:30:00,2024-10-01 15:00:00,2024-09-21 00:15:00,2024-09-20 15:45:00,2559.18,2515.31,2572.18,2478.24,2515.56,True,False,False,True,0.2963300661044001,9.56918167312516,False
ETHUSDT,high,2024-10-07,True,True,False,2024-10-21 16:30:00,2024-10-21 00:15:00,2680.71,2677.0,2024-10-21 15:45:00,2024-10-22 00:15:00,2024-11-07 01:00:00,2024-10-21 17:30:00,2682.05,2655.52,2770.0,2650.88,2685.17,False,False,True,True,3.3151149641914497,12.645307199396797,True
ETHUSDT,high,2025-05-19,True,True,False,2025-05-30 00:45:00,2025-05-29 02:30:00,2644.12,2630.51,2025-05-30 00:15:00,2025-05-30 16:30:00,2025-06-10 11:30:00,2025-05-30 05:30:00,2644.68,2556.0,2788.88,2572.5,2606.7,False,False,False,True,1.6260712674785807,5.863103292737946,True
ETHUSDT,high,2025-06-23,False,False,False,,,,,,,,,,,,,,,,,,,,
ETHUSDT,high,2025-11-24,True,True,False,2025-12-07 14:15:00,2025-12-04 01:15:00,3052.8,3035.2,2025-12-07 13:00:00,2025-12-15 18:30:00,2025-12-09 15:45:00,2025-12-07 17:15:00,3103.22,2903.75,3239.27,3020.0,3028.05,True,False,False,True,0.68205745224846,3.6257081265353213,False
ETHUSDT,high,2025-12-22,True,True,False,2026-01-05 06:30:00,2026-01-05 01:30:00,3167.99,3164.83,2026-01-05 05:00:00,2026-01-07 18:15:00,2026-01-05 17:45:00,2026-01-05 10:00:00,3175.04,3131.47,3221.0,3129.7,3132.24,True,False,False,True,1.0548542575166369,9.318108790452117,False
ETHUSDT,high,2026-03-30,True,True,False,2026-04-12 15:30:00,2026-04-11 19:30:00,2192.8,2183.53,2026-04-12 14:15:00,2026-05-16 09:15:00,2026-04-13 22:15:00,2026-04-12 17:30:00,2193.91,2173.0,2329.99,2117.0,2226.28,True,True,True,True,6.5078909612625955,12.901482544237318,False
ETHUSDT,high,2026-08-03,False,False,False,,,,,,,,,,,,,,,,,,,,
ETHUSDT,high,2026-08-10,False,False,False,,,,,,,,,,,,,,,,,,,,
LINKUSDT,low,2020-07-20,True,True,False,2020-07-28 07:30:00,2020-07-27 15:00:00,7.056,7.114,2020-07-28 06:30:00,2020-07-29 01:15:00,,2020-07-28 10:00:00,7.038,7.422,6.444,7.385,7.316,False,False,False,True,1.546875000000003,5.986979166666674,True
LINKUSDT,low,2020-08-17,True,False,True,,,,,,,,,,,,,,,,,,,,
LINKUSDT,low,2020-08-24,True,True,False,2020-09-06 20:30:00,2020-09-05 18:45:00,11.86,12.07,2020-09-06 18:00:00,2020-09-10 02:30:00,2020-09-21 09:45:00,2020-09-07 11:30:00,11.824,13.25,8.955,13.093,12.167,False,False,False,True,2.0119214586255256,4.088359046283309,False
LINKUSDT,low,2020-09-07,True,False,True,,,,,,,,,,,,,,,,,,,,
LINKUSDT,low,2020-10-26,True,True,False,2020-11-04 18:30:00,2020-11-04 14:15:00,10.421,10.44,2020-11-04 17:45:00,2020-11-05 14:15:00,,2020-11-04 20:15:00,10.416,10.666,9.741,10.779,10.399,False,False,False,True,2.700000000000003,15.415999999999997,True
LINKUSDT,low,2020-11-30,True,False,True,,,,,,,,,,,,,,,,,,,,
LINKUSDT,low,2021-05-24,True,True,False,2021-06-29 17:30:00,2021-06-22 13:45:00,19.928,20.073,2021-06-29 15:30:00,2021-07-07 02:45:00,2021-07-19 12:15:00,2021-06-29 18:15:00,19.925,20.548,14.964,20.547,19.578,False,False,False,True,7.963081861958298,55.638844301765864,True
LINKUSDT,low,2021-05-31,True,False,True,,,,,,,,,,,,,,,,,,,,
LINKUSDT,low,2021-06-28,True,True,False,2021-07-21 12:15:00,2021-07-20 03:30:00,14.785,14.796,2021-07-21 12:00:00,2021-07-21 14:00:00,,2021-07-21 12:45:00,14.76,14.991,13.363,15.05,14.724,False,False,False,True,6.047619047619052,29.034632034632047,True
LINKUSDT,low,2021-09-13,True,True,False,2021-10-01 19:00:00,2021-09-21 21:15:00,26.196,26.294,2021-10-01 18:15:00,2021-10-02 13:30:00,,2021-10-01 20:15:00,26.167,26.717,20.802,26.921,26.274,False,False,False,True,9.754545454545509,33.56545454545473,True
LINKUSDT,low,2022-01-10,False,False,False,,,,,,,,,,,,,,,,,,,,
LINKUSDT,low,2022-05-16,True,True,False,2022-06-14 06:15:00,2022-06-13 09:00:00,6.008,6.249,2022-06-14 04:45:00,2022-06-14 16:00:00,,2022-06-14 12:15:00,5.978,6.471,5.288,6.712,6.336,False,False,False,True,1.3995943204868135,10.34482758620689,True
LINKUSDT,low,2022-07-04,True,False,True,,,,,,,,,,,,,,,,,,,,
LINKUSDT,low,2022-12-05,True,True,False,2022-12-13 15:00:00,2022-12-12 02:45:00,6.685,6.72,2022-12-13 13:00:00,2023-01-14 07:00:00,2022-12-15 18:45:00,2022-12-15 00:45:00,6.682,7.044,6.433,6.981,6.945,True,False,False,True,0.6878453038674064,3.9861878453038773,False
LINKUSDT,low,2023-05-01,True,True,False,2023-05-17 20:00:00,2023-05-11 17:15:00,6.573,6.609,2023-05-17 16:15:00,,2023-05-24 13:45:00,2023-05-18 17:45:00,6.523,6.803,6.205,6.857,6.737,True,True,True,False,1.1357142857142832,2.2892857142857124,False
LINKUSDT,low,2023-05-15,True,True,False,2023-05-27 12:30:00,2023-05-25 01:15:00,6.35,6.365,2023-05-27 11:00:00,2023-05-27 15:45:00,2023-06-05 15:45:00,2023-05-27 13:45:00,6.344,6.393,6.15,6.49,6.39,False,False,True,True,3.959183673469428,17.224489795918554,True
LINKUSDT,low,2023-07-24,False,False,False,,,,,,,,,,,,,,,,,,,,
LINKUSDT,low,2024-12-16,True,False,True,,,,,,,,,,,,,,,,,,,,
LINKUSDT,low,2024-12-23,True,False,True,,,,,,,,,,,,,,,,,,,,
LINKUSDT,low,2025-02-10,True,True,False,2025-02-25 22:00:00,2025-02-25 07:30:00,15.158,15.281,2025-02-25 21:15:00,2025-02-26 11:00:00,2025-02-28 02:30:00,2025-02-26 00:30:00,15.125,15.573,14.019,15.912,15.41,False,False,False,True,2.4687499999999973,14.024553571428553,False
LINKUSDT,low,2025-09-15,True,True,False,2025-10-02 05:30:00,2025-09-25 18:00:00,22.558,22.672,2025-10-02 04:30:00,2025-10-02 18:15:00,2025-10-10 20:45:00,2025-10-02 08:00:00,22.534,22.848,19.82,22.904,22.226,False,False,True,True,8.643312101910823,11.859872611464967,True
LINKUSDT,low,2025-10-20,True,False,True,,,,,,,,,,,,,,,,,,,,
LINKUSDT,low,2026-02-16,True,False,True,,,,,,,,,,,,,,,,,,,,
LINKUSDT,low,2026-05-11,True,True,False,2026-05-23 21:00:00,2026-05-23 07:45:00,9.353,9.379,2026-05-23 19:00:00,,2026-05-28 03:15:00,2026-05-24 21:30:00,9.263,9.78,9.034,9.731,9.57,True,True,True,False,0.4429400386847185,3.8046421663442955,False
LINKUSDT,high,2020-02-17,True,False,True,,,,,,,,,,,,,,,,,,,,
LINKUSDT,high,2020-03-23,False,False,False,,,,,,,,,,,,,,,,,,,,
LINKUSDT,high,2020-06-29,False,False,False,,,,,,,,,,,,,,,,,,,,
LINKUSDT,high,2020-09-28,True,True,False,2020-10-20 23:30:00,2020-10-12 21:30:00,10.089,10.024,2020-10-20 23:00:00,2020-11-04 14:15:00,2020-10-22 15:30:00,2020-10-21 02:15:00,10.163,9.756,11.793,9.55,9.968,True,False,True,True,4.004914004914002,12.029484029484022,False
LINKUSDT,high,2020-11-09,True,False,True,,,,,,,,,,,,,,,,,,,,
LINKUSDT,high,2021-03-01,True,False,True,,,,,,,,,,,,,,,,,,,,
LINKUSDT,high,2021-04-19,True,True,False,2021-05-10 20:00:00,2021-05-10 00:00:00,48.885,48.808,2021-05-10 18:45:00,2021-05-13 00:00:00,,2021-05-12 00:00:00,49.287,40.16,53.07,40.672,41.652,False,False,False,True,0.4144844965487017,1.1241371754136074,True
LINKUSDT,high,2021-04-26,True,False,True,,,,,,,,,,,,,,,,,,,,
LINKUSDT,high,2021-11-01,True,True,False,2021-11-10 21:15:00,2021-11-10 15:45:00,36.429,35.665,2021-11-10 20:30:00,2021-11-16 00:00:00,,2021-11-11 08:45:00,36.684,31.5,38.376,32.477,33.166,False,False,False,True,0.32638888888888906,0.7492283950617288,True
LINKUSDT,high,2021-12-06,True,False,True,,,,,,,,,,,,,,,,,,,,
LINKUSDT,high,2021-12-13,True,False,True,,,,,,,,,,,,,,,,,,,,
LINKUSDT,high,2022-10-17,True,True,False,2022-11-02 00:00:00,2022-10-31 13:15:00,7.707,7.652,2022-11-01 23:45:00,2022-11-02 19:15:00,2022-11-04 04:00:00,2022-11-02 01:00:00,7.755,7.558,8.325,7.617,7.701,False,False,True,True,2.8934010152284224,7.213197969543146,True
LINKUSDT,high,2023-01-02,True,True,False,2023-01-10 02:30:00,2023-01-09 16:45:00,6.134,6.113,2023-01-10 00:45:00,,2023-01-10 19:00:00,2023-01-10 10:15:00,6.147,5.964,6.254,5.981,6.072,True,True,True,False,0.5846994535519093,3.316939890710387,False
LINKUSDT,high,2023-01-30,True,False,True,,,,,,,,,,,,,,,,,,,,
LINKUSDT,high,2023-04-03,True,True,False,2023-04-19 23:15:00,2023-04-18 13:00:00,7.916,7.892,2023-04-19 22:00:00,2023-04-20 16:00:00,,2023-04-20 13:00:00,7.935,7.612,8.804,7.469,7.702,False,False,False,True,2.690402476780192,2.11145510835914,True
LINKUSDT,high,2023-06-12,True,True,False,2023-07-02 18:00:00,2023-07-02 12:00:00,6.459,6.405,2023-07-02 17:15:00,2023-07-05 10:30:00,2023-07-02 22:30:00,2023-07-02 21:30:00,6.463,6.33,6.551,6.347,6.411,True,False,True,True,0.6616541353383464,13.759398496240594,False
LINKUSDT,high,2023-08-21,True,True,False,2023-10-02 21:45:00,2023-09-30 11:15:00,7.607,7.552,2023-10-02 20:00:00,2023-10-04 00:15:00,2023-10-21 13:30:00,2023-10-03 05:30:00,7.619,7.345,8.267,7.389,7.48,False,False,True,True,2.364963503649634,7.642335766423355,True
LINKUSDT,high,2023-10-02,False,False,False,,,,,,,,,,,,,,,,,,,,
LINKUSDT,high,2023-11-13,True,False,True,,,,,,,,,,,,,,,,,,,,
LINKUSDT,high,2023-11-20,True,False,True,,,,,,,,,,,,,,,,,,,,
LINKUSDT,high,2024-01-08,True,False,True,,,,,,,,,,,,,,,,,,,,
LINKUSDT,high,2024-04-15,True,True,False,2024-05-28 14:45:00,2024-05-27 21:00:00,18.272,18.083,2024-05-28 14:15:00,2024-05-30 20:00:00,2024-05-29 12:15:00,2024-05-28 17:30:00,18.405,17.867,18.884,17.366,18.03,True,False,False,True,0.8903345724907045,13.513011152416356,False
LINKUSDT,high,2024-07-08,True,True,False,2024-07-22 23:00:00,2024-07-21 23:00:00,14.015,13.949,2024-07-22 22:45:00,2024-07-23 05:15:00,,2024-07-23 00:30:00,14.056,13.768,15.006,13.892,13.989,False,False,False,True,3.298611111111132,15.40625000000008,True
LINKUSDT,high,2024-08-12,True,True,False,2024-08-29 22:00:00,2024-08-26 08:15:00,11.019,11.0,2024-08-29 19:30:00,2024-08-30 14:45:00,2024-09-26 16:00:00,2024-08-30 04:00:00,11.04,10.803,12.685,10.455,11.073,False,False,False,True,6.9409282700422485,12.83544303797478,True
LINKUSDT,high,2025-04-28,True,True,False,2025-05-17 13:45:00,2025-05-12 07:30:00,15.316,15.171,2025-05-17 13:15:00,2025-05-17 16:45:00,,2025-05-17 14:15:00,15.352,15.112,17.976,14.96,15.164,False,False,False,True,10.93333333333332,10.395833333333329,True
LINKUSDT,high,2025-06-23,False,False,False,,,,,,,,,,,,,,,,,,,,
LINKUSDT,high,2025-11-24,True,False,True,,,,,,,,,,,,,,,,,,,,
LINKUSDT,high,2025-12-22,True,False,True,,,,,,,,,,,,,,,,,,,,
LINKUSDT,high,2026-02-09,True,False,True,,,,,,,,,,,,,,,,,,,,
LINKUSDT,high,2026-03-09,True,False,True,,,,,,,,,,,,,,,,,,,,
LINKUSDT,high,2026-03-30,True,True,False,2026-04-29 18:30:00,2026-04-17 14:30:00,9.158,8.985,2026-04-29 18:00:00,2026-05-28 03:45:00,2026-05-06 03:30:00,2026-04-30 00:45:00,9.166,8.904,9.865,8.913,8.95,True,True,True,True,2.6679389312977047,6.244274809160299,False
LINKUSDT,high,2026-04-20,True,False,True,,,,,,,,,,,,,,,,,,,,
LINKUSDT,high,2026-07-06,True,True,False,2026-07-17 08:30:00,2026-07-15 13:00:00,8.19,8.181,2026-07-17 07:30:00,2026-07-17 13:00:00,2026-07-20 18:00:00,2026-07-17 09:15:00,8.206,8.128,8.632,7.994,8.197,False,False,True,True,5.461538461538505,13.743589743589839,False
LINKUSDT,high,2026-08-03,False,False,False,,,,,,,,,,,,,,,,,,,,
LINKUSDT,high,2026-08-24,True,True,False,2026-09-08 13:30:00,2026-09-07 06:00:00,12.574,12.559,2026-09-08 12:00:00,2026-09-09 09:45:00,2026-09-25 08:15:00,2026-09-08 14:45:00,12.576,12.285,13.677,12.427,12.94,False,False,False,True,3.783505154639167,11.532646048109951,True
LTCUSDT,low,2020-09-07,True,True,False,2020-09-28 12:30:00,2020-09-21 14:30:00,46.26,46.26,2020-09-28 10:45:00,2020-10-01 08:15:00,,2020-09-28 18:00:00,46.25,47.19,41.51,47.66,47.1,False,False,False,True,5.042553191489376,21.94680851063835,True
LTCUSDT,low,2020-09-14,True,True,False,2020-09-28 12:30:00,2020-09-21 14:30:00,46.26,46.26,2020-09-28 10:45:00,2020-10-01 08:15:00,,2020-09-28 18:00:00,46.25,47.19,41.51,47.66,47.1,False,False,False,True,5.042553191489376,7.723404255319165,True
LTCUSDT,low,2021-03-15,True,True,False,2021-03-26 21:45:00,2021-03-25 12:30:00,182.41,183.36,2021-03-26 21:30:00,2021-03-26 23:45:00,,2021-03-26 22:45:00,182.33,183.91,168.03,187.27,178.43,False,False,False,True,9.050632911392503,33.76582278481048,True
LTCUSDT,low,2021-05-24,True,True,False,2021-06-29 13:45:00,2021-06-22 13:45:00,143.9,147.19,2021-06-29 13:00:00,2021-08-01 03:45:00,2021-07-20 09:30:00,2021-06-29 22:15:00,143.33,149.15,104.83,149.42,141.35,True,False,False,True,6.6151202749141,38.759450171821356,False
LTCUSDT,low,2021-05-31,True,True,False,2021-06-29 13:45:00,2021-06-22 13:45:00,143.9,147.19,2021-06-29 13:00:00,2021-08-01 03:45:00,2021-07-20 09:30:00,2021-06-29 22:15:00,143.33,149.15,104.83,149.42,141.35,True,False,False,True,6.6151202749141,12.56185567010311,False
LTCUSDT,low,2021-06-28,True,True,False,2021-07-20 20:15:00,2021-07-20 09:45:00,107.67,108.0,2021-07-20 17:45:00,2021-07-21 04:00:00,,2021-07-20 21:15:00,107.42,109.61,103.72,112.65,107.57,False,False,False,True,1.6894977168949803,24.2922374429224,True
LTCUSDT,low,2021-12-06,True,True,False,2022-01-09 19:45:00,2022-01-08 19:00:00,130.31,130.83,2022-01-09 18:45:00,2022-01-11 16:30:00,2022-01-10 14:15:00,2022-01-10 00:30:00,130.28,132.5,124.69,135.84,131.36,True,False,False,True,2.518018018018021,41.86486486486489,False
LTCUSDT,low,2022-01-24,True,False,True,,,,,,,,,,,,,,,,,,,,
LTCUSDT,low,2022-04-18,True,True,False,2022-04-27 13:45:00,2022-04-26 23:15:00,99.91,100.4,2022-04-27 13:00:00,2022-04-28 10:00:00,2022-04-30 23:00:00,2022-04-27 14:00:00,99.58,101.93,96.11,103.79,101.37,False,False,True,True,1.4765957446808453,4.885106382978708,False
LTCUSDT,low,2022-05-16,True,False,True,,,,,,,,,,,,,,,,,,,,
LTCUSDT,low,2022-05-30,True,True,False,2022-06-07 20:15:00,2022-06-07 01:45:00,62.12,62.18,2022-06-07 17:30:00,,2022-06-09 20:00:00,2022-06-08 03:30:00,62.07,65.46,60.06,65.63,65.01,True,True,True,False,0.5929203539823015,4.542772861356941,False
LTCUSDT,low,2022-09-26,True,True,False,2022-10-13 22:15:00,2022-10-13 12:45:00,51.31,51.4,2022-10-13 21:30:00,2022-10-14 01:15:00,2022-11-09 21:15:00,2022-10-13 23:15:00,51.26,51.57,48.26,51.45,51.16,False,False,False,True,9.677419354838639,23.483870967741744,True
LTCUSDT,low,2023-02-20,True,True,False,2023-03-23 00:15:00,2023-03-11 08:00:00,86.86,87.31,2023-03-23 00:00:00,2023-03-23 09:30:00,,2023-03-23 00:45:00,86.14,89.26,65.0,89.45,89.18,False,False,False,True,6.775641025641016,5.0576923076923,True
LTCUSDT,low,2023-04-24,True,False,True,,,,,,,,,,,,,,,,,,,,
LTCUSDT,low,2023-10-02,True,True,False,2023-10-10 02:45:00,2023-10-09 16:30:00,63.16,63.27,2023-10-10 02:15:00,2023-10-10 21:15:00,2023-10-11 15:15:00,2023-10-10 09:30:00,63.12,63.63,61.46,64.15,63.47,False,False,False,True,3.254901960784274,13.627450980392013,False
LTCUSDT,low,2023-11-13,True,True,False,2023-11-25 01:30:00,2023-11-21 22:45:00,70.51,70.77,2023-11-25 00:00:00,2023-12-02 19:00:00,,2023-11-26 14:15:00,70.32,72.33,64.95,72.66,72.07,False,False,False,True,2.6716417910447645,6.343283582089536,True
LTCUSDT,low,2024-05-27,False,False,False,,,,,,,,,,,,,,,,,,,,
LTCUSDT,low,2024-06-10,True,True,False,2024-06-20 11:30:00,2024-06-18 16:15:00,73.95,74.03,2024-06-20 10:00:00,2024-06-29 16:30:00,2024-06-24 05:30:00,2024-06-20 15:45:00,73.77,75.31,70.6,76.33,73.72,True,False,True,True,2.0584415584415514,6.779220779220751,False
LTCUSDT,low,2024-08-19,True,False,True,,,,,,,,,,,,,,,,,,,,
LTCUSDT,low,2025-01-20,True,False,True,,,,,,,,,,,,,,,,,,,,
LTCUSDT,low,2025-03-17,True,False,True,,,,,,,,,,,,,,,,,,,,
LTCUSDT,low,2025-05-12,True,True,False,2025-06-23 14:00:00,2025-06-22 20:15:00,80.55,81.77,2025-06-23 13:30:00,2025-06-23 18:00:00,,2025-06-23 16:15:00,79.97,82.24,76.11,82.2,81.75,False,False,False,True,1.700440528634364,11.092511013215875,True
LTCUSDT,low,2025-09-15,True,True,False,2025-10-01 16:30:00,2025-09-25 17:45:00,111.07,111.42,2025-10-01 16:00:00,2025-10-01 19:15:00,2025-10-10 21:15:00,2025-10-01 17:00:00,111.01,111.85,100.19,113.86,111.49,False,False,True,True,12.880952380952555,12.34523809523826,True
LTCUSDT,low,2025-11-10,True,True,False,2025-12-02 01:00:00,2025-12-01 15:30:00,77.47,77.63,2025-12-02 00:45:00,2025-12-02 10:45:00,2025-12-18 17:15:00,2025-12-02 03:15:00,77.39,78.5,74.61,82.21,78.1,False,False,False,True,2.504504504504507,28.71171171171173,True
LTCUSDT,low,2025-11-24,True,True,False,2025-12-02 01:00:00,2025-12-01 15:30:00,77.47,77.63,2025-12-02 00:45:00,2025-12-02 10:45:00,2025-12-18 17:15:00,2025-12-02 03:15:00,77.39,78.5,74.61,82.21,78.1,False,False,False,True,2.504504504504507,13.792792792792802,True
LTCUSDT,low,2026-02-16,True,False,True,,,,,,,,,,,,,,,,,,,,
LTCUSDT,low,2026-06-08,True,True,False,2026-06-25 22:00:00,2026-06-25 13:45:00,40.7,40.85,2026-06-25 20:45:00,2026-06-26 03:45:00,,2026-06-26 02:00:00,40.19,41.24,39.25,41.76,41.04,False,False,False,True,0.8952380952380894,10.952380952380908,True
LTCUSDT,low,2026-08-03,True,False,True,,,,,,,,,,,,,,,,,,,,
LTCUSDT,high,2020-01-20,True,True,False,2020-01-31 13:15:00,2020-01-30 20:30:00,68.46,67.9,2020-01-31 11:45:00,2020-02-19 21:45:00,2020-02-01 01:45:00,2020-01-31 16:00:00,68.52,65.41,70.3,62.84,65.59,True,True,True,True,0.5723472668810294,3.0096463022508044,False
LTCUSDT,high,2020-03-23,True,True,False,2020-04-07 20:15:00,2020-04-07 12:15:00,46.4,46.21,2020-04-07 19:00:00,2020-04-10 05:00:00,2020-04-29 13:00:00,2020-04-08 03:15:00,46.76,43.67,47.72,43.18,44.05,False,False,False,True,0.3106796116504861,3.7443365695792927,True
LTCUSDT,high,2020-05-11,True,False,True,,,,,,,,,,,,,,,,,,,,
LTCUSDT,high,2020-06-29,True,True,False,2020-07-09 19:30:00,2020-07-09 12:45:00,44.15,44.02,2020-07-09 18:45:00,2020-07-10 04:45:00,2020-07-25 02:00:00,2020-07-09 20:30:00,44.18,43.63,45.98,43.46,44.13,False,False,True,True,3.2727272727272845,11.563636363636435,True
LTCUSDT,high,2020-08-03,True,True,False,2020-08-19 20:15:00,2020-08-17 21:15:00,61.0,60.74,2020-08-19 19:00:00,2020-08-22 00:00:00,,2020-08-19 21:00:00,61.07,58.75,69.08,57.8,59.11,False,False,False,True,3.4525862068965503,9.952586206896555,True
LTCUSDT,high,2020-11-30,True,True,False,2020-12-22 08:15:00,2020-12-19 21:15:00,106.38,105.86,2020-12-22 04:15:00,2020-12-23 22:15:00,2020-12-25 14:15:00,2020-12-22 12:00:00,107.54,98.39,124.42,93.75,99.16,False,False,True,True,1.8448087431693974,1.8590163934426207,False
LTCUSDT,high,2021-01-18,True,True,False,2021-02-10 12:30:00,2021-02-10 08:00:00,190.51,186.99,2021-02-10 11:45:00,2021-02-23 08:45:00,2021-02-12 21:15:00,2021-02-11 13:00:00,191.91,167.7,196.15,169.85,172.44,True,True,True,True,0.1751342420487405,1.555555555555555,False
LTCUSDT,high,2021-03-01,True,False,True,,,,,,,,,,,,,,,,,,,,
LTCUSDT,high,2021-04-26,True,True,False,2021-05-13 17:30:00,2021-05-10 02:45:00,321.61,314.39,2021-05-13 16:15:00,2021-05-16 19:45:00,,2021-05-14 07:15:00,321.81,290.95,413.94,289.42,292.86,False,False,False,True,2.98541801685029,1.7235904082955273,True
LTCUSDT,high,2022-08-01,True,True,False,2022-08-13 20:00:00,2022-08-13 16:00:00,64.88,64.85,2022-08-13 17:30:00,2022-08-14 17:00:00,2022-08-14 07:45:00,2022-08-14 05:00:00,65.21,63.15,65.65,63.05,63.35,True,False,False,True,0.21359223300971503,5.859223300970891,False
LTCUSDT,high,2022-10-17,True,False,True,,,,,,,,,,,,,,,,,,,,
LTCUSDT,high,2022-11-14,True,True,False,2022-12-06 15:00:00,2022-12-05 06:15:00,79.66,79.59,2022-12-06 14:15:00,2022-12-06 19:00:00,,2022-12-06 15:30:00,79.67,78.22,85.0,70.72,78.89,False,False,False,True,3.675862068965509,13.496551724137909,True
LTCUSDT,high,2022-11-28,True,True,False,2022-12-07 11:45:00,2022-12-05 06:15:00,76.86,76.77,2022-12-07 10:45:00,2022-12-08 04:45:00,2023-01-11 23:30:00,2022-12-07 14:30:00,76.87,75.41,85.0,74.5,75.42,False,False,False,True,5.5684931506848985,23.123287671232752,True
LTCUSDT,high,2023-02-06,True,False,True,,,,,,,,,,,,,,,,,,,,
LTCUSDT,high,2023-03-13,True,True,False,2023-03-24 11:45:00,2023-03-24 06:00:00,92.5,91.88,2023-03-24 11:00:00,2023-03-27 15:00:00,2023-04-11 04:15:00,2023-03-24 16:30:00,92.69,88.88,96.0,88.5,89.03,False,False,False,True,0.8687664041994752,6.154855643044613,True
LTCUSDT,high,2023-03-27,True,False,True,,,,,,,,,,,,,,,,,,,,
LTCUSDT,high,2023-05-22,True,False,True,,,,,,,,,,,,,,,,,,,,
LTCUSDT,high,2023-10-30,True,False,True,,,,,,,,,,,,,,,,,,,,
LTCUSDT,high,2024-01-15,True,True,False,2024-02-29 22:30:00,2024-02-29 17:00:00,83.17,82.92,2024-02-29 20:30:00,2024-03-05 19:45:00,2024-03-01 05:15:00,2024-03-01 01:30:00,83.35,77.7,85.11,77.17,81.51,True,True,True,True,0.31150442477876245,1.7982300884955773,False
LTCUSDT,high,2024-01-29,True,True,False,2024-02-12 09:45:00,2024-02-11 04:30:00,71.25,71.23,2024-02-12 07:45:00,2024-02-13 13:30:00,2024-02-12 17:30:00,2024-02-12 15:00:00,71.35,70.32,73.11,70.46,70.52,True,False,True,True,1.708737864077673,10.592233009708723,False
LTCUSDT,high,2024-03-04,True,True,False,2024-03-12 17:15:00,2024-03-11 22:00:00,97.06,95.12,2024-03-12 16:45:00,2024-03-14 18:45:00,2024-03-29 14:30:00,2024-03-12 18:45:00,97.41,91.52,105.86,91.08,94.55,False,False,False,True,1.4346349745331073,3.9286926994906644,True
LTCUSDT,high,2024-05-06,True,True,False,2024-05-22 12:45:00,2024-05-21 00:30:00,87.12,86.44,2024-05-22 11:30:00,2024-05-23 16:00:00,,2024-05-22 15:30:00,87.52,84.9,89.67,83.82,85.73,False,False,False,True,0.820610687022906,3.5229007633587988,True
LTCUSDT,high,2024-07-08,True,True,False,2024-07-30 20:00:00,2024-07-29 10:30:00,72.69,72.56,2024-07-30 18:30:00,2024-07-31 18:15:00,,2024-07-31 02:15:00,72.83,71.04,76.76,71.53,72.9,False,False,False,True,2.195530726256997,12.921787709497261,True
LTCUSDT,high,2024-10-07,True,True,False,2024-10-23 10:45:00,2024-10-19 10:00:00,69.0,68.71,2024-10-23 10:15:00,2024-10-23 16:45:00,2024-11-10 04:30:00,2024-10-23 12:30:00,69.06,68.46,76.19,68.21,68.65,False,False,True,True,11.883333333333157,12.949999999999786,True
LTCUSDT,high,2024-10-21,True,False,True,,,,,,,,,,,,,,,,,,,,
LTCUSDT,high,2024-12-23,True,True,False,2025-01-18 08:00:00,2025-01-17 07:00:00,127.98,127.72,2025-01-18 06:45:00,2025-01-18 20:45:00,,2025-01-18 13:30:00,129.65,123.33,141.25,120.58,124.21,False,False,False,True,1.8354430379746804,7.4177215189873325,True
LTCUSDT,high,2025-06-23,True,True,False,2025-07-04 08:15:00,2025-07-03 09:45:00,87.65,87.61,2025-07-04 07:45:00,2025-07-04 14:15:00,2025-07-10 17:00:00,2025-07-04 08:30:00,87.69,86.96,92.27,86.19,87.21,False,False,True,True,6.27397260273969,19.178082191780735,True
LTCUSDT,high,2025-10-20,True,True,False,2025-10-27 23:15:00,2025-10-27 18:00:00,100.72,100.65,2025-10-27 21:15:00,2025-10-28 14:30:00,2025-10-28 06:45:00,2025-10-28 06:30:00,101.6,98.6,103.14,98.76,98.84,True,False,False,True,0.5133333333333354,5.593333333333338,False
LTCUSDT,high,2025-12-22,True,False,True,,,,,,,,,,,,,,,,,,,,
LTCUSDT,high,2026-03-02,True,False,True,,,,,,,,,,,,,,,,,,,,
LTCUSDT,high,2026-03-09,True,False,True,,,,,,,,,,,,,,,,,,,,
LTCUSDT,high,2026-04-20,True,False,True,,,,,,,,,,,,,,,,,,,,
LTCUSDT,high,2026-07-06,True,True,False,2026-07-24 14:45:00,2026-07-21 14:00:00,46.39,46.25,2026-07-24 13:45:00,2026-07-25 08:45:00,2026-07-26 16:45:00,2026-07-25 02:30:00,46.42,45.85,48.13,45.55,46.0,False,False,True,True,3.0,8.350877192982448,False
LTCUSDT,high,2026-08-24,True,True,False,2026-09-10 12:45:00,2026-09-07 13:00:00,52.54,52.1,2026-09-10 12:30:00,2026-09-15 14:45:00,2026-09-21 01:00:00,2026-09-11 00:45:00,52.58,51.58,59.41,50.88,52.21,False,False,True,True,6.829999999999998,14.600000000000009,True
SOLUSDT,low,2020-09-21,True,False,True,,,,,,,,,,,,,,,,,,,,
SOLUSDT,low,2020-11-30,True,True,False,2020-12-15 11:00:00,2020-12-11 12:00:00,1.6967,1.7244,2020-12-15 10:00:00,2020-12-17 00:00:00,2020-12-23 05:00:00,2020-12-16 00:15:00,1.6612,1.8012,1.4316,1.7826,1.7156,False,False,False,True,1.6400000000000012,5.1628571428571455,True
SOLUSDT,low,2020-12-14,True,True,False,2020-12-25 03:00:00,2020-12-23 22:15:00,1.3444,1.3624,2020-12-25 00:15:00,2020-12-28 21:00:00,,2020-12-26 15:30:00,1.3415,1.4514,1.069,1.4547,1.4142,False,False,False,True,2.4795268425841646,3.4476797088262026,True
SOLUSDT,low,2021-05-03,True,True,False,2021-05-12 01:15:00,2021-05-10 20:00:00,44.632,44.86,2021-05-12 00:45:00,2021-05-12 06:45:00,2021-05-13 17:15:00,2021-05-12 01:45:00,44.61,45.646,38.2509,44.8408,44.4,False,False,True,True,6.138127413127403,12.996332046332034,True
SOLUSDT,low,2021-09-13,True,False,True,,,,,,,,,,,,,,,,,,,,
SOLUSDT,low,2021-11-08,True,False,True,,,,,,,,,,,,,,,,,,,,
SOLUSDT,low,2022-04-04,True,True,False,2022-04-12 13:30:00,2022-04-11 21:45:00,102.25,102.66,2022-04-12 10:15:00,2022-04-20 00:00:00,2022-04-18 04:15:00,2022-04-12 18:30:00,101.97,109.26,97.98,109.51,104.78,True,False,True,True,0.5473251028806573,4.513031550068584,False
SOLUSDT,low,2022-05-16,True,True,False,2022-06-05 16:00:00,2022-06-04 02:15:00,39.27,39.61,2022-06-05 15:30:00,2022-06-06 01:15:00,2022-06-11 11:15:00,2022-06-05 22:30:00,39.23,40.22,35.65,40.2,38.77,False,False,False,True,3.616161616161607,42.64646464646456,True
SOLUSDT,low,2022-10-03,True,True,False,2022-10-14 04:30:00,2022-10-13 12:30:00,31.52,31.72,2022-10-14 04:15:00,2022-10-25 17:00:00,2022-10-21 12:00:00,2022-10-14 07:00:00,31.46,31.96,27.12,31.82,31.6,True,True,True,True,8.68,7.239999999999995,False
SOLUSDT,low,2022-11-14,True,False,True,,,,,,,,,,,,,,,,,,,,
SOLUSDT,low,2022-11-28,True,True,False,2022-12-27 23:00:00,2022-12-27 15:45:00,10.99,11.042,2022-12-27 22:45:00,2023-01-02 07:00:00,2022-12-28 03:00:00,2022-12-28 01:00:00,10.911,11.17,10.7,11.185,11.163,True,False,False,True,0.8146718146718147,15.725868725868708,False
SOLUSDT,low,2023-01-30,True,True,False,2023-02-12 18:00:00,2023-02-10 22:30:00,20.753,20.808,2023-02-12 13:30:00,2023-02-15 12:30:00,2023-03-08 05:30:00,2023-02-13 02:15:00,20.629,22.529,19.66,22.56,21.799,False,False,True,True,0.510000000000001,1.7252631578947393,True
SOLUSDT,low,2023-05-01,True,True,False,2023-05-15 08:45:00,2023-05-10 17:15:00,21.35,21.378,2023-05-15 07:45:00,2023-06-04 06:45:00,2023-05-21 21:00:00,2023-05-15 10:15:00,21.348,21.518,19.626,21.643,21.422,True,False,True,True,10.129411764705768,28.035294117646767,False
SOLUSDT,low,2023-07-17,True,True,False,2023-08-23 09:45:00,2023-08-22 21:15:00,20.734,20.782,2023-08-23 09:00:00,2023-08-23 15:45:00,2023-09-01 17:00:00,2023-08-23 10:15:00,20.723,20.924,19.2,20.916,20.718,False,False,False,True,7.577114427860676,66.8358208955222,True
SOLUSDT,low,2024-01-08,True,True,False,2024-01-23 17:00:00,2024-01-23 12:30:00,81.754,82.437,2024-01-23 16:15:00,2024-01-23 23:15:00,,2024-01-23 18:45:00,81.346,83.877,78.96,83.607,83.5,False,False,False,True,0.9427103911497502,12.416436191228799,True
SOLUSDT,low,2024-01-15,True,False,True,,,,,,,,,,,,,,,,,,,,
SOLUSDT,low,2024-03-25,True,True,False,2024-04-15 06:30:00,2024-04-13 20:00:00,146.001,147.596,2024-04-15 04:15:00,2024-04-22 06:15:00,,2024-04-15 14:45:00,144.712,156.048,112.917,166.7,154.428,False,False,False,True,2.804781227946361,2.666813690896256,True
SOLUSDT,low,2024-05-27,False,False,False,,,,,,,,,,,,,,,,,,,,
SOLUSDT,low,2024-12-23,True,False,True,,,,,,,,,,,,,,,,,,,,
SOLUSDT,low,2025-01-20,True,True,False,2025-02-19 11:45:00,2025-02-18 17:30:00,168.3,169.17,2025-02-19 09:00:00,2025-02-20 04:15:00,2025-02-24 03:15:00,2025-02-19 20:15:00,167.66,174.24,160.77,175.32,170.85,False,False,False,True,1.047112462006075,19.42857142857139,True
SOLUSDT,low,2025-02-10,True,True,False,2025-02-19 11:45:00,2025-02-18 17:30:00,168.3,169.17,2025-02-19 09:00:00,2025-02-20 04:15:00,2025-02-24 03:15:00,2025-02-19 20:15:00,167.66,174.24,160.77,175.32,170.85,False,False,True,True,1.047112462006075,6.214285714285696,True
SOLUSDT,low,2025-10-13,True,True,False,2025-12-04 01:00:00,2025-11-21 07:30:00,143.59,144.69,2025-12-04 00:30:00,,2025-12-18 17:15:00,2025-12-04 05:30:00,143.21,146.87,121.02,152.15,146.1,True,False,False,False,6.062841530054654,26.88251366120221,False
SOLUSDT,low,2025-10-20,False,False,False,,,,,,,,,,,,,,,,,,,,
SOLUSDT,low,2025-12-08,True,True,False,2025-12-18 15:30:00,2025-12-17 19:30:00,124.59,125.55,2025-12-18 14:30:00,2025-12-29 01:30:00,2025-12-18 17:15:00,2025-12-18 17:00:00,123.47,129.0,121.24,132.0,127.22,True,False,False,True,0.40325497287522666,4.383363471971068,False
SOLUSDT,low,2026-02-16,True,False,True,,,,,,,,,,,,,,,,,,,,
SOLUSDT,low,2026-04-20,True,True,False,2026-05-01 13:45:00,2026-04-29 18:30:00,84.19,84.38,2026-05-01 13:30:00,2026-05-02 21:30:00,2026-05-28 03:15:00,2026-05-01 14:15:00,84.13,84.82,81.31,84.94,84.66,False,False,True,True,4.086956521739134,17.594202898550783,True
SOLUSDT,low,2026-07-20,True,True,False,2026-07-31 01:00:00,2026-07-29 21:00:00,74.4,74.85,2026-07-31 00:45:00,2026-08-08 11:00:00,2026-08-01 17:15:00,2026-07-31 01:45:00,74.36,75.28,72.26,75.1,74.26,True,False,False,True,2.2826086956521636,7.315217391304354,False
SOLUSDT,high,2020-11-09,True,True,False,2020-11-22 07:30:00,2020-11-21 18:30:00,2.1806,2.1499,2020-11-22 06:45:00,2020-11-22 11:30:00,,2020-11-22 07:45:00,2.2048,2.1,2.5204,2.0564,2.1533,False,False,False,True,3.011450381679388,14.518129770992367,True
SOLUSDT,high,2021-03-01,True,True,False,2021-03-29 05:30:00,2021-03-28 17:30:00,18.9126,18.6,2021-03-29 02:30:00,,2021-03-30 00:15:00,2021-03-29 17:45:00,19.0157,17.6614,19.413,17.5553,18.1598,True,True,True,False,0.2933618843683096,6.249058554234668,False
SOLUSDT,high,2021-10-04,True,True,False,2021-10-27 08:00:00,2021-10-25 15:45:00,205.841,205.422,2021-10-27 04:15:00,,2021-11-02 23:30:00,2021-11-01 00:00:00,206.025,174.0,219.156,177.0,180.105,True,True,True,False,0.410023419203747,0.684309133489461,False
SOLUSDT,high,2022-07-04,True,True,False,2022-07-21 04:00:00,2022-07-19 13:30:00,40.48,40.31,2022-07-21 03:30:00,2022-07-23 11:45:00,2022-08-13 01:00:00,2022-07-21 04:30:00,40.61,39.61,47.4,39.54,40.26,False,False,False,True,6.789999999999999,11.160000000000004,True
SOLUSDT,high,2022-08-01,True,True,False,2022-08-15 00:15:00,2022-08-13 06:00:00,45.52,45.31,2022-08-14 22:30:00,2022-08-15 06:45:00,,2022-08-15 00:45:00,45.55,44.34,48.38,44.82,45.23,False,False,False,True,2.338842975206628,10.818181818181877,True
SOLUSDT,high,2023-04-03,True,False,True,,,,,,,,,,,,,,,,,,,,
SOLUSDT,high,2023-06-12,True,True,False,2023-07-09 22:00:00,2023-07-08 08:15:00,21.255,21.157,2023-07-09 21:30:00,2023-07-10 00:00:00,2023-07-12 12:30:00,2023-07-09 22:30:00,21.44,21.0,22.468,20.359,21.02,False,False,True,True,2.3363636363636267,22.84999999999993,False
SOLUSDT,high,2023-11-20,True,False,True,,,,,,,,,,,,,,,,,,,,
SOLUSDT,high,2024-04-15,True,True,False,2024-05-21 07:15:00,2024-05-21 00:15:00,183.558,182.968,2024-05-21 06:00:00,2024-05-21 12:00:00,,2024-05-21 10:00:00,183.65,180.241,188.955,179.5,182.229,False,False,False,True,1.5561748313288413,21.42299794661197,True
SOLUSDT,high,2024-07-08,True,False,True,,,,,,,,,,,,,,,,,,,,
SOLUSDT,high,2024-10-07,True,True,False,2024-10-17 18:30:00,2024-10-15 14:00:00,153.08,152.85,2024-10-17 15:30:00,,2024-10-20 00:00:00,2024-10-18 06:00:00,153.22,147.62,159.98,148.829,150.834,True,True,True,False,1.2071428571428569,5.940357142857147,False
SOLUSDT,high,2025-03-17,True,True,False,2025-03-26 23:15:00,2025-03-25 14:30:00,137.04,136.76,2025-03-26 22:45:00,2025-03-27 13:30:00,2025-04-22 16:00:00,2025-03-26 23:45:00,137.26,135.78,147.41,132.78,137.68,False,False,False,True,6.858108108108159,16.398648648648788,True
SOLUSDT,high,2025-04-28,False,False,False,,,,,,,,,,,,,,,,,,,,
SOLUSDT,high,2025-06-23,True,False,True,,,,,,,,,,,,,,,,,,,,
SOLUSDT,high,2025-08-04,True,False,True,,,,,,,,,,,,,,,,,,,,
SOLUSDT,high,2025-09-01,True,True,False,2025-09-09 15:45:00,2025-09-09 07:30:00,218.47,216.2,2025-09-09 14:00:00,2025-09-24 03:15:00,2025-09-10 07:00:00,2025-09-10 02:15:00,218.74,211.66,219.74,208.83,212.92,True,True,True,True,0.1412429378531071,4.525423728813546,False
SOLUSDT,high,2025-11-24,True,False,True,,,,,,,,,,,,,,,,,,,,
SOLUSDT,high,2025-12-22,True,True,False,2026-01-05 14:15:00,2026-01-05 01:30:00,135.75,135.19,2026-01-05 12:15:00,2026-01-08 14:45:00,2026-01-05 19:15:00,2026-01-05 15:30:00,136.02,133.09,137.75,132.07,133.26,True,False,False,True,0.5904436860068211,6.167235494880529,False
SOLUSDT,high,2026-03-09,True,True,False,2026-03-18 15:00:00,2026-03-16 22:00:00,90.7,90.34,2026-03-18 13:30:00,2026-03-19 12:45:00,,2026-03-19 03:15:00,91.2,88.51,97.65,88.77,91.15,False,False,False,True,2.3977695167286277,6.289962825278816,True
SOLUSDT,high,2026-06-08,True,False,True,,,,,,,,,,,,,,,,,,,,
SOLUSDT,high,2026-07-06,False,False,False,,,,,,,,,,,,,,,,,,,,
SOLUSDT,high,2026-08-10,False,False,False,,,,,,,,,,,,,,,,,,,,
XRPUSDT,low,2020-05-11,False,False,False,,,,,,,,,,,,,,,,,,,,
XRPUSDT,low,2020-09-07,True,False,True,,,,,,,,,,,,,,,,,,,,
XRPUSDT,low,2020-11-30,False,False,False,,,,,,,,,,,,,,,,,,,,
XRPUSDT,low,2021-05-24,True,True,False,2021-06-23 13:00:00,2021-06-22 13:45:00,0.631,0.6317,2021-06-23 11:15:00,2021-06-24 15:15:00,,2021-06-23 15:00:00,0.6252,0.6658,0.5085,0.6517,0.6496,False,False,False,True,2.8743842364532046,25.42118226600988,True
XRPUSDT,low,2021-09-13,True,True,False,2021-09-23 00:00:00,2021-09-21 21:15:00,0.9914,0.994,2021-09-22 23:15:00,2021-09-23 03:15:00,,2021-09-23 00:15:00,0.9885,1.0135,0.8579,1.037,0.9941,False,False,False,True,5.2239999999999975,24.507999999999974,True
XRPUSDT,low,2021-10-11,True,True,False,2021-10-29 02:45:00,2021-10-27 08:00:00,1.0756,1.0787,2021-10-29 02:30:00,2021-10-29 20:30:00,2021-11-26 08:15:00,2021-10-29 04:30:00,1.0723,1.088,0.931,1.1014,1.0818,False,False,True,True,8.999999999999972,18.675159235668726,True
XRPUSDT,low,2021-10-18,True,True,False,2021-10-29 02:45:00,2021-10-27 08:00:00,1.0756,1.0787,2021-10-29 02:30:00,2021-10-29 20:30:00,2021-11-26 08:15:00,2021-10-29 04:30:00,1.0723,1.088,0.931,1.1014,1.0818,False,False,True,True,8.999999999999972,14.713375796178319,True
XRPUSDT,low,2021-12-06,True,True,False,2022-01-26 19:00:00,2022-01-22 10:00:00,0.6222,0.6232,2022-01-26 18:00:00,2022-02-04 23:45:00,,2022-01-26 21:30:00,0.6134,0.6584,0.5468,0.6648,0.6535,False,False,False,True,1.4799999999999984,10.904444444444433,True
XRPUSDT,low,2022-02-14,True,True,False,2022-02-25 13:30:00,2022-02-24 05:45:00,0.7031,0.7109,2022-02-25 12:45:00,2022-02-25 19:00:00,,2022-02-25 18:00:00,0.7025,0.7242,0.6208,0.7213,0.7139,False,False,False,True,3.7649769585253554,12.82027649769589,True
XRPUSDT,low,2022-04-18,False,False,False,,,,,,,,,,,,,,,,,,,,
XRPUSDT,low,2022-05-16,True,False,True,,,,,,,,,,,,,,,,,,,,
XRPUSDT,low,2022-07-04,True,False,True,,,,,,,,,,,,,,,,,,,,
XRPUSDT,low,2022-08-01,True,True,False,2022-08-26 08:45:00,2022-08-19 06:30:00,0.3456,0.3476,2022-08-26 07:00:00,2022-09-17 14:00:00,2022-08-28 23:15:00,2022-08-26 15:00:00,0.3427,0.371,0.3226,0.3727,0.3704,True,False,False,True,0.710247349823322,3.6219081272084788,False
XRPUSDT,low,2022-09-26,True,True,False,2022-11-25 08:00:00,2022-11-09 22:00:00,0.3922,0.396,2022-11-25 05:15:00,,,2022-11-28 01:00:00,0.392,0.4196,0.311,0.43,0.4111,False,False,False,False,2.934782608695657,9.840579710144938,True
XRPUSDT,low,2022-10-10,True,False,True,,,,,,,,,,,,,,,,,,,,
XRPUSDT,low,2022-11-14,True,False,True,,,,,,,,,,,,,,,,,,,,
XRPUSDT,low,2022-11-28,True,True,False,2022-12-20 06:00:00,2022-12-19 18:45:00,0.3423,0.3433,2022-12-20 05:45:00,2022-12-20 09:30:00,2023-01-02 01:00:00,2022-12-20 07:45:00,0.3421,0.3452,0.3312,0.3487,0.3439,False,False,False,True,3.5161290322580805,23.12903225806459,True
XRPUSDT,low,2023-04-03,True,True,False,2023-04-22 14:30:00,2023-04-21 19:00:00,0.4574,0.46,2023-04-22 13:45:00,2023-04-24 00:45:00,2023-04-26 20:00:00,2023-04-23 18:00:00,0.4569,0.4759,0.4394,0.4801,0.4751,False,False,False,True,0.9210526315789445,8.32105263157894,False
XRPUSDT,low,2023-05-01,True,False,True,,,,,,,,,,,,,,,,,,,,
XRPUSDT,low,2023-06-19,True,False,True,,,,,,,,,,,,,,,,,,,,
XRPUSDT,low,2023-07-17,False,False,False,,,,,,,,,,,,,,,,,,,,
XRPUSDT,low,2023-09-04,True,False,True,,,,,,,,,,,,,,,,,,,,
XRPUSDT,low,2023-10-02,True,True,False,2023-10-16 13:30:00,2023-10-12 16:15:00,0.4931,0.496,2023-10-16 13:00:00,2023-10-19 21:00:00,,2023-10-16 15:30:00,0.4921,0.511,0.4715,0.495,0.4909,False,False,False,True,1.0899470899470887,3.1746031746031638,True
XRPUSDT,low,2023-12-11,True,True,False,2024-01-11 13:15:00,2024-01-03 12:00:00,0.5964,0.5984,2024-01-11 08:45:00,,,2024-01-11 16:00:00,0.5958,0.6246,0.4812,0.6267,0.6192,False,False,False,False,3.9791666666666594,6.23263888888888,True
XRPUSDT,low,2024-03-25,True,True,False,2024-04-04 13:00:00,2024-04-04 04:15:00,0.5753,0.5762,2024-04-04 12:00:00,2024-04-08 13:45:00,2024-04-12 18:30:00,2024-04-05 11:45:00,0.5726,0.6174,0.5626,0.6106,0.6035,False,False,True,True,0.22321428571428617,2.3638392857142896,True
XRPUSDT,low,2024-05-27,False,False,False,,,,,,,,,,,,,,,,,,,,
XRPUSDT,low,2024-06-10,True,False,True,,,,,,,,,,,,,,,,,,,,
XRPUSDT,low,2024-10-07,True,True,False,2024-10-29 19:00:00,2024-10-25 23:15:00,0.5272,0.5285,2024-10-29 17:45:00,2024-11-06 02:45:00,,2024-10-29 19:30:00,0.5259,0.531,0.4858,0.5309,0.5292,False,False,False,True,7.86274509803923,32.882352941176485,True
XRPUSDT,low,2025-01-20,True,False,True,,,,,,,,,,,,,,,,,,,,
XRPUSDT,low,2025-02-17,True,True,False,2025-02-25 22:00:00,2025-02-25 11:15:00,2.2766,2.2827,2025-02-25 21:00:00,2025-03-02 15:15:00,2025-02-28 02:15:00,2025-02-26 00:45:00,2.2754,2.3642,2.0631,2.3784,2.3347,True,False,True,True,2.3907657657657655,5.261261261261263,False
XRPUSDT,low,2025-03-03,True,False,True,,,,,,,,,,,,,,,,,,,,
XRPUSDT,low,2025-07-21,True,False,True,,,,,,,,,,,,,,,,,,,,
XRPUSDT,low,2025-08-11,True,True,False,2025-08-20 08:45:00,2025-08-19 23:45:00,2.8622,2.8896,2025-08-20 08:00:00,2025-08-20 15:00:00,2025-08-20 13:45:00,2025-08-20 13:30:00,2.8615,2.913,2.8474,2.925,2.905,True,False,False,True,0.273786407766991,8.574757281553422,False
XRPUSDT,low,2025-09-15,True,True,False,2025-09-24 19:45:00,2025-09-22 06:00:00,2.9462,2.962,2025-09-24 19:30:00,2025-10-02 11:00:00,2025-10-10 19:15:00,2025-09-24 21:45:00,2.9429,2.9948,2.6704,2.9916,2.9873,False,False,True,True,5.2504816955683715,7.83044315992288,True
XRPUSDT,low,2025-11-24,True,False,True,,,,,,,,,,,,,,,,,,,,
XRPUSDT,low,2026-02-16,True,True,False,2026-02-23 12:30:00,2026-02-23 01:15:00,1.361,1.3646,2026-02-23 08:30:00,2026-02-25 14:30:00,2026-02-24 01:15:00,2026-02-23 17:00:00,1.3608,1.4247,1.329,1.4157,1.394,True,False,False,True,0.49765258215962466,5.447574334898274,False
XRPUSDT,low,2026-06-08,True,True,False,2026-06-26 07:30:00,2026-06-26 03:00:00,1.0291,1.0349,2026-06-26 06:00:00,2026-06-26 16:00:00,,2026-06-26 10:30:00,1.0275,1.0524,1.0081,1.0671,1.0472,False,False,False,True,0.7791164658634596,10.847389558232974,True
XRPUSDT,low,2026-07-06,True,True,False,2026-08-07 12:30:00,2026-08-07 05:30:00,1.0317,1.0347,2026-08-07 11:45:00,2026-08-08 14:00:00,2026-08-07 17:00:00,2026-08-07 14:00:00,1.0258,1.0432,1.0145,1.0417,1.0371,True,False,False,True,0.6494252873563321,9.609195402298916,False
XRPUSDT,high,2020-01-20,True,True,False,2020-02-08 03:00:00,2020-02-06 17:30:00,0.2809,0.2799,2020-02-07 23:45:00,2020-02-20 08:45:00,2020-02-12 03:15:00,2020-02-08 09:00:00,0.2814,0.2631,0.2895,0.2537,0.2631,True,True,True,True,0.44262295081967235,1.016393442622946,False
XRPUSDT,high,2020-03-16,True,True,False,2020-04-30 17:45:00,2020-04-30 03:45:00,0.219,0.2179,2020-04-30 15:00:00,2020-05-04 01:15:00,,2020-05-01 05:15:00,0.2208,0.2083,0.2364,0.21,0.2104,False,False,False,True,1.2480000000000018,8.752000000000011,True
XRPUSDT,high,2020-03-30,True,False,True,,,,,,,,,,,,,,,,,,,,
XRPUSDT,high,2020-06-08,True,True,False,2020-07-27 15:00:00,2020-07-26 08:15:00,0.2234,0.2222,2020-07-27 12:15:00,,2020-07-27 20:30:00,2020-07-27 18:00:00,0.2236,0.2084,0.2257,0.2086,0.2131,True,True,True,False,0.1381578947368434,3.559210526315785,False
XRPUSDT,high,2020-06-29,True,True,False,2020-07-10 05:30:00,2020-07-09 12:15:00,0.2012,0.2005,2020-07-10 03:15:00,2020-07-13 19:30:00,2020-07-25 17:00:00,2020-07-11 01:00:00,0.2016,0.1919,0.2122,0.1852,0.1956,False,False,True,True,1.0927835051546375,1.1649484536082462,False
XRPUSDT,high,2020-07-13,True,True,False,2020-07-27 15:00:00,2020-07-26 08:15:00,0.2234,0.2222,2020-07-27 12:15:00,,2020-07-27 20:30:00,2020-07-27 18:00:00,0.2236,0.2084,0.2257,0.2086,0.2131,True,True,True,False,0.1381578947368434,1.6118421052631529,False
XRPUSDT,high,2020-10-26,True,False,True,,,,,,,,,,,,,,,,,,,,
XRPUSDT,high,2021-01-11,True,True,False,2021-02-02 01:45:00,2021-02-01 11:00:00,0.4,0.3871,2021-02-01 23:00:00,,,2021-02-02 11:15:00,0.4055,0.34,0.7577,0.3406,0.3609,False,True,True,False,5.377099236641222,1.8885496183206085,True
XRPUSDT,high,2021-02-08,False,False,False,,,,,,,,,,,,,,,,,,,,
XRPUSDT,high,2021-02-15,True,False,True,,,,,,,,,,,,,,,,,,,,
XRPUSDT,high,2021-03-01,False,False,False,,,,,,,,,,,,,,,,,,,,
XRPUSDT,high,2021-03-08,True,True,False,2021-03-24 22:15:00,2021-03-22 18:15:00,0.5268,0.5253,2021-03-24 21:00:00,,2021-04-02 16:15:00,2021-03-26 00:30:00,0.5269,0.4485,0.6014,0.4438,0.45,True,True,True,False,0.9502551020408162,0.6492346938775487,False
XRPUSDT,high,2021-06-28,False,False,False,,,,,,,,,,,,,,,,,,,,
XRPUSDT,high,2021-08-16,True,False,True,,,,,,,,,,,,,,,,,,,,
XRPUSDT,high,2021-12-13,True,True,False,2021-12-22 12:45:00,2021-12-22 04:00:00,0.9562,0.9433,2021-12-22 12:00:00,2021-12-24 15:00:00,2021-12-23 02:00:00,2021-12-22 19:00:00,0.9569,0.9221,0.9738,0.9283,0.931,True,False,False,True,0.4856321839080475,4.701149425287366,False
XRPUSDT,high,2022-01-24,True,False,True,,,,,,,,,,,,,,,,,,,,
XRPUSDT,high,2022-03-14,True,True,False,2022-03-22 18:30:00,2022-03-22 04:15:00,0.8363,0.8316,2022-03-22 18:15:00,2022-03-23 03:00:00,2022-03-28 00:30:00,2022-03-22 21:00:00,0.8371,0.8268,0.8652,0.8178,0.8325,False,False,False,True,2.728155339805833,15.33009708737868,False
XRPUSDT,high,2022-10-24,True,False,True,,,,,,,,,,,,,,,,,,,,
XRPUSDT,high,2023-03-13,True,True,False,2023-03-22 19:45:00,2023-03-21 20:30:00,0.4436,0.4294,2023-03-22 18:45:00,,2023-03-28 05:15:00,2023-03-23 07:30:00,0.4456,0.4079,0.4927,0.3932,0.4265,True,True,True,False,1.2493368700265257,0.2970822281167105,False
XRPUSDT,high,2023-07-03,False,False,False,,,,,,,,,,,,,,,,,,,,
XRPUSDT,high,2023-11-27,True,False,True,,,,,,,,,,,,,,,,,,,,
XRPUSDT,high,2024-01-08,True,True,False,2024-03-03 07:15:00,2024-03-02 12:00:00,0.6409,0.6402,2024-03-03 04:15:00,2024-03-05 19:45:00,2024-03-04 10:15:00,2024-03-04 06:45:00,0.6444,0.58,0.6525,0.6041,0.6206,True,False,False,True,0.12577639751552785,2.4472049689440967,False
XRPUSDT,high,2024-02-05,True,True,False,2024-02-23 16:00:00,2024-02-16 03:45:00,0.5383,0.5358,2024-02-23 14:45:00,2024-02-28 17:30:00,2024-02-27 18:45:00,2024-02-23 19:45:00,0.539,0.5252,0.5797,0.5254,0.5288,True,True,True,True,2.94927536231883,4.115942028985494,False
XRPUSDT,high,2024-02-19,True,True,False,2024-02-29 22:30:00,2024-02-29 16:15:00,0.5963,0.5868,2024-02-29 22:00:00,2024-03-05 19:45:00,2024-03-02 02:15:00,2024-03-01 05:00:00,0.5971,0.5764,0.6269,0.5777,0.5821,True,True,True,True,1.4396135265700547,2.3719806763285107,False
XRPUSDT,high,2024-07-22,True,False,True,,,,,,,,,,,,,,,,,,,,
XRPUSDT,high,2024-08-12,True,False,True,,,,,,,,,,,,,,,,,,,,
XRPUSDT,high,2024-10-28,False,False,False,,,,,,,,,,,,,,,,,,,,
XRPUSDT,high,2024-12-23,True,True,False,2025-01-15 11:15:00,2025-01-15 07:45:00,2.8418,2.82,2025-01-15 10:30:00,2025-01-27 07:15:00,2025-01-15 15:00:00,2025-01-15 13:30:00,2.8435,2.7123,2.8925,2.6788,2.782,True,False,False,True,0.37347560975609645,4.985518292682917,False
XRPUSDT,high,2025-04-14,True,False,True,,,,,,,,,,,,,,,,,,,,
XRPUSDT,high,2025-06-23,True,True,False,2025-07-08 02:45:00,2025-07-07 16:00:00,2.2607,2.2513,2025-07-08 02:15:00,,2025-07-09 10:45:00,2025-07-08 03:45:00,2.2615,2.2471,2.3532,2.2345,2.26,True,True,True,False,6.368055555555691,35.04861111111171,False
XRPUSDT,high,2025-12-22,True,False,True,,,,,,,,,,,,,,,,,,,,
XRPUSDT,high,2026-03-02,True,False,True,,,,,,,,,,,,,,,,,,,,
XRPUSDT,high,2026-03-09,True,False,True,,,,,,,,,,,,,,,,,,,,
XRPUSDT,high,2026-04-20,True,True,False,2026-05-16 10:00:00,2026-05-14 19:00:00,1.4174,1.4173,2026-05-16 08:00:00,2026-05-17 23:30:00,,2026-05-17 05:00:00,1.4186,1.3951,1.5488,1.3976,1.4104,False,False,False,True,5.54042553191487,11.965957446808476,True
