sym,side,ib_week,zone_hit,signal,killed,t,entry,stop,sweep,zone_top,zone_bot,win_low,win_E1,reach_E1,stopped,rr_low,rr_E1,h4_above_before_low
ADAUSDT,low,2020-03-02,True,True,False,2020-03-20 11:00:00,0.03275,0.03396,0.01752,0.03418,0.02979,False,False,False,True,12.586776859504177,40.446280991735684,True
ADAUSDT,low,2020-06-08,True,True,False,2020-06-15 21:45:00,0.07816,0.0798,0.06931,0.08228,0.07901,False,False,False,True,5.396341463414624,16.93292682926826,True
ADAUSDT,low,2020-07-27,True,True,False,2020-08-30 02:30:00,0.11722,0.1188,0.10222,0.12041,0.11741,False,False,False,True,9.49367088607596,26.86708860759497,True
ADAUSDT,low,2020-09-07,True,True,False,2020-09-25 00:00:00,0.08245,0.0838,0.07549,0.08827,0.08209,False,False,False,True,5.155555555555536,29.992592592592498,True
ADAUSDT,low,2020-09-14,True,True,False,2020-09-25 00:00:00,0.08245,0.0838,0.07549,0.08827,0.08209,False,False,False,True,5.155555555555536,7.607407407407386,True
ADAUSDT,low,2021-07-05,True,False,True,,,,,,,,,,,,,
ADAUSDT,low,2021-09-13,True,True,False,2021-11-09 06:00:00,2.1686,2.1975,1.7831,2.2134,2.1801,False,False,False,True,13.339100346020905,49.61591695501782,True
ADAUSDT,low,2021-09-27,True,True,False,2021-11-09 06:00:00,2.1686,2.1975,1.7831,2.2134,2.1801,False,False,True,True,13.339100346020905,28.128027681661187,True
ADAUSDT,low,2021-12-06,True,False,True,,,,,,,,,,,,,
ADAUSDT,low,2022-01-24,True,True,False,2022-02-26 05:15:00,0.9122,0.9298,0.7456,0.9163,0.9116,False,False,False,True,9.465909090909117,41.00568181818194,True
ADAUSDT,low,2022-06-06,True,False,True,,,,,,,,,,,,,
ADAUSDT,low,2022-06-20,True,True,False,2022-07-14 06:15:00,0.4279,0.4423,0.4013,0.443,0.4423,False,False,False,True,1.84722222222222,9.354166666666647,True
ADAUSDT,low,2022-07-04,True,True,False,2022-07-14 06:15:00,0.4279,0.4423,0.4013,0.443,0.4423,False,False,False,True,1.84722222222222,4.895833333333326,True
ADAUSDT,low,2022-09-26,True,True,False,2022-10-27 06:00:00,0.4091,0.4192,0.3293,0.4203,0.4179,False,False,True,True,7.900990099009906,6.3465346534653415,True
ADAUSDT,low,2022-10-31,True,True,False,2022-11-13 06:45:00,0.3341,0.3788,0.3094,0.3826,0.3774,True,True,True,False,0.5525727069351228,1.5257270693512295,False
ADAUSDT,low,2022-11-14,True,True,False,2022-11-22 17:45:00,0.3085,0.3169,0.2948,0.3152,0.3131,False,False,False,True,1.630952380952376,12.55952380952378,True
ADAUSDT,low,2023-02-20,True,True,False,2023-03-13 09:15:00,0.3334,0.3424,0.297,0.3485,0.3373,False,False,False,True,4.04444444444444,7.377777777777773,True
ADAUSDT,low,2023-07-17,True,True,False,2023-08-17 08:30:00,0.2757,0.2783,0.2643,0.2781,0.2778,True,False,False,True,4.384615384615407,38.46153846153854,False
ADAUSDT,low,2023-07-24,False,False,False,,,,,,,,,,,,,
ADAUSDT,low,2023-12-18,True,False,True,,,,,,,,,,,,,
ADAUSDT,low,2024-01-15,True,True,False,2024-01-24 00:15:00,0.4718,0.4791,0.4474,0.4776,0.4767,False,False,False,True,3.342465753424641,22.123287671232788,True
ADAUSDT,low,2024-03-25,True,True,False,2024-04-08 12:45:00,0.6035,0.6125,0.5593,0.6166,0.6018,False,False,True,True,4.911111111111109,18.32222222222219,False
ADAUSDT,low,2025-01-20,True,True,False,2025-01-28 06:30:00,0.9526,0.9634,0.856,0.9875,0.9581,False,False,True,True,8.94444444444442,34.472222222222115,False
ADAUSDT,low,2025-02-17,True,True,False,2025-02-26 00:15:00,0.6778,0.6947,0.6299,0.7088,0.6935,False,False,False,True,2.834319526627211,10.84615384615383,False
ADAUSDT,low,2025-03-17,True,True,False,2025-04-01 11:30:00,0.6722,0.684,0.6292,0.6773,0.6771,False,False,True,True,3.6440677966101624,13.398305084745727,True
ADAUSDT,low,2025-08-18,True,True,False,2025-09-29 10:45:00,0.7933,0.8117,0.7537,0.8111,0.8029,False,False,True,True,2.15217391304348,15.391304347826111,True
ADAUSDT,low,2025-09-15,True,True,False,2025-10-01 16:45:00,0.835,0.8434,0.7537,0.846,0.8276,False,False,True,True,9.678571428571335,15.47619047619034,True
ADAUSDT,low,2025-10-20,True,True,False,2025-10-31 06:30:00,0.6099,0.6152,0.5859,0.6283,0.6075,False,False,True,True,4.528301886792481,30.584905660377526,False
ADAUSDT,low,2025-11-24,True,True,False,2025-12-02 08:15:00,0.3868,0.3935,0.3705,0.4138,0.3889,False,False,False,True,2.432835820895505,16.656716417910346,True
ADAUSDT,low,2026-06-08,True,True,False,2026-06-25 10:00:00,0.1489,0.1507,0.1394,0.1501,0.1488,True,False,False,True,5.277777777777794,49.66666666666678,False
ADAUSDT,high,2020-03-16,True,True,False,2020-04-27 17:30:00,0.04516,0.04421,0.04771,0.04358,0.04442,True,False,True,True,2.6842105263157947,26.610526315789375,False
ADAUSDT,high,2020-03-23,True,False,True,,,,,,,,,,,,,
ADAUSDT,high,2020-05-11,True,True,False,2020-05-21 19:00:00,0.05189,0.05018,0.0577,0.05161,0.05378,True,True,True,False,3.3976608187134594,8.040935672514575,True
ADAUSDT,high,2020-07-13,True,True,False,2020-08-09 01:45:00,0.1501,0.1257,0.15523,0.1229,0.12946,False,False,False,True,0.21024590163934403,1.304508196721311,True
ADAUSDT,high,2020-11-09,True,True,False,2020-11-26 05:30:00,0.13741,0.11698,0.18434,0.11271,0.1182,True,True,True,False,2.2971120900636315,0.15124816446401848,False
ADAUSDT,high,2020-11-30,True,True,False,2020-12-30 11:15:00,0.18253,0.1753,0.19771,0.17434,0.17637,False,False,True,True,2.0995850622406675,9.567081604426026,True
ADAUSDT,high,2021-01-18,False,False,False,,,,,,,,,,,,,
ADAUSDT,high,2021-01-25,False,False,False,,,,,,,,,,,,,
ADAUSDT,high,2021-03-01,True,False,True,,,,,,,,,,,,,
ADAUSDT,high,2021-03-22,True,False,True,,,,,,,,,,,,,
ADAUSDT,high,2021-03-29,True,True,False,2021-04-07 13:00:00,1.20242,1.15858,1.3461,1.185,1.1959,True,True,True,True,3.277372262773716,7.948677007299248,True
ADAUSDT,high,2021-11-01,True,True,False,2021-11-10 06:45:00,2.2393,2.1914,2.3786,2.169,2.2348,False,False,False,True,2.908141962421695,8.175365344467583,True
ADAUSDT,high,2022-08-01,True,True,False,2022-08-15 13:45:00,0.5611,0.5445,0.5948,0.5444,0.5541,False,False,False,True,2.0301204819277006,6.132530120481893,True
ADAUSDT,high,2023-04-03,True,True,False,2023-04-11 18:15:00,0.402,0.3968,0.4134,0.3977,0.3993,False,False,False,True,2.19230769230767,15.461538461538353,True
ADAUSDT,high,2023-06-12,True,True,False,2023-07-15 06:00:00,0.332,0.3159,0.3795,0.3139,0.3354,False,False,False,True,2.9503105590062098,13.012422360248442,True
ADAUSDT,high,2023-06-26,True,True,False,2023-07-18 17:45:00,0.3042,0.2985,0.3795,0.2894,0.3099,False,False,False,True,13.21052631578938,9.456140350877101,True
ADAUSDT,high,2023-11-20,True,False,True,,,,,,,,,,,,,
ADAUSDT,high,2024-06-24,True,True,False,2024-07-03 05:00:00,0.4134,0.4101,0.4235,0.4091,0.4114,False,False,False,True,3.060606060606088,23.030303030303212,True
ADAUSDT,high,2024-08-12,True,False,True,,,,,,,,,,,,,
ADAUSDT,high,2024-10-28,False,False,False,,,,,,,,,,,,,
ADAUSDT,high,2024-12-23,True,False,True,,,,,,,,,,,,,
ADAUSDT,high,2025-04-14,True,True,False,2025-04-24 09:00:00,0.6787,0.6699,0.718,0.6594,0.6772,True,False,True,True,4.465909090909133,16.715909090909232,False
ADAUSDT,high,2025-04-28,True,True,False,2025-05-15 15:45:00,0.7751,0.7441,0.8641,0.7412,0.7526,False,False,False,True,2.8709677419354804,3.274193548387095,True
ADAUSDT,high,2025-06-23,False,False,False,,,,,,,,,,,,,
ADAUSDT,high,2025-08-04,True,True,False,2025-08-13 07:15:00,0.8535,0.8379,0.8619,0.8149,0.838,True,False,False,True,0.5384615384615341,11.198717948717904,False
ADAUSDT,high,2026-02-09,True,True,False,2026-02-26 13:15:00,0.2929,0.2886,0.3134,0.2712,0.2904,False,False,False,True,4.767441860465153,22.441860465116413,True
ADAUSDT,high,2026-02-16,True,True,False,2026-02-26 13:15:00,0.2929,0.2886,0.3134,0.2712,0.2904,False,False,False,True,4.767441860465153,14.02325581395359,True
ADAUSDT,high,2026-03-09,True,False,True,,,,,,,,,,,,,
ADAUSDT,high,2026-03-30,True,False,True,,,,,,,,,,,,,
ADAUSDT,high,2026-04-20,True,True,False,2026-05-08 14:15:00,0.2655,0.2594,0.2737,0.2588,0.2598,True,False,False,True,1.344262295081966,5.672131147540992,False
ADAUSDT,high,2026-07-06,True,False,True,,,,,,,,,,,,,
ADAUSDT,high,2026-08-31,True,True,False,2026-09-09 04:00:00,0.2178,0.2157,0.2321,0.2146,0.217,False,False,True,True,6.809523809523843,24.285714285714413,True
BNBUSDT,low,2021-03-15,True,True,False,2021-03-26 13:15:00,245.745,251.487,222.902,254.0,250.084,False,False,False,True,3.9782305816788672,18.153256704980873,True
BNBUSDT,low,2021-06-07,True,True,False,2021-07-06 09:00:00,313.67,322.39,225.0,328.21,321.93,False,False,False,True,10.168577981651412,15.106651376146843,True
BNBUSDT,low,2021-08-30,False,False,False,,,,,,,,,,,,,
BNBUSDT,low,2021-09-13,True,False,True,,,,,,,,,,,,,
BNBUSDT,low,2021-11-08,True,False,True,,,,,,,,,,,,,
BNBUSDT,low,2021-11-22,True,False,True,,,,,,,,,,,,,
BNBUSDT,low,2021-12-06,True,True,False,2022-01-12 20:30:00,484.6,487.59,406.46,491.0,475.7,False,False,False,True,26.13377926421448,55.849498327760095,True
BNBUSDT,low,2022-01-24,True,False,True,,,,,,,,,,,,,
BNBUSDT,low,2022-05-16,True,True,False,2022-06-14 08:45:00,226.27,231.34,203.81,230.2,228.1,True,False,False,True,4.42998027613413,30.114398422090776,False
BNBUSDT,low,2022-05-30,True,True,False,2022-06-08 03:15:00,286.0,295.98,273.2,298.64,295.24,False,False,True,True,1.2825651302605199,4.356713426853701,False
BNBUSDT,low,2022-11-14,True,False,True,,,,,,,,,,,,,
BNBUSDT,low,2022-11-28,True,True,False,2022-12-18 06:00:00,246.27,254.12,218.93,260.5,251.72,False,False,False,True,3.4828025477707034,8.411464968152872,True
BNBUSDT,low,2023-02-06,True,True,False,2023-02-15 16:30:00,301.43,305.49,282.38,304.39,294.59,False,False,False,True,4.692118226600986,9.322660098522167,True
BNBUSDT,low,2023-02-20,True,True,False,2023-03-11 02:15:00,278.26,281.68,264.51,288.12,279.9,False,False,False,True,4.020467836257291,12.16374269005843,True
BNBUSDT,low,2023-04-17,True,True,False,2023-05-10 21:15:00,314.36,316.56,306.4,315.57,313.65,True,False,True,True,3.6181818181818532,19.472727272727386,False
BNBUSDT,low,2023-04-24,True,True,False,2023-05-10 21:15:00,314.36,316.56,306.4,315.57,313.65,True,False,True,True,3.6181818181818532,15.763636363636474,False
BNBUSDT,low,2023-05-01,False,False,False,,,,,,,,,,,,,
BNBUSDT,low,2023-05-15,False,False,False,,,,,,,,,,,,,
BNBUSDT,low,2023-07-17,True,True,False,2023-08-31 16:45:00,217.58,239.0,202.64,232.67,232.32,False,False,False,False,0.6974789915966403,0.791783380018675,True
BNBUSDT,low,2023-08-07,True,True,False,2023-08-31 16:45:00,217.58,239.0,202.64,236.22,234.84,False,True,True,False,0.6974789915966403,-0.14892623716153125,True
BNBUSDT,low,2024-12-09,True,True,False,2024-12-21 03:15:00,680.48,686.68,617.54,681.2,676.0,False,False,False,True,10.151612903225926,37.01290322580686,True
BNBUSDT,low,2025-01-20,True,True,False,2025-01-28 01:15:00,676.4,682.16,635.98,683.23,669.7,False,False,True,True,7.017361111111115,16.203125000000014,True
BNBUSDT,low,2025-02-17,True,False,True,,,,,,,,,,,,,
BNBUSDT,low,2025-10-20,False,False,False,,,,,,,,,,,,,
BNBUSDT,low,2025-11-10,True,True,False,2025-11-26 18:30:00,889.79,895.51,790.92,889.08,884.27,False,False,False,True,17.284965034964955,38.31468531468511,True
BNBUSDT,low,2026-02-09,True,True,False,2026-04-04 16:45:00,591.6,593.62,570.71,609.62,592.88,False,False,False,True,10.341584158415928,114.54455445544657,True
BNBUSDT,low,2026-02-16,True,True,False,2026-02-25 02:45:00,597.95,601.99,576.61,604.37,598.61,False,False,False,True,5.282178217821838,17.376237623762545,True
BNBUSDT,low,2026-06-08,True,True,False,2026-06-26 01:15:00,558.27,564.66,540.5,573.96,563.78,False,False,False,True,2.780907668231615,27.52895148669802,False
BNBUSDT,high,2020-03-16,True,True,False,2020-04-30 10:15:00,16.933,16.32,18.137,16.626,16.799,False,False,False,True,1.9641109298531836,19.185970636215348,True
BNBUSDT,high,2020-03-23,False,False,False,,,,,,,,,,,,,
BNBUSDT,high,2020-04-20,True,True,False,2020-04-30 10:15:00,16.933,16.32,18.137,16.626,16.799,False,False,False,True,1.9641109298531836,5.241435562805878,True
BNBUSDT,high,2020-05-11,True,False,True,,,,,,,,,,,,,
BNBUSDT,high,2020-06-29,False,False,False,,,,,,,,,,,,,
BNBUSDT,high,2020-10-05,True,True,False,2020-10-20 20:30:00,28.816,28.5,31.891,28.58,28.835,True,False,False,True,9.731012658227879,14.91139240506334,False
BNBUSDT,high,2020-10-19,True,True,False,2020-10-28 14:30:00,30.291,29.75,32.448,30.448,30.585,False,False,True,True,3.9870609981515686,9.35859519408502,True
BNBUSDT,high,2020-11-09,True,True,False,2020-11-22 09:30:00,30.135,29.536,31.362,29.63,29.835,False,False,True,True,2.048414023372281,6.621035058430712,False
BNBUSDT,high,2020-11-30,True,True,False,2020-12-21 00:15:00,34.89,32.6,35.7,33.57,33.573,False,False,True,True,0.3537117903930142,4.168995633187777,True
BNBUSDT,high,2020-12-21,False,False,False,,,,,,,,,,,,,
BNBUSDT,high,2021-01-25,False,False,False,,,,,,,,,,,,,
BNBUSDT,high,2021-02-22,True,True,False,2021-04-07 13:15:00,387.375,356.777,414.784,346.988,359.325,True,True,True,False,0.8957775017975025,6.387214850643831,False
BNBUSDT,high,2021-03-01,True,True,False,2021-03-10 06:30:00,283.899,264.0,298.292,246.936,265.0,True,False,True,True,0.7233026785265577,6.2602643348911995,False
BNBUSDT,high,2021-04-19,True,True,False,2021-05-01 11:45:00,627.73,609.459,645.5,612.155,616.12,False,False,False,True,0.9725794975644416,12.96623063871704,True
BNBUSDT,high,2021-06-28,True,True,False,2021-08-02 06:30:00,334.77,326.36,348.15,323.55,326.48,False,False,True,True,1.5909631391201007,14.857312722948931,True
BNBUSDT,high,2021-12-20,True,True,False,2021-12-28 06:15:00,550.81,542.51,571.99,548.3,558.14,False,False,False,True,2.5518072289156843,10.962650602409699,True
BNBUSDT,high,2022-03-07,True,True,False,2022-03-29 00:30:00,433.91,427.55,441.13,418.75,428.17,True,False,False,True,1.1352201257861565,10.894654088050295,False
BNBUSDT,high,2022-06-20,True,True,False,2022-07-18 21:00:00,257.53,254.68,264.76,255.32,259.16,True,False,True,True,2.5368421052631946,26.322807017544168,False
BNBUSDT,high,2022-06-27,True,True,False,2022-07-08 12:00:00,240.04,236.8,249.0,238.47,239.26,False,False,True,True,2.765432098765451,14.311728395061824,True
BNBUSDT,high,2022-10-17,False,False,False,,,,,,,,,,,,,
BNBUSDT,high,2022-12-19,True,True,False,2023-01-20 20:15:00,298.53,281.1,315.3,279.75,283.83,True,False,False,False,0.9621342512908828,3.0992541594951346,False
BNBUSDT,high,2022-12-26,False,False,False,,,,,,,,,,,,,
BNBUSDT,high,2023-01-16,True,True,False,2023-01-25 04:45:00,301.45,292.8,324.08,294.83,300.0,True,False,False,True,2.616184971098272,6.830057803468231,False
BNBUSDT,high,2023-03-20,True,False,True,,,,,,,,,,,,,
BNBUSDT,high,2023-09-25,True,False,True,,,,,,,,,,,,,
BNBUSDT,high,2024-01-01,False,False,False,,,,,,,,,,,,,
BNBUSDT,high,2024-01-08,False,False,False,,,,,,,,,,,,,
BNBUSDT,high,2024-01-29,True,True,False,2024-02-10 18:15:00,321.39,318.49,325.82,319.48,319.62,False,False,True,True,1.527586206896566,10.741379310344923,True
BNBUSDT,high,2024-04-15,True,False,True,,,,,,,,,,,,,
BNBUSDT,high,2024-05-27,True,True,False,2024-06-11 03:00:00,628.6,613.48,723.2,610.66,625.81,False,False,False,True,6.256613756613756,4.575396825396821,True
BNBUSDT,high,2024-07-08,True,True,False,2024-07-21 20:15:00,602.31,580.79,602.88,573.74,588.59,True,False,False,True,0.02648698884758599,5.671933085501866,False
BNBUSDT,high,2024-10-07,True,True,False,2024-10-15 18:15:00,595.38,577.73,600.34,581.94,587.4,True,False,True,True,0.28101983002833103,3.5762039660056772,False
BNBUSDT,high,2024-11-25,True,True,False,2024-12-10 10:00:00,703.9,633.0,794.0,651.95,688.24,False,False,False,True,1.2708039492242602,1.12157968970381,True
BNBUSDT,high,2024-12-23,True,False,True,,,,,,,,,,,,,
BNBUSDT,high,2024-12-30,True,False,True,,,,,,,,,,,,,
BNBUSDT,high,2025-04-14,True,True,False,2025-04-24 23:30:00,601.92,592.52,620.26,597.45,598.58,False,False,True,True,1.9510638297872422,9.411702127659613,True
BNBUSDT,high,2025-06-23,True,True,False,2025-07-01 07:00:00,653.99,651.56,660.0,655.12,655.18,False,False,True,True,2.4732510288065157,26.47736625514335,True
BNBUSDT,high,2025-08-04,True,False,True,,,,,,,,,,,,,
BNBUSDT,high,2025-08-25,False,False,False,,,,,,,,,,,,,
BNBUSDT,high,2025-09-22,True,True,False,2025-10-03 09:00:00,1105.18,1084.5,1113.47,1077.74,1084.78,True,True,True,True,0.4008704061895521,7.368471953578308,False
BNBUSDT,high,2025-11-24,True,True,False,2026-01-14 14:00:00,937.0,928.88,955.65,917.29,940.71,False,False,False,True,2.2967980295566464,19.184729064039423,False
BNBUSDT,high,2025-12-08,True,True,False,2026-01-14 14:00:00,937.0,928.88,955.65,917.29,940.71,False,False,False,True,2.2967980295566464,14.69950738916257,False
BNBUSDT,high,2025-12-22,True,True,False,2026-01-05 06:45:00,900.47,890.74,907.65,890.66,892.85,True,False,False,True,0.7379239465570335,7.539568345323716,False
BNBUSDT,high,2026-07-06,True,True,False,2026-08-01 04:30:00,592.35,584.37,596.6,576.45,585.82,False,False,True,True,0.532581453634084,7.2681704260651605,True
BNBUSDT,high,2026-07-20,True,True,False,2026-08-01 04:30:00,592.35,584.37,596.6,576.45,585.82,False,False,True,True,0.532581453634084,3.0877192982456054,True
BNBUSDT,high,2026-08-24,True,False,True,,,,,,,,,,,,,
BTCUSDT,low,2021-05-31,True,True,False,2021-06-09 08:30:00,33977.61,34489.0,30969.0,35353.5,34061.57,False,False,False,True,5.883200688320077,15.96748078765719,True
BTCUSDT,low,2021-09-13,True,True,False,2021-09-23 10:00:00,43719.83,44413.45,39503.58,44377.55,44148.84,False,False,False,True,6.0786165335486695,18.012499639572223,True
BTCUSDT,low,2021-12-06,True,True,False,2022-01-09 23:00:00,41980.74,42773.85,40456.56,43000.0,41931.0,True,False,False,True,1.921776298369708,24.495908512060097,False
BTCUSDT,low,2022-05-16,False,False,False,,,,,,,,,,,,,
BTCUSDT,low,2022-08-29,True,True,False,2022-09-07 19:45:00,18982.1,19188.0,18500.0,19650.4,19066.6,False,False,False,True,2.341427877610467,9.187469645458881,True
BTCUSDT,low,2022-11-14,True,True,False,2022-11-22 17:30:00,16110.0,16309.0,15443.2,16520.8,16284.3,False,False,False,True,3.3507537688442173,31.39396984924622,True
BTCUSDT,low,2023-05-01,True,False,True,,,,,,,,,,,,,
BTCUSDT,low,2023-05-15,True,False,True,,,,,,,,,,,,,
BTCUSDT,low,2023-09-04,True,False,True,,,,,,,,,,,,,
BTCUSDT,low,2024-12-23,True,True,False,2024-12-30 19:15:00,94128.2,94668.5,91510.0,93925.4,93892.5,False,False,False,True,4.84582639274474,33.22191375161927,True
BTCUSDT,low,2025-02-10,True,True,False,2025-03-02 18:30:00,92592.4,94971.0,78200.2,93612.9,92500.0,True,True,True,False,6.050702093668528,5.376187673421322,True
BTCUSDT,low,2025-03-03,True,False,True,,,,,,,,,,,,,
BTCUSDT,low,2025-05-26,True,False,True,,,,,,,,,,,,,
BTCUSDT,low,2025-10-13,True,False,True,,,,,,,,,,,,,
BTCUSDT,low,2026-02-16,True,False,True,,,,,,,,,,,,,
BTCUSDT,low,2026-06-08,True,True,False,2026-06-26 07:45:00,60491.0,60734.0,58030.0,62272.1,60649.1,False,False,False,True,10.127572016460906,67.49588477366255,False
BTCUSDT,high,2020-01-20,True,True,False,2020-01-30 00:45:00,9284.88,9210.42,9460.52,9052.27,9291.5,True,False,True,True,2.358850389470901,14.396185871609093,False
BTCUSDT,high,2020-03-16,True,True,False,2020-05-14 08:30:00,9548.0,7940.0,10080.0,7964.4,8121.03,True,False,False,False,0.3308457711442786,1.9868221393034835,False
BTCUSDT,high,2020-05-11,True,False,True,,,,,,,,,,,,,
BTCUSDT,high,2020-06-29,False,False,False,,,,,,,,,,,,,
BTCUSDT,high,2020-08-03,True,True,False,2020-08-19 06:30:00,11761.63,11620.0,12499.42,11549.75,11670.01,False,False,False,True,5.209277695403552,18.486620066370225,True
BTCUSDT,high,2020-09-07,False,False,False,,,,,,,,,,,,,
BTCUSDT,high,2021-01-11,False,False,False,,,,,,,,,,,,,
BTCUSDT,high,2021-03-01,True,True,False,2021-03-12 11:00:00,57002.93,55888.0,58283.0,56338.0,56342.0,False,False,False,True,1.148116922138609,13.614092364543064,False
BTCUSDT,high,2021-03-15,True,True,False,2021-04-14 18:15:00,62681.95,61641.63,64986.11,61550.0,62617.85,False,False,False,True,2.214856967087054,11.446526068901882,True
BTCUSDT,high,2021-08-02,True,True,False,2021-08-15 09:30:00,46140.0,45600.0,48300.0,45380.0,45950.0,False,False,False,True,4.0,27.799462962962963,True
BTCUSDT,high,2022-03-14,True,True,False,2022-04-10 23:15:00,42308.3,41838.0,48200.0,41350.0,41995.3,False,False,False,True,12.52753561556445,12.44460982351682,True
BTCUSDT,high,2022-08-01,True,False,True,,,,,,,,,,,,,
BTCUSDT,high,2022-10-17,True,True,False,2022-10-28 13:00:00,20261.9,19951.0,21030.0,19799.9,19970.6,True,False,False,True,2.470569314892232,5.519781280154372,False
BTCUSDT,high,2022-12-26,False,False,False,,,,,,,,,,,,,
BTCUSDT,high,2023-04-03,True,True,False,2023-04-20 04:15:00,28915.9,28520.2,31059.0,28590.0,29058.0,False,False,False,True,5.415971695729074,7.515036643922142,True
BTCUSDT,high,2023-06-26,True,False,True,,,,,,,,,,,,,
BTCUSDT,high,2023-08-21,False,False,False,,,,,,,,,,,,,
BTCUSDT,high,2023-12-11,True,True,False,2024-01-02 16:45:00,45393.4,44868.1,45950.0,44266.0,45153.0,False,False,True,True,1.0595849990481543,7.985532076908394,True
BTCUSDT,high,2023-12-25,True,True,False,2024-01-02 16:45:00,45393.4,44868.1,45950.0,44266.0,45153.0,False,False,True,True,1.0595849990481543,5.750618694079534,True
BTCUSDT,high,2024-05-27,True,False,True,,,,,,,,,,,,,
BTCUSDT,high,2024-07-08,True,True,False,2024-07-16 09:00:00,62931.3,62350.0,64988.8,61412.4,62400.0,True,False,False,True,3.539480474797849,19.675210734560366,False
BTCUSDT,high,2024-08-12,True,True,False,2024-08-26 09:45:00,63834.3,63074.5,65175.4,62307.6,63435.1,False,False,False,True,1.7650697551987278,16.7834956567517,True
BTCUSDT,high,2024-11-25,True,True,False,2024-12-06 14:15:00,99300.8,90200.0,104630.4,96634.6,97189.3,True,False,False,True,0.5856188466947949,1.1644141174402236,True
BTCUSDT,high,2025-06-23,True,False,True,,,,,,,,,,,,,
BTCUSDT,high,2025-08-04,True,False,True,,,,,,,,,,,,,
BTCUSDT,high,2025-10-20,True,True,False,2025-10-28 00:15:00,114190.1,113792.4,116380.2,113774.5,114300.0,False,False,False,True,5.506914759869065,35.614533568015034,True
BTCUSDT,high,2025-11-24,True,True,False,2026-01-15 04:15:00,96197.3,95733.1,97932.1,95288.0,96180.0,False,False,False,True,3.73718224903062,32.80288668677313,True
BTCUSDT,high,2026-03-09,True,True,False,2026-03-16 18:00:00,74178.5,72926.4,74481.5,73199.9,73345.9,True,False,False,True,0.24199345100231498,6.9324335117003155,False
BTCUSDT,high,2026-03-30,True,True,False,2026-04-08 16:15:00,71359.5,70671.6,72858.5,69068.6,71186.0,False,False,True,True,2.179095798807985,11.22561418810882,False
BTCUSDT,high,2026-08-03,False,False,False,,,,,,,,,,,,,
BTCUSDT,high,2026-08-10,False,False,False,,,,,,,,,,,,,
DOGEUSDT,low,2020-08-03,True,True,False,2020-09-04 22:45:00,0.002893,0.00296,0.002691,0.003005,0.002944,True,False,False,False,3.0149253731343433,11.447761194029892,False
DOGEUSDT,low,2021-03-15,True,True,False,2021-03-25 22:45:00,0.051434,0.052505,0.049594,0.053368,0.052223,False,False,False,True,1.7180205415499505,11.329598506069066,True
DOGEUSDT,low,2021-05-24,True,True,False,2021-06-23 13:45:00,0.23504,0.24846,0.16275,0.25112,0.23699,False,False,False,True,5.3867362146050715,26.81073025335323,True
DOGEUSDT,low,2021-06-07,False,False,False,,,,,,,,,,,,,
DOGEUSDT,low,2021-06-28,True,True,False,2021-07-20 22:45:00,0.16808,0.17995,0.15933,0.17286,0.16774,False,False,False,True,0.7371524852569514,11.119629317607421,True
DOGEUSDT,low,2021-08-30,False,False,False,,,,,,,,,,,,,
DOGEUSDT,low,2021-09-13,True,True,False,2021-09-23 00:15:00,0.22139,0.2306,0.19739,0.23064,0.22423,True,False,False,True,2.6058631921824107,14.966340933767649,False
DOGEUSDT,low,2021-11-01,True,False,True,,,,,,,,,,,,,
DOGEUSDT,low,2021-12-06,True,False,True,,,,,,,,,,,,,
DOGEUSDT,low,2021-12-20,True,True,False,2022-01-08 22:45:00,0.15252,0.15473,0.14501,0.15944,0.15429,True,False,False,True,3.3981900452488367,31.606334841628655,False
DOGEUSDT,low,2021-12-27,True,True,False,2022-01-11 13:15:00,0.15216,0.1666,0.13589,0.1679,0.1617,False,False,True,True,1.1267313019390561,1.8462603878116326,True
DOGEUSDT,low,2022-01-24,True,True,False,2022-02-26 07:00:00,0.12636,0.13047,0.10624,0.12926,0.12759,False,False,False,True,4.895377128953768,15.978102189781014,True
DOGEUSDT,low,2022-05-16,True,True,False,2022-06-12 19:15:00,0.06621,0.0695,0.06331,0.06916,0.06665,True,False,False,True,0.8814589665653492,16.62006079027352,False
DOGEUSDT,low,2022-05-30,True,True,False,2022-06-26 12:45:00,0.07183,0.07362,0.04901,0.07562,0.07282,False,False,True,True,12.748603351955312,6.826815642458105,True
DOGEUSDT,low,2022-07-04,True,True,False,2022-07-14 19:30:00,0.06197,0.06271,0.05733,0.0636,0.06248,False,False,False,True,6.270270270270229,22.2837837837835,True
DOGEUSDT,low,2022-09-26,True,True,False,2022-10-13 23:00:00,0.05966,0.06022,0.05491,0.05975,0.05906,False,False,False,True,8.482142857142778,29.321428571428136,True
DOGEUSDT,low,2022-11-14,True,False,True,,,,,,,,,,,,,
DOGEUSDT,low,2023-02-13,True,True,False,2023-02-27 05:45:00,0.08129,0.08264,0.07822,0.08367,0.08178,False,False,True,True,2.2740740740740697,12.999999999999886,False
DOGEUSDT,low,2023-04-10,True,True,False,2023-04-27 19:00:00,0.08032,0.08097,0.07452,0.0826,0.07915,False,False,False,True,8.923076923076952,53.09230769230787,False
DOGEUSDT,low,2023-05-01,True,True,False,2023-05-18 04:00:00,0.07443,0.07545,0.06882,0.0761,0.07531,True,True,True,False,5.499999999999952,8.784313725490131,False
DOGEUSDT,low,2023-05-15,True,True,False,2023-05-25 14:00:00,0.0703,0.07108,0.06828,0.07086,0.07082,False,False,True,True,2.5897435897435903,12.538461538461354,True
DOGEUSDT,low,2023-07-31,False,False,False,,,,,,,,,,,,,
DOGEUSDT,low,2024-04-15,True,True,False,2024-05-01 19:00:00,0.12918,0.13284,0.12002,0.12834,0.12557,False,False,False,True,2.5027322404371386,24.713114754098193,True
DOGEUSDT,low,2024-04-22,True,False,True,,,,,,,,,,,,,
DOGEUSDT,low,2024-05-27,True,True,False,2024-06-12 19:30:00,0.14582,0.1508,0.1335,0.15853,0.14988,True,True,True,False,2.4738955823293245,5.15863453815263,False
DOGEUSDT,low,2024-06-24,True,True,False,2024-07-15 00:00:00,0.11482,0.11696,0.09099,0.11685,0.11545,False,False,True,True,11.135514018691648,12.53738317757016,True
DOGEUSDT,low,2024-07-22,True,True,False,2024-08-03 07:45:00,0.11379,0.11468,0.1082,0.1156,0.11405,True,True,True,True,6.280898876404478,32.011235955056,False
DOGEUSDT,low,2025-01-20,True,True,False,2025-01-28 00:45:00,0.33227,0.33769,0.30441,0.34965,0.33689,False,False,True,True,5.14022140221404,27.59963099631006,False
DOGEUSDT,low,2025-02-10,True,True,False,2025-02-26 00:15:00,0.21024,0.21448,0.19545,0.21844,0.21393,True,False,False,True,3.4882075471698157,23.34669811320758,False
DOGEUSDT,low,2025-05-12,True,True,False,2025-06-24 07:00:00,0.16593,0.16763,0.14258,0.16544,0.16422,False,False,False,True,13.73529411764699,57.25882352941152,True
DOGEUSDT,low,2025-09-15,True,True,False,2025-09-29 00:00:00,0.23577,0.23758,0.22042,0.24021,0.23653,False,False,True,True,8.480662983425388,49.591160220994325,True
DOGEUSDT,low,2025-10-20,True,True,False,2025-11-08 13:45:00,0.1759,0.18329,0.15146,0.18272,0.17659,False,False,True,True,3.307171853856558,5.868741542625162,True
DOGEUSDT,low,2025-11-10,True,True,False,2025-11-18 02:45:00,0.15187,0.15451,0.14928,0.15751,0.15332,False,False,False,True,0.9810606060606082,13.462121212121152,True
DOGEUSDT,low,2025-11-24,True,False,True,,,,,,,,,,,,,
DOGEUSDT,low,2025-12-08,True,True,False,2025-12-19 17:45:00,0.12964,0.13249,0.11985,0.13607,0.13112,False,False,False,True,3.4350877192982585,6.915789473684238,False
DOGEUSDT,low,2025-12-22,True,False,True,,,,,,,,,,,,,
DOGEUSDT,low,2026-02-16,True,False,True,,,,,,,,,,,,,
DOGEUSDT,low,2026-06-08,True,True,False,2026-06-27 00:30:00,0.07524,0.07611,0.0714,0.07794,0.07561,False,False,False,True,4.413793103448293,24.78160919540242,False
DOGEUSDT,low,2026-06-15,False,False,False,,,,,,,,,,,,,
DOGEUSDT,low,2026-07-06,True,True,False,2026-07-25 06:15:00,0.06928,0.06979,0.06805,0.07211,0.06979,False,False,False,True,2.4117647058822937,19.058823529411374,True
DOGEUSDT,high,2020-07-20,True,True,False,2020-08-06 16:45:00,0.003635,0.003061,0.003872,0.003242,0.003245,False,False,False,True,0.4128919860627172,1.8344947735189878,True
DOGEUSDT,high,2020-08-10,True,False,True,,,,,,,,,,,,,
DOGEUSDT,high,2020-09-28,False,False,False,,,,,,,,,,,,,
DOGEUSDT,high,2020-10-05,False,False,False,,,,,,,,,,,,,
DOGEUSDT,high,2020-10-12,False,False,False,,,,,,,,,,,,,
DOGEUSDT,high,2020-10-19,False,False,False,,,,,,,,,,,,,
DOGEUSDT,high,2020-11-30,True,True,False,2020-12-23 12:45:00,0.004351,0.004096,0.005445,0.003954,0.004205,False,False,True,True,4.290196078431373,5.270588235294119,True
DOGEUSDT,high,2021-01-04,False,False,False,,,,,,,,,,,,,
DOGEUSDT,high,2021-01-18,False,False,False,,,,,,,,,,,,,
DOGEUSDT,high,2021-03-01,True,True,False,2021-03-15 07:30:00,0.056951,0.054975,0.064,0.0577,0.057858,False,False,True,True,3.5673076923076947,12.097672064777285,True
DOGEUSDT,high,2021-04-19,True,True,False,2021-05-09 15:15:00,0.504669,0.423,0.744178,0.455148,0.461155,False,False,False,True,2.932679474463993,4.231152579314057,True
DOGEUSDT,high,2021-04-26,True,True,False,2021-05-04 04:45:00,0.436302,0.390692,0.455148,0.390729,0.402,True,True,True,True,0.413198859899144,6.109405832054369,False
DOGEUSDT,high,2021-09-27,True,True,False,2021-10-07 04:30:00,0.2455,0.2352,0.27199,0.23203,0.23797,False,False,True,True,2.5718446601941753,2.6718446601941728,True
DOGEUSDT,high,2021-10-11,True,False,True,,,,,,,,,,,,,
DOGEUSDT,high,2022-02-28,True,True,False,2022-03-24 14:00:00,0.13499,0.13256,0.14434,0.13,0.13433,False,False,True,True,3.8477366255144214,17.559670781893054,False
DOGEUSDT,high,2022-08-01,True,True,False,2022-08-12 13:30:00,0.07079,0.06957,0.07565,0.06877,0.06972,True,True,True,True,3.983606557377044,15.008196721311496,False
DOGEUSDT,high,2022-10-17,False,False,False,,,,,,,,,,,,,
DOGEUSDT,high,2023-01-02,True,True,False,2023-01-10 08:15:00,0.07677,0.0735,0.07964,0.074,0.0745,True,True,True,False,0.8776758409785901,3.3486238532109662,False
DOGEUSDT,high,2023-06-12,True,True,False,2023-07-15 05:15:00,0.06924,0.06581,0.07319,0.06748,0.06858,True,False,False,True,1.1516034985422758,6.874635568513115,False
DOGEUSDT,high,2023-10-30,True,True,False,2023-11-07 14:00:00,0.0735,0.07252,0.07658,0.07296,0.0732,False,False,True,True,3.1428571428571592,16.010204081632747,False
DOGEUSDT,high,2023-11-20,True,True,False,2023-12-18 11:00:00,0.08881,0.08637,0.10758,0.08638,0.08642,False,False,False,True,7.692622950819677,7.418032786885255,True
DOGEUSDT,high,2024-01-08,True,True,False,2024-02-28 07:15:00,0.09627,0.0941,0.10071,0.09201,0.09424,True,True,True,False,2.0460829493087638,8.824884792626719,False
DOGEUSDT,high,2024-01-22,True,False,True,,,,,,,,,,,,,
DOGEUSDT,high,2024-01-29,True,True,False,2024-02-15 12:15:00,0.08635,0.08509,0.08831,0.08367,0.08539,False,False,True,True,1.5555555555555616,7.174603174603107,True
DOGEUSDT,high,2024-03-11,True,True,False,2024-03-29 10:00:00,0.21548,0.20857,0.2293,0.20169,0.21299,False,False,False,True,2.0,11.344428364688843,True
DOGEUSDT,high,2024-05-06,True,True,False,2024-05-23 21:00:00,0.15875,0.15004,0.1748,0.15774,0.16076,True,False,False,True,1.8427095292766955,7.087256027554539,False
DOGEUSDT,high,2024-07-08,True,True,False,2024-07-16 09:00:00,0.12073,0.11888,0.1278,0.11971,0.12111,False,False,False,True,3.821621621621609,23.372972972972917,True
DOGEUSDT,high,2024-08-12,True,True,False,2024-08-25 14:00:00,0.11013,0.10772,0.1154,0.10762,0.10958,False,False,False,True,2.186721991701235,13.004149377593302,True
DOGEUSDT,high,2024-10-07,True,True,False,2024-10-17 10:45:00,0.12287,0.12102,0.13006,0.12036,0.1235,False,False,True,True,3.8864864864865147,13.702702702702727,False
DOGEUSDT,high,2024-11-25,True,True,False,2024-12-09 07:30:00,0.44691,0.43829,0.485,0.44091,0.44204,False,False,False,True,4.4187935034803,18.29698375870077,True
DOGEUSDT,high,2024-12-23,True,False,True,,,,,,,,,,,,,
DOGEUSDT,high,2025-01-06,True,False,True,,,,,,,,,,,,,
DOGEUSDT,high,2025-03-17,True,True,False,2025-03-28 11:45:00,0.18169,0.1786,0.20574,0.17714,0.18039,False,False,False,True,7.7831715210356505,12.110032362459595,True
DOGEUSDT,high,2025-04-28,True,True,False,2025-05-31 00:30:00,0.19378,0.18834,0.25973,0.19291,0.19311,False,False,False,True,12.123161764705882,6.8474264705882355,True
DOGEUSDT,high,2025-06-23,False,False,False,,,,,,,,,,,,,
DOGEUSDT,high,2025-08-04,True,True,False,2025-08-14 06:30:00,0.24774,0.24415,0.25578,0.23996,0.2444,False,False,False,True,2.239554317548763,16.922005571030695,True
DOGEUSDT,high,2026-03-09,True,True,False,2026-03-17 07:00:00,0.10048,0.09938,0.10445,0.09807,0.09975,False,False,False,True,3.609090909090898,19.572727272727214,True
DOGEUSDT,high,2026-03-30,True,False,True,,,,,,,,,,,,,
DOGEUSDT,high,2026-04-20,True,True,False,2026-04-30 00:15:00,0.10557,0.1009,0.112,0.10015,0.1011,True,True,True,True,1.3768736616702386,1.7323340471091893,False
DOGEUSDT,high,2026-08-03,False,False,False,,,,,,,,,,,,,
ETHUSDT,low,2020-02-17,True,True,False,2020-02-27 12:30:00,227.22,233.52,210.01,235.22,232.58,False,False,True,True,2.7317460317460283,12.949206349206328,True
ETHUSDT,low,2020-06-08,True,True,False,2020-06-15 21:45:00,231.75,233.64,218.02,234.02,232.51,False,False,False,True,7.264550264550311,24.460317460317633,True
ETHUSDT,low,2021-03-15,True,True,False,2021-03-23 19:15:00,1699.99,1722.52,1652.58,1737.69,1714.3,True,False,False,True,2.104305370616961,13.893475366178455,False
ETHUSDT,low,2021-05-31,True,True,False,2021-06-21 03:30:00,2169.06,2277.0,2038.94,2277.0,2244.98,True,False,False,True,1.2054845284417253,8.560867148415781,False
ETHUSDT,low,2021-09-13,True,False,True,,,,,,,,,,,,,
ETHUSDT,low,2021-12-06,True,True,False,2022-01-12 19:00:00,3365.9,3392.0,2924.78,3403.37,3251.04,False,False,False,True,16.90114942528741,52.597318007663,False
ETHUSDT,low,2022-05-16,True,True,False,2022-05-27 14:30:00,1775.46,1821.85,1708.83,1825.16,1807.97,True,False,True,True,1.4363009269239122,16.285406337572798,False
ETHUSDT,low,2022-05-30,False,False,False,,,,,,,,,,,,,
ETHUSDT,low,2022-09-26,True,False,True,,,,,,,,,,,,,
ETHUSDT,low,2022-10-03,True,False,True,,,,,,,,,,,,,
ETHUSDT,low,2023-02-20,True,True,False,2023-03-10 16:45:00,1414.42,1438.17,1367.51,1480.0,1436.73,False,False,False,True,1.9751578947368456,10.059789473684214,True
ETHUSDT,low,2023-05-29,True,True,False,2023-06-17 17:45:00,1723.13,1775.0,1625.5,1821.17,1749.01,False,False,False,True,1.8822055137844673,2.643724696356283,True
ETHUSDT,low,2023-10-02,True,True,False,2023-10-11 12:30:00,1569.89,1577.89,1541.78,1577.25,1572.23,True,False,False,True,3.513750000000016,28.236250000000013,False
ETHUSDT,low,2024-10-28,True,True,False,2024-11-05 15:15:00,2436.92,2479.6,2356.0,2446.35,2445.81,False,False,False,True,1.8959700093720802,10.44189315838804,True
ETHUSDT,low,2024-12-23,True,True,False,2025-01-14 10:00:00,3224.98,3255.84,2900.0,3234.01,3205.0,False,False,True,True,10.530784186649342,36.77802981205428,True
ETHUSDT,low,2025-01-20,False,False,False,,,,,,,,,,,,,
ETHUSDT,low,2025-02-10,True,False,True,,,,,,,,,,,,,
ETHUSDT,low,2025-03-17,True,True,False,2025-04-04 10:15:00,1792.93,1834.7,1747.47,1881.09,1834.12,True,False,False,True,1.088340914531962,10.555901364615753,False
ETHUSDT,low,2025-08-25,True,False,True,,,,,,,,,,,,,
ETHUSDT,low,2025-09-15,True,True,False,2025-10-02 03:45:00,4374.99,4397.73,3822.0,4440.01,4308.77,False,False,True,True,24.31794195250682,26.076956904133926,True
ETHUSDT,low,2025-10-13,True,False,True,,,,,,,,,,,,,
ETHUSDT,low,2025-10-20,False,False,False,,,,,,,,,,,,,
ETHUSDT,low,2026-02-16,True,False,True,,,,,,,,,,,,,
ETHUSDT,low,2026-04-20,True,True,False,2026-05-19 01:45:00,2123.84,2146.99,2074.26,2175.04,2131.0,False,False,True,True,2.1416846652268124,10.312742980561728,False
ETHUSDT,high,2020-01-20,False,False,False,,,,,,,,,,,,,
ETHUSDT,high,2020-03-23,True,True,False,2020-04-10 16:45:00,156.33,152.0,176.16,150.97,153.44,False,False,True,True,4.57967667436488,11.29792147806001,False
ETHUSDT,high,2020-06-29,True,False,False,,,,,,,,,,,,,
ETHUSDT,high,2020-07-13,True,False,False,,,,,,,,,,,,,
ETHUSDT,high,2020-08-03,True,True,False,2020-08-16 15:45:00,430.62,413.01,445.66,395.78,418.0,True,False,False,True,0.8540601930721187,5.926178307779667,False
ETHUSDT,high,2020-09-28,True,True,False,2020-10-13 02:30:00,385.2,382.49,395.43,375.58,385.11,False,False,True,True,3.774907749077526,20.974169741697565,True
ETHUSDT,high,2020-10-26,False,False,False,,,,,,,,,,,,,
ETHUSDT,high,2021-01-11,True,True,False,2021-01-19 22:00:00,1420.5,1337.0,1444.05,1350.0,1365.0,False,False,True,True,0.28203592814371203,4.776287425149703,True
ETHUSDT,high,2021-03-01,True,True,False,2021-03-14 18:00:00,1869.11,1836.0,1948.75,1793.16,1859.0,False,False,True,True,2.4053156146179506,21.59740259740266,True
ETHUSDT,high,2022-06-20,True,True,False,2022-07-18 22:45:00,1513.66,1450.0,1530.0,1421.0,1462.08,True,False,False,True,0.25667609173735306,8.12849513038013,False
ETHUSDT,high,2022-08-01,True,False,True,,,,,,,,,,,,,
ETHUSDT,high,2022-11-14,True,True,False,2023-01-22 06:30:00,1631.06,1603.39,1682.44,1604.03,1643.0,False,False,False,True,1.856884712685233,18.56884712685228,True
ETHUSDT,high,2022-12-05,True,False,True,,,,,,,,,,,,,
ETHUSDT,high,2022-12-26,True,True,False,2023-01-06 13:45:00,1250.35,1233.0,1275.0,1217.04,1247.08,True,True,True,False,1.4207492795389176,4.704899135446717,False
ETHUSDT,high,2023-01-23,True,True,False,2023-02-02 22:30:00,1654.81,1625.0,1717.0,1648.76,1660.6,False,False,False,True,2.086212680308627,7.006373700100655,True
ETHUSDT,high,2023-05-15,True,True,False,2023-06-01 16:45:00,1875.69,1837.94,1930.0,1831.56,1844.06,False,False,False,True,1.4386754966887403,4.316291390728479,True
ETHUSDT,high,2023-11-13,True,True,False,2023-12-27 15:30:00,2355.39,2114.63,2407.63,2108.99,2152.86,True,True,True,True,0.21697956471174734,0.3061555075593957,False
ETHUSDT,high,2023-12-18,True,True,False,2023-12-29 03:30:00,2356.47,2311.07,2455.52,2294.0,2335.64,False,False,True,True,2.1817180616740304,5.338325991189473,True
ETHUSDT,high,2024-01-15,True,True,False,2024-02-17 16:45:00,2757.6,2718.35,2870.98,2656.13,2731.0,True,True,True,False,2.8886624203821682,13.165605095541402,False
ETHUSDT,high,2024-01-29,True,True,False,2024-02-12 14:30:00,2504.48,2470.05,2539.2,2462.94,2475.3,True,True,True,False,1.0084228870171352,7.578855649143227,False
ETHUSDT,high,2024-04-15,True,True,False,2024-05-21 22:15:00,3793.85,3677.4,3849.26,3703.0,3749.62,False,False,False,True,0.47582653499356287,7.601202232717919,True
ETHUSDT,high,2024-05-06,True,True,False,2024-06-14 19:15:00,3402.64,3361.05,3980.0,3120.0,3420.2,False,False,False,True,13.882183217119605,8.547727819187369,True
ETHUSDT,high,2024-07-08,True,False,True,,,,,,,,,,,,,
ETHUSDT,high,2024-09-09,True,True,False,2024-09-20 14:30:00,2553.34,2515.31,2572.18,2478.24,2515.56,True,False,False,True,0.4953983697081144,11.192216671049097,False
ETHUSDT,high,2024-10-07,True,True,False,2024-10-16 01:15:00,2622.54,2536.64,2688.76,2546.22,2615.0,True,False,True,True,0.7708963911525051,4.598253783469143,False
ETHUSDT,high,2025-05-19,True,True,False,2025-05-30 03:00:00,2636.14,2556.0,2788.88,2572.5,2606.7,False,False,False,True,1.9059146493636197,6.594459695532828,True
ETHUSDT,high,2025-06-23,False,False,False,,,,,,,,,,,,,
ETHUSDT,high,2025-11-24,True,True,False,2025-12-07 16:45:00,3038.51,2903.75,3239.27,3020.0,3028.05,True,False,False,True,1.4897595725734598,5.846913030572856,False
ETHUSDT,high,2025-12-22,True,True,False,2026-01-05 08:00:00,3163.4,3131.47,3221.0,3129.7,3132.24,True,False,False,True,1.8039461321640897,13.079549013466844,False
ETHUSDT,high,2026-03-30,True,True,False,2026-04-12 14:15:00,2191.3,2183.01,2329.99,2117.0,2226.28,False,False,True,True,16.729794933655032,32.85645355850438,False
ETHUSDT,high,2026-08-03,False,False,False,,,,,,,,,,,,,
ETHUSDT,high,2026-08-10,False,False,False,,,,,,,,,,,,,
LINKUSDT,low,2020-07-20,True,True,False,2020-07-28 10:00:00,7.038,7.422,6.444,7.385,7.316,False,False,False,True,1.546875000000003,5.986979166666674,True
LINKUSDT,low,2020-08-17,True,True,False,2020-09-06 14:30:00,11.618,12.405,8.955,12.182,11.795,False,False,False,True,3.3837357052096615,9.822109275730632,True
LINKUSDT,low,2020-08-24,True,True,False,2020-09-06 14:30:00,11.618,12.405,8.955,13.093,12.167,False,False,False,True,3.3837357052096615,7.146124523506998,False
LINKUSDT,low,2020-09-07,True,False,True,,,,,,,,,,,,,
LINKUSDT,low,2020-10-26,True,True,False,2020-11-04 20:00:00,10.489,10.666,9.741,10.779,10.399,False,False,False,True,4.225988700564987,22.18644067796615,True
LINKUSDT,low,2020-11-30,True,False,True,,,,,,,,,,,,,
LINKUSDT,low,2021-05-24,True,True,False,2021-06-29 08:00:00,19.143,19.599,14.964,20.547,19.578,False,False,False,True,9.164473684210536,74.3004385964913,True
LINKUSDT,low,2021-05-31,True,False,True,,,,,,,,,,,,,
LINKUSDT,low,2021-06-28,True,False,True,,,,,,,,,,,,,
LINKUSDT,low,2021-09-13,True,True,False,2021-10-02 04:30:00,25.857,26.717,20.802,26.921,26.274,False,False,False,True,5.87790697674419,21.10581395348839,True
LINKUSDT,low,2022-01-10,False,False,False,,,,,,,,,,,,,
LINKUSDT,low,2022-05-16,True,True,False,2022-06-14 09:45:00,6.14,6.471,5.288,6.712,6.336,False,False,False,True,2.5740181268882125,15.897280966767351,True
LINKUSDT,low,2022-07-04,True,False,True,,,,,,,,,,,,,
LINKUSDT,low,2022-12-05,True,True,False,2022-12-14 19:45:00,6.752,7.044,6.433,6.981,6.945,True,False,False,True,1.092465753424658,5.181506849315071,False
LINKUSDT,low,2023-05-01,True,True,False,2023-05-17 20:15:00,6.739,6.803,6.205,6.857,6.737,True,True,True,False,8.34374999999999,13.390624999999991,False
LINKUSDT,low,2023-05-15,True,True,False,2023-05-27 13:45:00,6.344,6.393,6.15,6.49,6.39,False,False,True,True,3.959183673469428,17.224489795918554,True
LINKUSDT,low,2023-07-24,False,False,False,,,,,,,,,,,,,
LINKUSDT,low,2024-12-16,True,False,True,,,,,,,,,,,,,
LINKUSDT,low,2024-12-23,True,True,False,2025-01-01 14:15:00,20.179,20.392,19.687,20.462,20.187,False,False,False,True,2.3098591549295544,51.652582159624174,True
LINKUSDT,low,2025-02-10,True,True,False,2025-02-26 00:00:00,15.277,15.573,14.019,15.912,15.41,False,False,False,True,4.2499999999999805,21.73986486486477,False
LINKUSDT,low,2025-09-15,True,True,False,2025-10-01 19:45:00,22.529,22.624,19.82,22.904,22.226,False,False,True,True,28.51578947368455,39.147368421053116,True
LINKUSDT,low,2025-10-20,True,True,False,2025-11-10 04:30:00,16.19,16.303,13.686,16.325,16.237,False,False,False,True,22.15929203539833,44.362831858407276,True
LINKUSDT,low,2026-02-16,True,True,False,2026-02-25 03:00:00,8.565,8.627,8.05,8.392,8.341,False,False,False,True,8.30645161290305,25.16129032258018,True
LINKUSDT,low,2026-05-11,True,True,False,2026-05-23 21:15:00,9.627,9.78,9.034,9.731,9.57,True,True,True,False,3.875816993464085,15.235294117647186,False
LINKUSDT,high,2020-02-17,True,True,False,2020-03-04 17:00:00,4.781,4.612,4.953,4.68,4.688,False,False,False,True,1.0177514792899467,10.14792899408287,True
LINKUSDT,high,2020-03-23,False,False,False,,,,,,,,,,,,,
LINKUSDT,high,2020-06-29,False,False,False,,,,,,,,,,,,,
LINKUSDT,high,2020-09-28,True,True,False,2020-10-20 23:00:00,10.037,9.913,11.793,9.55,9.968,False,False,True,True,14.16129032258057,40.499999999999794,False
LINKUSDT,high,2020-11-09,True,True,False,2020-11-20 08:45:00,14.225,12.51,14.394,13.015,13.017,True,False,False,True,0.09854227405247842,2.0501457725947523,False
LINKUSDT,high,2021-03-01,True,True,False,2021-04-07 11:45:00,31.629,30.3,35.242,31.19,31.31,False,False,True,True,2.7185854025583103,12.21068472535741,True
LINKUSDT,high,2021-04-19,True,True,False,2021-05-10 21:30:00,47.954,40.16,53.07,40.672,41.652,False,False,False,True,0.6564023607903512,1.4874262253015127,True
LINKUSDT,high,2021-04-26,True,False,True,,,,,,,,,,,,,
LINKUSDT,high,2021-11-01,True,True,False,2021-11-11 07:30:00,36.112,31.5,38.376,32.477,33.166,False,False,False,True,0.4908933217692964,0.9661751951431037,True
LINKUSDT,high,2021-12-06,True,True,False,2022-01-05 22:45:00,24.409,22.336,27.457,24.409,25.306,True,False,False,True,1.4703328509406663,6.941630487216593,True
LINKUSDT,high,2021-12-13,True,False,True,,,,,,,,,,,,,
LINKUSDT,high,2022-10-17,True,True,False,2022-11-01 15:15:00,7.764,7.633,8.325,7.617,7.701,False,False,True,True,4.282442748091588,10.778625954198453,True
LINKUSDT,high,2023-01-02,True,True,False,2023-01-10 04:45:00,6.098,5.964,6.254,5.981,6.072,True,True,True,False,1.1641791044776144,4.895522388059725,False
LINKUSDT,high,2023-01-30,True,False,True,,,,,,,,,,,,,
LINKUSDT,high,2023-04-03,True,True,False,2023-04-20 01:30:00,7.877,7.612,8.804,7.469,7.702,False,False,False,True,3.498113207547176,2.7924528301886866,True
LINKUSDT,high,2023-06-12,True,True,False,2023-07-02 18:15:00,6.394,6.33,6.551,6.347,6.411,True,False,True,True,2.4531249999999982,29.67187499999996,False
LINKUSDT,high,2023-08-21,True,True,False,2023-10-02 22:15:00,7.475,7.345,8.267,7.389,7.48,False,False,True,True,6.0923076923076955,17.215384615384625,True
LINKUSDT,high,2023-10-02,False,False,False,,,,,,,,,,,,,
LINKUSDT,high,2023-11-13,True,False,True,,,,,,,,,,,,,
LINKUSDT,high,2023-11-20,True,False,True,,,,,,,,,,,,,
LINKUSDT,high,2024-01-08,True,True,False,2024-01-17 12:45:00,15.976,15.728,16.143,15.349,15.732,True,False,True,True,0.6733870967741898,16.661290322580555,False
LINKUSDT,high,2024-04-15,True,True,False,2024-05-28 15:45:00,18.187,17.867,18.884,17.366,18.03,True,False,False,True,2.1781249999999956,23.399999999999988,False
LINKUSDT,high,2024-07-08,True,True,False,2024-07-21 20:00:00,14.586,13.966,14.771,13.892,13.989,True,False,False,True,0.2983870967741939,6.301612903225793,False
LINKUSDT,high,2024-08-12,True,True,False,2024-08-27 23:30:00,11.196,10.88,12.685,10.455,11.073,False,False,False,True,4.712025316455715,9.132911392405097,True
LINKUSDT,high,2025-04-28,True,True,False,2025-05-17 14:00:00,15.257,15.112,17.976,14.96,15.164,False,False,False,True,18.751724137931085,17.862068965517306,True
LINKUSDT,high,2025-06-23,False,False,False,,,,,,,,,,,,,
LINKUSDT,high,2025-11-24,True,True,False,2025-12-04 15:30:00,14.475,14.212,14.921,13.991,14.272,False,False,False,True,1.6958174904942962,9.441064638783269,True
LINKUSDT,high,2025-12-22,True,True,False,2026-01-08 07:15:00,13.271,13.057,14.231,13.257,13.265,False,False,False,True,4.485981308411202,11.509345794392498,True
LINKUSDT,high,2026-02-09,True,False,True,,,,,,,,,,,,,
LINKUSDT,high,2026-03-09,True,False,True,,,,,,,,,,,,,
LINKUSDT,high,2026-03-30,True,True,False,2026-04-29 22:00:00,9.111,8.904,9.865,8.913,8.95,True,True,True,True,3.642512077294671,8.16908212560384,False
LINKUSDT,high,2026-04-20,True,True,False,2026-05-16 07:30:00,9.828,9.724,10.87,9.739,9.755,False,False,False,True,10.019230769230845,11.76923076923086,True
LINKUSDT,high,2026-07-06,True,True,False,2026-07-17 15:45:00,8.163,8.001,8.632,7.994,8.197,True,False,True,True,2.8950617283950435,6.882716049382672,False
LINKUSDT,high,2026-08-03,False,False,False,,,,,,,,,,,,,
LINKUSDT,high,2026-08-24,True,True,False,2026-09-07 19:30:00,12.796,12.676,13.677,12.427,12.94,False,False,False,True,7.3416666666667165,26.13333333333351,True
LTCUSDT,low,2020-09-07,True,True,False,2020-09-28 07:00:00,46.2,47.13,41.51,47.66,47.1,False,False,False,True,5.043010752688179,22.129032258064523,True
LTCUSDT,low,2020-09-14,True,True,False,2020-09-28 07:00:00,46.2,47.13,41.51,47.66,47.1,False,False,False,True,5.043010752688179,7.752688172043014,True
LTCUSDT,low,2021-03-15,True,True,False,2021-03-26 18:45:00,180.91,182.54,168.03,187.27,178.43,False,False,False,True,7.901840490797565,31.858895705521565,True
LTCUSDT,low,2021-05-24,True,True,False,2021-06-29 01:30:00,139.91,142.2,104.83,149.42,141.35,False,False,False,True,15.318777292576472,97.01310043668155,False
LTCUSDT,low,2021-05-31,True,True,False,2021-06-29 01:30:00,139.91,142.2,104.83,149.42,141.35,False,False,False,True,15.318777292576472,30.432314410480455,False
LTCUSDT,low,2021-06-28,True,True,False,2021-07-20 16:45:00,107.74,109.46,103.72,112.65,107.57,False,False,False,True,2.3372093023255807,31.11627906976746,True
LTCUSDT,low,2021-12-06,True,True,False,2022-01-09 10:00:00,128.72,131.63,124.69,135.84,131.36,False,False,False,True,1.3848797250859126,31.402061855670144,False
LTCUSDT,low,2022-01-24,True,True,False,2022-02-24 16:30:00,97.27,99.21,91.32,104.77,98.64,False,False,False,True,3.0670103092783556,30.28865979381446,True
LTCUSDT,low,2022-04-18,True,True,False,2022-04-27 14:00:00,99.58,101.93,96.11,103.79,101.37,False,False,True,True,1.4765957446808453,4.885106382978708,False
LTCUSDT,low,2022-05-16,True,False,True,,,,,,,,,,,,,
LTCUSDT,low,2022-05-30,True,True,False,2022-06-07 22:30:00,63.85,65.46,60.06,65.63,65.01,True,True,True,False,2.354037267080756,10.6708074534162,False
LTCUSDT,low,2022-09-26,True,True,False,2022-10-13 23:15:00,51.26,51.57,48.26,51.45,51.16,False,False,False,True,9.677419354838639,23.483870967741744,True
LTCUSDT,low,2023-02-20,True,True,False,2023-03-23 00:45:00,86.14,89.26,65.0,89.45,89.18,False,False,False,True,6.775641025641016,5.0576923076923,True
LTCUSDT,low,2023-04-24,True,False,True,,,,,,,,,,,,,
LTCUSDT,low,2023-10-02,True,True,False,2023-10-10 04:00:00,63.17,63.63,61.46,64.15,63.47,False,False,False,True,3.717391304347821,15.217391304347798,False
LTCUSDT,low,2023-11-13,True,True,False,2023-11-25 11:30:00,70.78,72.33,64.95,72.66,72.07,False,False,False,True,3.761290322580651,8.52258064516131,True
LTCUSDT,low,2024-05-27,False,False,False,,,,,,,,,,,,,
LTCUSDT,low,2024-06-10,True,True,False,2024-06-19 08:15:00,73.81,74.93,70.6,76.33,73.72,False,False,True,True,2.866071428571424,9.357142857142822,False
LTCUSDT,low,2024-08-19,True,False,True,,,,,,,,,,,,,
LTCUSDT,low,2025-01-20,True,True,False,2025-02-10 01:30:00,107.74,113.18,79.71,113.65,112.1,False,False,False,True,5.152573529411754,11.902573529411738,True
LTCUSDT,low,2025-03-17,True,False,True,,,,,,,,,,,,,
LTCUSDT,low,2025-05-12,True,True,False,2025-06-23 15:30:00,81.17,82.24,76.11,82.2,81.75,False,False,False,True,4.728971962616854,24.65420560747679,True
LTCUSDT,low,2025-09-15,True,False,True,,,,,,,,,,,,,
LTCUSDT,low,2025-11-10,True,False,True,,,,,,,,,,,,,
LTCUSDT,low,2025-11-24,True,False,True,,,,,,,,,,,,,
LTCUSDT,low,2026-02-16,True,True,False,2026-02-25 03:00:00,52.6,52.95,50.11,52.07,51.95,False,False,False,True,7.114285714285691,20.82857142857136,True
LTCUSDT,low,2026-06-08,True,True,False,2026-06-25 23:00:00,40.93,41.24,39.25,41.76,41.04,False,False,False,True,5.419354838709637,39.48387096774165,True
LTCUSDT,low,2026-08-03,True,False,True,,,,,,,,,,,,,
LTCUSDT,high,2020-01-20,True,True,False,2020-02-01 01:00:00,69.01,65.41,70.3,62.84,65.59,True,True,True,True,0.3583333333333303,2.4638888888888806,False
LTCUSDT,high,2020-03-23,True,True,False,2020-04-08 02:30:00,45.74,43.67,47.72,43.18,44.05,False,False,False,True,0.9565217391304331,6.082125603864732,True
LTCUSDT,high,2020-05-11,True,False,True,,,,,,,,,,,,,
LTCUSDT,high,2020-06-29,True,True,False,2020-07-09 21:30:00,44.37,43.63,45.98,43.46,44.13,False,False,True,True,2.17567567567569,8.337837837837908,True
LTCUSDT,high,2020-08-03,True,True,False,2020-08-19 21:15:00,61.41,58.75,69.08,57.8,59.11,False,False,False,True,2.8834586466165457,8.552631578947384,True
LTCUSDT,high,2020-11-30,True,True,False,2020-12-18 01:00:00,107.26,97.0,110.0,93.75,99.16,True,False,True,True,0.2670565302144243,1.6851851851851836,False
LTCUSDT,high,2021-01-18,True,True,False,2021-02-11 09:45:00,189.02,167.7,196.15,169.85,172.44,True,True,True,True,0.33442776735459606,1.901969981238271,False
LTCUSDT,high,2021-03-01,True,True,False,2021-03-14 07:15:00,222.07,219.73,230.54,221.85,222.61,False,False,True,True,3.619658119658114,34.3418803418803,True
LTCUSDT,high,2021-04-26,True,True,False,2021-05-13 23:45:00,318.04,290.95,413.94,289.42,292.86,False,False,False,True,3.540051679586558,2.1026208933185644,True
LTCUSDT,high,2022-08-01,True,True,False,2022-08-13 20:45:00,63.74,63.15,65.65,63.05,63.35,True,False,False,True,3.2372881355932077,22.949152542372747,False
LTCUSDT,high,2022-10-17,True,True,False,2022-10-27 12:30:00,56.07,55.39,57.62,53.94,55.48,False,False,True,True,2.279411764705879,6.720588235294131,True
LTCUSDT,high,2022-11-14,True,True,False,2022-12-06 21:30:00,78.6,77.62,85.0,70.72,78.89,False,False,False,True,6.530612244898033,21.061224489796153,True
LTCUSDT,high,2022-11-28,True,True,False,2022-12-08 18:30:00,76.89,74.1,85.0,74.5,75.42,False,False,False,True,2.906810035842287,12.093189964157682,True
LTCUSDT,high,2023-02-06,True,False,True,,,,,,,,,,,,,
LTCUSDT,high,2023-03-13,True,True,False,2023-03-24 12:30:00,92.07,88.88,96.0,88.5,89.03,False,False,False,True,1.231974921630097,7.5454545454545485,True
LTCUSDT,high,2023-03-27,True,True,False,2023-04-12 12:30:00,92.45,90.76,97.0,90.73,92.14,True,False,False,True,2.6923076923076943,13.591715976331379,False
LTCUSDT,high,2023-05-22,True,False,True,,,,,,,,,,,,,
LTCUSDT,high,2023-10-30,True,False,True,,,,,,,,,,,,,
LTCUSDT,high,2024-01-15,True,True,False,2024-02-29 23:15:00,79.89,77.7,85.11,77.17,81.51,True,True,True,True,2.3835616438356184,6.219178082191783,False
LTCUSDT,high,2024-01-29,True,True,False,2024-02-12 14:00:00,70.85,70.32,73.11,70.46,70.52,True,False,True,True,4.264150943396227,21.5283018867924,False
LTCUSDT,high,2024-03-04,True,True,False,2024-03-12 17:45:00,96.85,91.52,105.86,91.08,94.55,False,False,False,True,1.6904315196998139,4.446529080675427,True
LTCUSDT,high,2024-05-06,True,True,False,2024-05-22 14:45:00,87.0,84.9,89.67,83.82,85.73,False,False,False,True,1.2714285714285756,4.642857142857162,True
LTCUSDT,high,2024-07-08,True,True,False,2024-07-31 02:15:00,72.83,71.04,76.76,71.53,72.9,False,False,False,True,2.195530726256997,12.921787709497261,True
LTCUSDT,high,2024-10-07,True,True,False,2024-10-23 11:15:00,68.8,68.46,76.19,68.21,68.65,False,False,True,True,21.73529411764684,23.617647058823255,True
LTCUSDT,high,2024-10-21,True,True,False,2024-11-10 21:15:00,75.43,73.5,78.26,75.83,76.16,True,False,True,True,1.46632124352331,6.678756476683907,True
LTCUSDT,high,2024-12-23,True,True,False,2025-01-18 08:15:00,125.91,123.33,141.25,120.58,124.21,False,False,False,True,5.945736434108532,19.620155038759705,True
LTCUSDT,high,2025-06-23,True,True,False,2025-07-04 11:00:00,88.33,86.96,92.27,86.19,87.21,False,False,True,True,2.875912408759113,9.751824817518226,True
LTCUSDT,high,2025-10-20,True,True,False,2025-10-28 00:15:00,99.79,98.6,103.14,98.76,98.84,True,False,False,True,2.815126050420135,15.621848739495645,False
LTCUSDT,high,2025-12-22,True,False,True,,,,,,,,,,,,,
LTCUSDT,high,2026-03-02,True,False,True,,,,,,,,,,,,,
LTCUSDT,high,2026-03-09,True,False,True,,,,,,,,,,,,,
LTCUSDT,high,2026-04-20,True,False,True,,,,,,,,,,,,,
LTCUSDT,high,2026-07-06,True,True,False,2026-07-25 09:45:00,45.9,45.75,48.13,45.55,46.0,True,False,True,True,14.866666666666834,35.200000000000344,False
LTCUSDT,high,2026-08-24,True,True,False,2026-09-10 08:15:00,52.48,52.21,59.41,50.88,52.21,False,False,True,True,25.666666666667044,54.44444444444528,True
SOLUSDT,low,2020-09-21,True,False,True,,,,,,,,,,,,,
SOLUSDT,low,2020-11-30,True,True,False,2020-12-15 14:00:00,1.7466,1.8012,1.4316,1.7826,1.7156,False,False,False,True,5.76923076923077,14.802197802197803,True
SOLUSDT,low,2020-12-14,True,True,False,2020-12-25 06:00:00,1.4005,1.4514,1.069,1.4547,1.4142,False,False,False,True,6.5127701375245675,8.603143418467596,True
SOLUSDT,low,2021-05-03,True,True,False,2021-05-12 01:45:00,44.61,45.646,38.2509,44.8408,44.4,False,False,True,True,6.138127413127403,12.996332046332034,True
SOLUSDT,low,2021-09-13,True,False,True,,,,,,,,,,,,,
SOLUSDT,low,2021-11-08,True,False,True,,,,,,,,,,,,,
SOLUSDT,low,2022-04-04,True,True,False,2022-04-12 14:15:00,105.06,109.26,97.98,109.51,104.78,True,False,True,True,1.6857142857142842,8.569047619047616,False
SOLUSDT,low,2022-05-16,True,True,False,2022-06-05 13:45:00,38.93,39.98,35.65,40.2,38.77,False,False,False,True,3.123809523809533,39.92380952380963,True
SOLUSDT,low,2022-10-03,True,True,False,2022-10-14 06:00:00,31.59,31.96,27.12,31.82,31.6,True,True,True,True,12.081081081081045,10.135135135135098,False
SOLUSDT,low,2022-11-14,True,False,True,,,,,,,,,,,,,
SOLUSDT,low,2022-11-28,True,True,False,2022-12-28 01:00:00,10.911,11.17,10.7,11.185,11.163,True,False,False,True,0.8146718146718147,15.725868725868708,False
SOLUSDT,low,2023-01-30,True,True,False,2023-02-12 21:30:00,21.534,22.529,19.66,22.56,21.799,False,False,True,True,1.8834170854271326,4.204020100502508,True
SOLUSDT,low,2023-05-01,True,True,False,2023-05-15 14:00:00,21.247,21.518,19.626,21.643,21.422,True,False,True,True,5.981549815498132,17.21402214022135,False
SOLUSDT,low,2023-07-17,True,True,False,2023-08-23 11:00:00,20.662,20.924,19.2,20.916,20.718,False,False,False,True,5.580152671755714,51.04198473282433,True
SOLUSDT,low,2024-01-08,True,True,False,2024-01-23 17:45:00,82.556,83.877,78.96,83.607,83.5,False,False,False,True,2.7221801665405065,24.705526116578373,True
SOLUSDT,low,2024-01-15,True,False,True,,,,,,,,,,,,,
SOLUSDT,low,2024-03-25,True,True,False,2024-04-15 11:00:00,152.024,156.048,112.917,166.7,154.428,False,False,False,True,9.718439363817096,9.329771371769382,True
SOLUSDT,low,2024-05-27,False,False,False,,,,,,,,,,,,,
SOLUSDT,low,2024-12-23,True,True,False,2025-01-14 00:00:00,181.88,183.71,167.71,184.08,182.47,False,False,False,True,7.743169398907044,32.99453551912547,True
SOLUSDT,low,2025-01-20,True,True,False,2025-02-19 12:45:00,171.53,174.24,160.77,175.32,170.85,False,False,False,True,3.970479704797033,48.601476014759996,True
SOLUSDT,low,2025-02-10,True,True,False,2025-02-19 12:45:00,171.53,174.24,160.77,175.32,170.85,False,False,True,True,3.970479704797033,16.516605166051598,True
SOLUSDT,low,2025-10-13,True,True,False,2025-12-04 01:45:00,144.09,146.87,121.02,152.15,146.1,True,False,False,False,8.298561151079136,35.708633093525165,False
SOLUSDT,low,2025-10-20,False,False,False,,,,,,,,,,,,,
SOLUSDT,low,2025-12-08,True,True,False,2025-12-18 14:30:00,124.89,127.91,121.24,132.0,127.22,False,False,False,True,1.2086092715231822,8.496688741721869,False
SOLUSDT,low,2026-02-16,True,False,True,,,,,,,,,,,,,
SOLUSDT,low,2026-04-20,True,True,False,2026-05-01 14:15:00,84.13,84.82,81.31,84.94,84.66,False,False,True,True,4.086956521739134,17.594202898550783,True
SOLUSDT,low,2026-07-20,True,True,False,2026-07-28 17:30:00,73.61,74.55,72.3,75.1,74.26,True,False,False,True,1.3936170212766015,6.361702127659609,False
SOLUSDT,high,2020-11-09,True,True,False,2020-11-22 13:15:00,2.1697,2.0302,2.5204,2.0564,2.1533,False,False,False,True,2.513978494623647,11.158422939068068,True
SOLUSDT,high,2021-03-01,True,True,False,2021-03-28 19:30:00,18.5733,17.8595,19.413,17.5553,18.1598,False,False,True,True,1.1763799383580857,12.476183804987407,False
SOLUSDT,high,2021-10-04,True,True,False,2021-10-21 19:00:00,187.363,177.948,194.719,177.0,180.105,True,False,True,True,0.7813064259160915,4.309824747742967,False
SOLUSDT,high,2022-07-04,True,True,False,2022-07-18 21:15:00,40.51,39.66,42.72,39.54,40.26,True,False,False,True,2.5999999999999965,13.247058823529395,False
SOLUSDT,high,2022-08-01,True,True,False,2022-08-14 21:00:00,45.39,44.43,48.38,44.82,45.23,False,False,False,True,3.1145833333333326,13.802083333333321,True
SOLUSDT,high,2023-04-03,True,True,False,2023-04-21 18:00:00,21.758,21.361,26.067,21.299,22.207,False,False,False,True,10.853904282115913,5.710327455919425,True
SOLUSDT,high,2023-06-12,True,True,False,2023-07-09 22:15:00,21.188,21.0,22.468,20.359,21.02,False,False,True,True,6.80851063829792,54.819148936170556,False
SOLUSDT,high,2023-11-20,True,False,True,,,,,,,,,,,,,
SOLUSDT,high,2024-04-15,True,True,False,2024-05-21 09:30:00,182.468,180.241,188.955,179.5,182.229,False,False,False,True,2.9128872923215514,33.324202963628586,True
SOLUSDT,high,2024-07-08,True,False,True,,,,,,,,,,,,,
SOLUSDT,high,2024-10-07,True,True,False,2024-10-15 16:30:00,155.59,150.19,159.98,148.829,150.834,False,False,True,True,0.8129629629629596,5.721481481481473,False
SOLUSDT,high,2025-03-17,True,True,False,2025-03-26 20:15:00,137.99,136.13,147.41,132.78,137.68,False,False,False,True,5.0645161290322145,12.655913978494542,True
SOLUSDT,high,2025-04-28,False,False,False,,,,,,,,,,,,,
SOLUSDT,high,2025-06-23,True,False,True,,,,,,,,,,,,,
SOLUSDT,high,2025-08-04,True,True,False,2025-08-13 15:30:00,198.26,194.6,205.07,193.79,195.2,True,False,True,True,1.8606557377049204,10.01639344262296,False
SOLUSDT,high,2025-09-01,True,True,False,2025-09-09 16:00:00,214.05,211.66,219.74,208.83,212.92,True,True,True,True,2.380753138075298,15.368200836819973,False
SOLUSDT,high,2025-11-24,True,False,True,,,,,,,,,,,,,
SOLUSDT,high,2025-12-22,True,True,False,2026-01-05 00:00:00,134.53,133.03,135.5,132.07,133.26,True,False,False,True,0.646666666666666,13.040000000000001,False
SOLUSDT,high,2026-03-09,True,True,False,2026-03-18 17:30:00,89.96,88.51,97.65,88.77,91.15,False,False,False,True,5.303448275862118,12.524137931034588,True
SOLUSDT,high,2026-06-08,True,False,True,,,,,,,,,,,,,
SOLUSDT,high,2026-07-06,False,False,False,,,,,,,,,,,,,
SOLUSDT,high,2026-08-10,False,False,False,,,,,,,,,,,,,
XRPUSDT,low,2020-05-11,False,False,False,,,,,,,,,,,,,
XRPUSDT,low,2020-09-07,True,False,True,,,,,,,,,,,,,
XRPUSDT,low,2020-11-30,False,False,False,,,,,,,,,,,,,
XRPUSDT,low,2021-05-24,True,True,False,2021-06-23 08:00:00,0.6446,0.659,0.5085,0.6517,0.6496,False,False,False,True,9.451388888888836,73.02083333333293,True
XRPUSDT,low,2021-09-13,True,True,False,2021-09-22 18:45:00,0.9714,0.9948,0.8579,1.037,0.9941,False,False,False,True,4.850427350427357,25.452991452991476,True
XRPUSDT,low,2021-10-11,True,True,False,2021-10-29 05:15:00,1.0692,1.088,0.931,1.1014,1.0818,False,False,True,True,7.351063829787169,15.430851063829653,True
XRPUSDT,low,2021-10-18,True,True,False,2021-10-29 05:15:00,1.0692,1.088,0.931,1.1014,1.0818,False,False,True,True,7.351063829787169,12.12234042553183,True
XRPUSDT,low,2021-12-06,True,True,False,2022-01-26 20:00:00,0.6252,0.6584,0.5468,0.6648,0.6535,False,False,False,True,2.36144578313253,15.135542168674695,True
XRPUSDT,low,2022-02-14,True,True,False,2022-02-24 22:30:00,0.6798,0.7238,0.6208,0.7213,0.7139,False,False,False,True,1.3409090909090884,5.806818181818177,True
XRPUSDT,low,2022-04-18,False,False,False,,,,,,,,,,,,,
XRPUSDT,low,2022-05-16,True,False,True,,,,,,,,,,,,,
XRPUSDT,low,2022-07-04,True,False,True,,,,,,,,,,,,,
XRPUSDT,low,2022-08-01,True,True,False,2022-08-26 10:00:00,0.3596,0.371,0.3226,0.3727,0.3704,True,False,False,True,3.245614035087711,10.473684210526287,False
XRPUSDT,low,2022-09-26,True,True,False,2022-11-26 16:45:00,0.4003,0.4196,0.311,0.43,0.4111,False,False,False,False,4.62694300518135,14.502590673575135,True
XRPUSDT,low,2022-10-10,True,False,True,,,,,,,,,,,,,
XRPUSDT,low,2022-11-14,True,False,True,,,,,,,,,,,,,
XRPUSDT,low,2022-11-28,True,False,True,,,,,,,,,,,,,
XRPUSDT,low,2023-04-03,True,True,False,2023-04-23 15:15:00,0.4591,0.4759,0.4394,0.4801,0.4751,False,False,False,True,1.1726190476190486,9.54166666666668,False
XRPUSDT,low,2023-05-01,True,True,False,2023-05-12 19:15:00,0.419,0.4442,0.4067,0.4451,0.4406,False,False,False,True,0.4880952380952372,1.753968253968248,True
XRPUSDT,low,2023-06-19,True,False,True,,,,,,,,,,,,,
XRPUSDT,low,2023-07-17,False,False,False,,,,,,,,,,,,,
XRPUSDT,low,2023-09-04,True,False,True,,,,,,,,,,,,,
XRPUSDT,low,2023-10-02,True,True,False,2023-10-16 15:15:00,0.4943,0.511,0.4715,0.495,0.4909,False,False,False,True,1.3652694610778475,3.72455089820359,True
XRPUSDT,low,2023-12-11,True,True,False,2024-01-11 15:15:00,0.609,0.6246,0.4812,0.6267,0.6192,False,False,False,False,8.19230769230766,12.35256410256406,True
XRPUSDT,low,2024-03-25,True,True,False,2024-04-05 09:15:00,0.5758,0.6174,0.5626,0.6106,0.6035,False,False,True,True,0.3173076923076923,2.6225961538461564,True
XRPUSDT,low,2024-05-27,False,False,False,,,,,,,,,,,,,
XRPUSDT,low,2024-06-10,True,False,True,,,,,,,,,,,,,
XRPUSDT,low,2024-10-07,True,True,False,2024-10-29 19:15:00,0.5273,0.531,0.4858,0.5309,0.5292,False,False,False,True,11.2162162162161,45.7027027027022,True
XRPUSDT,low,2025-01-20,True,False,True,,,,,,,,,,,,,
XRPUSDT,low,2025-02-17,True,True,False,2025-02-26 00:30:00,2.2862,2.3642,2.0631,2.3784,2.3347,True,False,True,True,2.860256410256417,6.128205128205143,False
XRPUSDT,low,2025-03-03,True,False,True,,,,,,,,,,,,,
XRPUSDT,low,2025-07-21,True,True,False,2025-08-03 12:00:00,2.8637,2.8922,2.7266,2.9286,2.8644,False,False,False,True,4.810526315789524,32.31929824561434,True
XRPUSDT,low,2025-08-11,True,True,False,2025-08-20 09:45:00,2.8853,2.913,2.8474,2.925,2.905,False,False,False,True,1.3682310469314176,16.801444043321407,False
XRPUSDT,low,2025-09-15,True,True,False,2025-09-24 21:30:00,2.9538,2.9948,2.6704,2.9916,2.9873,False,False,True,True,6.91219512195124,10.178048780487824,True
XRPUSDT,low,2025-11-24,True,True,False,2025-12-19 13:30:00,1.8725,1.8872,1.7703,1.8709,1.8239,False,False,False,True,6.952380952380987,36.666666666666835,True
XRPUSDT,low,2026-02-16,True,True,False,2026-02-23 13:45:00,1.395,1.4247,1.329,1.4157,1.394,True,False,False,True,2.2222222222222197,12.872053872053849,False
XRPUSDT,low,2026-06-08,True,True,False,2026-06-26 08:00:00,1.0408,1.0524,1.0081,1.0671,1.0472,False,False,False,True,2.8189655172413617,24.431034482758513,True
XRPUSDT,low,2026-07-06,True,True,False,2026-08-07 14:00:00,1.0258,1.0432,1.0145,1.0417,1.0371,True,False,False,True,0.6494252873563321,9.609195402298916,False
XRPUSDT,high,2020-01-20,True,True,False,2020-02-08 04:30:00,0.2746,0.2631,0.2895,0.2537,0.2631,True,True,True,True,1.2956521739130396,2.2086956521738994,False
XRPUSDT,high,2020-03-16,True,True,False,2020-04-30 11:00:00,0.2217,0.21,0.2364,0.21,0.2104,False,False,False,True,1.256410256410254,9.27350427350426,True
XRPUSDT,high,2020-03-30,True,False,True,,,,,,,,,,,,,
XRPUSDT,high,2020-06-08,True,True,False,2020-07-26 13:00:00,0.2159,0.213,0.2257,0.2086,0.2131,False,False,True,True,3.379310344827571,21.310344827586064,False
XRPUSDT,high,2020-06-29,True,True,False,2020-07-10 16:45:00,0.1992,0.1919,0.2122,0.1852,0.1956,False,False,True,True,1.7808219178082205,1.8767123287671255,False
XRPUSDT,high,2020-07-13,True,True,False,2020-07-26 13:00:00,0.2159,0.213,0.2257,0.2086,0.2131,False,False,True,True,3.379310344827571,11.10344827586198,False
XRPUSDT,high,2020-10-26,True,False,True,,,,,,,,,,,,,
XRPUSDT,high,2021-01-11,True,True,False,2021-02-01 22:45:00,0.3896,0.36,0.7577,0.3406,0.3609,False,False,True,True,12.435810810810805,4.7162162162162105,True
XRPUSDT,high,2021-02-08,False,False,False,,,,,,,,,,,,,
XRPUSDT,high,2021-02-15,True,True,False,2021-02-23 09:15:00,0.4489,0.3523,0.6535,0.4588,0.4633,True,False,False,False,2.1180124223602474,4.4513457556935805,True
XRPUSDT,high,2021-03-01,False,False,False,,,,,,,,,,,,,
XRPUSDT,high,2021-03-08,True,True,False,2021-03-25 19:45:00,0.5213,0.4485,0.6014,0.4438,0.45,True,True,True,False,1.1002747252747265,0.7760989010988998,False
XRPUSDT,high,2021-06-28,False,False,False,,,,,,,,,,,,,
XRPUSDT,high,2021-08-16,True,False,True,,,,,,,,,,,,,
XRPUSDT,high,2021-12-13,True,True,False,2021-12-22 15:45:00,0.9513,0.9221,0.9738,0.9283,0.931,True,False,False,True,0.7705479452054781,5.794520547945205,False
XRPUSDT,high,2022-01-24,True,False,True,,,,,,,,,,,,,
XRPUSDT,high,2022-03-14,True,True,False,2022-03-22 20:45:00,0.8345,0.8268,0.8652,0.8178,0.8325,False,False,False,True,3.98701298701296,20.844155844155733,False
XRPUSDT,high,2022-10-24,True,False,True,,,,,,,,,,,,,
XRPUSDT,high,2023-03-13,True,True,False,2023-03-22 21:00:00,0.4249,0.4079,0.4927,0.3932,0.4265,True,True,True,False,3.988235294117645,1.8764705882352914,False
XRPUSDT,high,2023-07-03,False,False,False,,,,,,,,,,,,,
XRPUSDT,high,2023-11-27,True,False,True,,,,,,,,,,,,,
XRPUSDT,high,2024-01-08,True,True,False,2024-03-03 12:15:00,0.6298,0.58,0.6525,0.6041,0.6206,True,False,False,True,0.455823293172689,3.4578313253011963,False
XRPUSDT,high,2024-02-05,True,True,False,2024-02-23 20:45:00,0.5411,0.5252,0.5797,0.5254,0.5288,True,True,True,True,2.427672955974837,3.440251572327037,False
XRPUSDT,high,2024-02-19,True,True,False,2024-02-29 23:15:00,0.5891,0.5764,0.6269,0.5777,0.5821,True,True,True,True,2.9763779527559255,4.496062992126011,False
XRPUSDT,high,2024-07-22,True,True,False,2024-08-01 06:30:00,0.6112,0.5955,0.6583,0.602,0.6112,False,False,False,True,3.000000000000014,9.165605095541434,True
XRPUSDT,high,2024-08-12,True,False,True,,,,,,,,,,,,,
XRPUSDT,high,2024-10-28,False,False,False,,,,,,,,,,,,,
XRPUSDT,high,2024-12-23,True,True,False,2025-01-15 13:30:00,2.8435,2.7123,2.8925,2.6788,2.782,True,False,False,True,0.37347560975609645,4.985518292682917,False
XRPUSDT,high,2025-04-14,True,True,False,2025-04-23 17:00:00,2.2395,2.1892,2.3011,2.1708,2.1933,False,False,False,True,1.2246520874751463,12.755467196819081,True
XRPUSDT,high,2025-06-23,True,True,False,2025-07-08 05:30:00,2.2716,2.2471,2.3532,2.2345,2.26,True,True,True,False,3.330612244898008,20.187755102041017,False
XRPUSDT,high,2025-12-22,True,False,True,,,,,,,,,,,,,
XRPUSDT,high,2026-03-02,True,False,True,,,,,,,,,,,,,
XRPUSDT,high,2026-03-09,True,True,False,2026-03-16 12:15:00,1.4786,1.4641,1.4889,1.4647,1.4669,True,False,False,True,0.7103448275862073,9.993103448275894,False
XRPUSDT,high,2026-04-20,True,True,False,2026-05-16 10:45:00,1.4063,1.3951,1.5488,1.3976,1.4104,False,False,False,True,12.72321428571416,26.20535714285692,True
