sym,side,ib_week,open,t0,inval,sig,status
ETHUSDT,low,2020-02-17,False,2020-02-26 16:45:00,2020-03-09 00:00:00,2020-03-06 08:00:00,signal
ETHUSDT,low,2020-06-08,False,2020-06-15 06:15:00,None,2020-06-15 20:00:00,signal
ETHUSDT,low,2021-03-15,False,2021-03-22 21:00:00,None,2021-03-24 08:00:00,signal
ETHUSDT,low,2021-05-31,False,2021-06-20 11:00:00,2021-06-28 00:00:00,2021-06-20 20:00:00,signal
ETHUSDT,low,2021-09-13,False,2021-09-20 12:30:00,None,2021-09-22 16:00:00,signal
ETHUSDT,low,2021-12-06,False,2022-01-06 08:30:00,2022-01-10 00:00:00,None,invalidated
ETHUSDT,low,2022-05-16,False,2022-05-26 13:00:00,2022-06-13 00:00:00,2022-05-30 04:00:00,signal
ETHUSDT,low,2022-05-30,False,2022-06-10 16:15:00,2022-06-13 00:00:00,None,invalidated
ETHUSDT,low,2022-09-26,False,2022-10-13 12:30:00,None,2022-10-13 20:00:00,signal
ETHUSDT,low,2022-10-03,False,2022-10-13 10:15:00,2022-11-14 00:00:00,2022-10-13 20:00:00,signal
ETHUSDT,low,2023-02-20,False,2023-03-09 20:30:00,None,2023-03-12 20:00:00,signal
ETHUSDT,low,2023-05-29,False,2023-06-10 05:15:00,2023-06-12 00:00:00,None,invalidated
ETHUSDT,low,2023-10-02,False,2023-10-09 16:00:00,2023-10-16 00:00:00,None,invalidated
ETHUSDT,low,2024-10-28,False,2024-11-04 21:15:00,None,2024-11-06 04:00:00,signal
ETHUSDT,low,2024-12-23,False,2025-01-13 11:30:00,2025-02-03 00:00:00,2025-01-14 12:00:00,signal
ETHUSDT,low,2025-01-20,False,2025-02-02 19:15:00,2025-02-03 00:00:00,None,invalidated
ETHUSDT,low,2025-02-10,False,2025-02-28 06:45:00,2025-03-10 00:00:00,2025-02-28 20:00:00,signal
ETHUSDT,low,2025-03-17,False,2025-04-03 12:45:00,2025-04-07 00:00:00,2025-04-04 00:00:00,signal
ETHUSDT,low,2025-08-25,False,2025-09-22 06:00:00,2025-10-20 00:00:00,2025-09-29 00:00:00,signal
ETHUSDT,low,2025-09-15,False,2025-09-22 02:30:00,2025-09-29 00:00:00,None,invalidated
ETHUSDT,low,2025-10-13,False,2025-11-04 17:00:00,2025-11-17 00:00:00,2025-11-09 16:00:00,signal
ETHUSDT,low,2025-10-20,False,2025-11-03 10:45:00,2025-11-10 00:00:00,None,invalidated
ETHUSDT,low,2026-02-16,False,2026-02-23 01:00:00,None,2026-02-25 16:00:00,signal
ETHUSDT,low,2026-04-20,False,2026-05-16 09:15:00,2026-05-18 00:00:00,None,invalidated
ETHUSDT,low,2026-09-28,True,2026-10-07 02:00:00,None,None,open
ETHUSDT,high,2020-01-20,False,2020-01-30 16:15:00,2020-02-03 00:00:00,None,invalidated
ETHUSDT,high,2020-03-23,False,2020-04-06 09:15:00,2020-04-13 00:00:00,None,invalidated
ETHUSDT,high,2020-06-29,False,2020-07-22 22:15:00,2020-07-27 00:00:00,None,invalidated
ETHUSDT,high,2020-07-13,False,2020-07-22 22:15:00,2020-07-27 00:00:00,None,invalidated
ETHUSDT,high,2020-08-03,False,2020-08-13 21:00:00,2020-08-17 00:00:00,None,invalidated
ETHUSDT,high,2020-09-28,False,2020-10-10 02:30:00,2020-10-19 00:00:00,2020-10-14 20:00:00,signal
ETHUSDT,high,2020-10-26,False,2020-11-05 23:00:00,2020-11-09 00:00:00,None,invalidated
ETHUSDT,high,2021-01-11,False,2021-01-19 07:45:00,2021-01-25 00:00:00,2021-01-20 04:00:00,signal
ETHUSDT,high,2021-03-01,False,2021-03-13 20:00:00,2021-04-05 00:00:00,2021-03-15 12:00:00,signal
ETHUSDT,high,2022-06-20,False,2022-07-18 06:30:00,2022-07-25 00:00:00,None,invalidated
ETHUSDT,high,2022-08-01,False,2022-08-08 11:30:00,2022-08-15 00:00:00,2022-08-09 12:00:00,signal
ETHUSDT,high,2022-11-14,False,2023-01-14 00:30:00,2023-01-23 00:00:00,None,invalidated
ETHUSDT,high,2022-12-05,False,2022-12-13 13:30:00,2023-01-16 00:00:00,2022-12-15 08:00:00,signal
ETHUSDT,high,2022-12-26,False,2023-01-04 03:00:00,2023-01-09 00:00:00,None,invalidated
ETHUSDT,high,2023-01-23,False,2023-02-02 00:30:00,None,2023-02-03 00:00:00,signal
ETHUSDT,high,2023-05-15,False,2023-05-28 22:00:00,2023-05-29 00:00:00,None,invalidated
ETHUSDT,high,2023-11-13,False,2023-12-02 18:30:00,2023-12-04 00:00:00,None,invalidated
ETHUSDT,high,2023-12-18,False,2023-12-27 15:30:00,2024-01-15 00:00:00,2023-12-30 12:00:00,signal
ETHUSDT,high,2024-01-15,False,2024-02-14 09:00:00,2024-02-19 00:00:00,None,invalidated
ETHUSDT,high,2024-01-29,False,2024-02-09 08:30:00,2024-02-12 00:00:00,None,invalidated
ETHUSDT,high,2024-04-15,False,2024-05-21 10:15:00,2024-05-27 00:00:00,2024-05-22 12:00:00,signal
ETHUSDT,high,2024-05-06,False,2024-05-20 19:15:00,2024-05-27 00:00:00,None,invalidated
ETHUSDT,high,2024-07-08,False,2024-07-19 19:00:00,2024-07-22 00:00:00,None,invalidated
ETHUSDT,high,2024-09-09,False,2024-09-20 07:45:00,2024-09-23 00:00:00,None,invalidated
ETHUSDT,high,2024-10-07,False,2024-10-15 13:45:00,2024-10-21 00:00:00,None,invalidated
ETHUSDT,high,2025-05-19,False,2025-05-29 02:15:00,None,2025-05-29 16:00:00,signal
ETHUSDT,high,2025-06-23,False,2025-07-09 18:00:00,2025-07-14 00:00:00,None,invalidated
ETHUSDT,high,2025-11-24,False,2025-12-04 01:00:00,None,2025-12-04 20:00:00,signal
ETHUSDT,high,2025-12-22,False,2026-01-05 01:00:00,2026-01-19 00:00:00,2026-01-08 08:00:00,signal
ETHUSDT,high,2026-03-30,False,2026-04-07 22:45:00,2026-04-20 00:00:00,None,invalidated
ETHUSDT,high,2026-08-03,False,2026-08-19 15:00:00,2026-08-24 00:00:00,None,invalidated
ETHUSDT,high,2026-08-10,False,2026-08-19 14:45:00,2026-08-24 00:00:00,None,invalidated
