sym,ib_week,yr,strict,stage,C_risk,C_mH,C_rr_mH,C_mid,C_rr_mid,C_2R,C_rr_2R,E_risk,E_mH,E_rr_mH,E_mid,E_rr_mid,E_2R,E_rr_2R,A_risk,A_mH,A_rr_mH,A_mid,A_rr_mid,A_2R,A_rr_2R,B_risk,B_mH,B_rr_mH,B_mid,B_rr_mid,B_2R,B_rr_2R,D_risk,D_mH,D_rr_mH,D_mid,D_rr_mid,D_2R,D_rr_2R
ADAUSDT,2020-03-02,2020,True,сделка,3.988085782366959,-1.0250746863174667,36.57637920732921,-1.0250746863174667,17.133041226847237,1.9749253136825333,2.0,30.490548054011118,-1.0032797049047089,4.784096947972783,-1.0032797049047089,2.240958017693213,-1.0032797049047089,2.0,3.936346004654777,-1.0254042708343598,35.60342533923269,-1.0254042708343598,16.362991357817847,-1.0254042708343598,2.0,6.222653219550039,-1.0160703154220172,22.522129410297964,-1.0160703154220172,10.350953746415657,1.9839296845779828,2.0,32.10830100853374,-1.0031144594032995,4.364833911606374,-1.0031144594032995,2.006035624196619,-1.0031144594032995,2.0000000000000004
ADAUSDT,2020-06-08,2020,True,нет теста,,,,,,,,,,,,,,,,,,,,,,,,,,,,,,,,,,,
ADAUSDT,2020-07-27,2020,False,сделка,4.063178644763867,-1.0246112732771098,6.767847468728008,-1.0246112732771098,2.701681045984167,-1.0246112732771098,2.0,16.125026694045168,-1.0062015401212905,1.7053598625117294,-1.0062015401212905,0.6807686547929893,-1.0062015401212905,2.0,2.7048798430603207,-1.036970218938398,9.939108230210184,-1.036970218938398,3.8605079854343325,-1.036970218938398,2.0,4.525846002942631,-1.0220953165297675,5.940125557168952,-1.0220953165297675,2.307239403856291,-1.0220953165297675,2.0,16.52952427660618,-1.0060497808845914,1.6264287501570056,-1.0060497808845914,0.631730838651741,-1.0060497808845914,2.0
ADAUSDT,2020-09-07,2020,True,сделка,0.20066505441352936,-1.4983428743597806,146.12835191323683,-1.4983428743597806,37.687054333637235,-1.4983428743597806,2.0,24.007950423216435,-1.0041652868419495,1.221380966351585,0.31083348128412114,0.31499876812607064,-1.0041652868419495,2.0,3.165859397980194,-1.0315869997460405,8.160775010375183,-1.0315869997460405,1.4726559838456945,-1.0315869997460405,2.0,2.8915972154132654,-1.034582963168924,8.934808113551785,-1.034582963168924,1.6123344432614346,-1.034582963168924,2.0,26.05695656436905,-1.0038377467358082,0.9915151141145476,0.1750865176897965,0.17892426442560458,-1.0038377467358082,2.0
ADAUSDT,2021-09-13,2021,True,сделка,4.980213903743317,-1.020079458821003,8.28252283207722,-1.020079458821003,2.968823005331113,-1.020079458821003,2.0,14.182352941176465,-1.0070510161758606,2.908455003021575,-1.0070510161758606,1.0425190848251829,-1.0070510161758606,2.0,1.6663848611452339,-1.0600101467144116,26.469946257809312,-1.0600101467144116,10.267649088860509,-1.0600101467144116,2.0,3.05599901695749,-1.0327225236150628,14.433616462107308,-1.0327225236150628,5.598776343280091,-1.0327225236150628,2.0,12.444487589088228,-1.0080356864261477,3.544470385266632,-1.0080356864261477,1.3748942958672996,-1.0080356864261477,2.0
ADAUSDT,2021-09-27,2021,True,сделка,4.980213903743317,-1.020079458821003,3.7069174833590153,-1.020079458821003,1.0389429481021892,-1.020079458821003,2.0,14.182352941176465,-1.0070510161758606,1.3017051590257733,0.3577797095009877,0.3648307256768483,-1.0070510161758606,2.0,1.6663848611452339,-1.0600101467144116,12.518213942293588,-1.0600101467144116,4.383144655572169,-1.0600101467144116,2.0,3.05599901695749,-1.0327225236150628,6.825971502694828,-1.0327225236150628,2.3900550549021022,-1.0327225236150628,2.0,12.444487589088228,-1.0080356864261477,1.6762572225397347,0.5788913241049662,0.586927010531114,-1.0080356864261477,2.0
ADAUSDT,2022-06-06,2022,True,сделка,3.3291734860883873,-1.0300374854052725,12.314877404289287,-1.0300374854052725,5.788729797824601,-1.0300374854052725,2.0,14.161211129296236,-1.0070615429066743,2.8951170182028316,-1.0070615429066743,1.3608783588558213,-1.0070615429066743,2.0,2.382031409341219,-1.041980974561396,17.030421864698482,-1.041980974561396,7.93725543920336,-1.041980974561396,2.000000000000005,3.6249235162145705,-1.02758678894953,11.191132616890766,-1.02758678894953,5.21577673999886,-1.02758678894953,1.999999999999997,14.423822149704263,-1.0069329751131222,2.8125,-1.0069329751131222,1.3108031674208136,-1.0069329751131222,1.9999999999999991
ADAUSDT,2022-06-20,2022,True,хай матери раньше теста,,,,,,,,,,,,,,,,,,,,,,,,,,,,,,,,,,,
ADAUSDT,2022-07-04,2022,True,хай матери раньше теста,,,,,,,,,,,,,,,,,,,,,,,,,,,,,,,,,,,
ADAUSDT,2022-11-14,2022,True,сделка,0.2947368421052802,-1.3392857142856947,119.04761904761216,-1.3392857142856947,60.4056437389736,-1.3392857142856947,2.0,4.319298245614033,-1.0231519090170593,8.123476848090984,-1.0231519090170593,4.121912326623946,-1.0231519090170593,2.0,1.0999677106877566,-1.0909117595256272,31.145423589502904,-1.0909117595256272,15.52867962191051,-1.0909117595256272,2.0,0.9064255731352954,-1.1103234539754911,37.795668281561575,-1.1103234539754911,18.844400113992545,-1.1103234539754911,2.0,4.906296415886327,-1.0203819727801617,6.982651959881036,-1.0203819727801617,3.481454181693752,-1.0203819727801617,2.0
ADAUSDT,2024-01-15,2024,True,сделка,0.24484258492129646,-1.4084256831063295,113.94975044412304,-1.4084256831063295,48.980627696471544,1.5915743168936705,2.0,7.424896437448212,3.744126491739991,3.757594693060031,1.6017117001511962,1.6151799014712362,1.98653179867996,2.0,1.5892178885031698,-1.062924033717105,16.421669407894694,-1.062924033717105,6.55324835526313,-1.062924033717105,2.0,1.650418623647138,-1.0605906880637455,15.812721941079602,-1.0605906880637455,6.310241150196076,-1.0605906880637455,2.0,8.72930365529916,2.9781998437331874,2.989655511212379,1.1815993487323193,1.193055016211511,1.9885443325208083,2.0
ADAUSDT,2024-03-25,2024,False,отмена (H4 ниже FVG),0.8561816652649349,-1.1167976424361483,20.64833005893893,-1.1167976424361483,7.8290766208250755,1.8832023575638517,2.0,6.015021026072338,-1.0166250457922834,2.939095563951191,-1.0166250457922834,1.1143954160176481,-1.0166250457922834,2.0,,,,,,,,,,,,,,,,,,,,,
ADAUSDT,2025-08-18,2025,True,сделка,1.0874794069192768,-1.0919557642781395,26.89569179494944,-1.0919557642781395,12.043629753067691,1.9080442357218605,2.0,4.581637308325935,-1.0218262584465767,6.383855594309857,-1.0218262584465767,2.8586285774346765,1.9781737415534233,2.0,1.2514407416687579,-1.0799078986885573,22.194413855240708,-1.0799078986885573,9.43537891680846,-1.0799078986885573,2.0,2.2151465798045615,-1.0451437394309242,12.53867079909282,-1.0451437394309242,5.330490405117264,-1.0451437394309242,2.0,5.669468804810818,-1.0176383367547848,4.899046928759422,-1.0176383367547848,2.082702629840213,1.9823616632452152,2.0
ADAUSDT,2025-10-20,2025,False,сделка,0.4971790988261955,-1.2011347625756854,78.97642892502297,-1.2011347625756854,51.57838620006927,-1.2011347625756854,2.0,,,,,,,,2.103617619493904,-1.0475371565028335,18.007983747371465,-1.0475371565028335,11.596927682931208,-1.0475371565028335,2.0,1.4856794751639992,-1.0673092693758601,25.498038127200225,-1.0673092693758601,16.42043375682885,1.9326907306241399,2.0,,,,,,,
ADAUSDT,2025-11-24,2025,True,сделка,1.5809622886866048,-1.0632526156478252,18.96755938672108,-1.0632526156478252,9.730538922155693,-1.0632526156478252,2.0,3.7374512353706133,-1.0267562019414773,8.023381232385786,-1.0267562019414773,4.11607111791517,-1.0267562019414773,2.0,2.3090270551508825,-1.0433082842303316,13.00149843959487,-1.0433082842303316,6.675379398145543,-1.0433082842303316,2.0,1.5553590010405844,-1.064293838228407,19.301532080016038,-1.064293838228407,9.910015387703202,-1.064293838228407,2.0,3.712408949011451,-1.0269366875722645,8.08661224203776,-1.0269366875722645,4.151921796713492,-1.0269366875722645,2.0
BNBUSDT,2021-03-15,2021,True,нет теста,,,,,,,,,,,,,,,,,,,,,,,,,,,,,,,,,,,
BNBUSDT,2021-09-13,2021,True,нет теста,,,,,,,,,,,,,,,,,,,,,,,,,,,,,,,,,,,
BNBUSDT,2021-11-08,2021,True,сделка,1.3821794783566328,-1.0723495042184368,11.01722974739151,1.0647242020568017,1.1370737062752385,-1.0723495042184368,2.0,16.78208313261303,-1.0059587358261661,0.9073837106427057,0.0876911364675985,0.09364987229376466,-1.0059587358261661,2.0,2.1874626865671565,-1.0457150655021836,6.511228945726785,-1.0457150655021836,0.3216625077978801,-1.0457150655021836,2.0,2.224951812366752,-1.0449447936104408,6.401518578203516,-1.0449447936104408,0.31624268425256896,-1.0449447936104408,2.0,17.49325031982942,-1.0057164905418774,0.8142037701437428,0.034506150797558914,0.04022264133943639,-1.0057164905418774,2.0
BNBUSDT,2021-11-22,2021,True,сделка,1.3821794783566328,-1.0723495042184368,9.713982708015289,0.7466920926388149,0.8190415968572516,-1.0723495042184368,2.0,16.78208313261303,-1.0059587358261661,0.8000477322173396,0.061497877167042955,0.06745661299320911,-1.0059587358261661,2.0,2.1874626865671565,-1.0457150655021836,5.694791016843436,0.07671163443542886,0.12242669993761243,-1.0457150655021836,2.0,2.224951812366752,-1.0449447936104408,5.598837146900631,0.07541908863841079,0.12036388224885165,-1.0449447936104408,2.0,17.49325031982942,-1.0057164905418774,0.7121113932167367,0.009592490525495271,0.015308981067372746,-1.0057164905418774,2.0
BNBUSDT,2022-01-24,2022,True,нет теста,,,,,,,,,,,,,,,,,,,,,,,,,,,,,,,,,,,
BNBUSDT,2022-11-14,2022,True,нет теста,,,,,,,,,,,,,,,,,,,,,,,,,,,,,,,,,,,
BNBUSDT,2022-11-28,2022,False,сделка,0.601652927145667,-1.1662087816549238,54.96706705523135,-1.1662087816549238,31.013305326999443,-1.1662087816549238,2.0,8.477603883332632,-1.0117957858583844,3.9009957584136985,-1.0117957858583844,2.2010046927453732,1.9882042141416143,1.9999999999999987,2.4192250495703895,-1.0413355508276332,12.963462569538596,-1.0413355508276332,7.082776967656229,1.9586644491723668,2.0,1.8786227693324578,-1.053230484391251,16.693896129311675,-1.053230484391251,9.120953786141309,1.946769515608749,2.0,9.653391440846002,-1.0103590536665563,3.24875807321944,-1.0103590536665563,1.775006386685226,-1.0103590536665563,1.999999999999999
BNBUSDT,2023-02-06,2023,True,отмена (H4 ниже FVG),0.13449585635359051,-1.7435173299101447,124.72400513478873,-1.7435173299101447,76.84210526315813,-1.7435173299101447,2.0,2.590600828729287,-1.0386010839227018,6.4752785116189635,-1.0386010839227018,3.989400696845519,-1.0386010839227018,2.0,,,,,,,,,,,,,,,,,,,,,
BNBUSDT,2023-02-20,2023,True,нет теста,,,,,,,,,,,,,,,,,,,,,,,,,,,,,,,,,,,
BNBUSDT,2023-04-17,2023,True,сделка,0.4251318101933245,-1.2352211657709782,33.94423774746201,-1.2352211657709782,18.61803928773742,1.7647788342290218,2.0,2.1353251318101862,-1.0468312757201648,6.758116140832217,-1.0468312757201648,3.7067520195092407,-1.0468312757201648,2.0,0.7986013986013833,-1.1252189141856417,17.318544463903827,-1.1252189141856417,9.202503729649285,1.8747810858143583,2.0,0.9473776223776268,-1.1055545303561538,14.598839474277689,-1.1055545303561538,7.757342136378839,1.8944454696438462,2.0,2.6486013986013934,-1.037755775577558,5.221855518885236,-1.037755775577558,2.7747219166361194,-1.037755775577558,2.0
BNBUSDT,2024-12-09,2024,True,нет теста,,,,,,,,,,,,,,,,,,,,,,,,,,,,,,,,,,,
BNBUSDT,2025-02-17,2025,True,сделка,0.26975361087509864,-1.3707086614173334,72.02301635372709,-1.3707086614173334,31.153846153847066,-1.3707086614173334,2.0,8.666028364159214,-1.0115393114120856,2.2419115090698334,-1.0115393114120856,0.9697478636700608,-1.0115393114120856,2.0,0.9835802872062654,-1.1016693820532306,19.60221522452545,-1.1016693820532306,8.407467257747168,-1.1016693820532306,2.0,0.3934399477806699,-1.2541683948569118,49.0045624222326,-1.2541683948569118,21.018249688926268,-1.2541683948569118,2.0,8.779301566579642,-1.0113904277284052,2.1961146150637663,-1.0113904277284052,0.9419222015942144,-1.0113904277284052,2.0
BNBUSDT,2026-02-09,2026,True,сделка,1.1748913206415892,-1.0851142554575954,25.998273302967146,-1.0851142554575954,10.986783254157555,-1.0851142554575954,2.0,5.038509968520447,-1.0198471374721454,6.062337049279191,-1.0198471374721454,2.5619233399811185,-1.0198471374721454,2.0,0.42092245210471135,-1.2375734520693218,72.36066844349138,-1.2375734520693218,30.488045997011785,1.7624265479306782,2.0,1.2406880940095564,-1.0806004349383478,24.54946585224166,-1.0806004349383478,10.343536899326915,-1.0806004349383478,2.0,5.101734383062284,-1.0196011772647355,5.970171653446222,-1.0196011772647355,2.515439283461959,-1.0196011772647355,2.0
BNBUSDT,2026-02-16,2026,True,нет теста,,,,,,,,,,,,,,,,,,,,,,,,,,,,,,,,,,,
BTCUSDT,2021-05-31,2021,True,хай матери раньше теста,,,,,,,,,,,,,,,,,,,,,,,,,,,,,,,,,,,
BTCUSDT,2021-09-13,2021,True,сделка,3.9345636717122545,5.706458237280041,5.731874016091541,2.511691428844783,2.5371072076562826,1.9745842211885005,2.0,8.660657269823623,2.592461816122929,2.6040082838891148,1.1410692679084604,1.152615735674646,1.9884535322338144,2.0,1.14930508328731,-1.0870090991975552,19.560799183668394,-1.0870090991975552,8.630088737805782,-1.0870090991975552,2.0,3.990294898947698,5.608940316881002,5.634001121290814,2.460621358629425,2.4856821630392374,1.9749391955901876,2.0,8.713646709728271,2.5685372244854636,2.5800134758565867,1.1268077743637297,1.1382840257348525,1.9885237486288772,2.0
BTCUSDT,2021-12-06,2022,True,сделка,1.006843000776298,-1.0993203507626292,38.80407201828453,-1.0993203507626292,17.42236111758949,1.9006796492373708,2.0,5.096620954300633,-1.0196208430834195,7.665786540445281,-1.0196208430834195,3.4418063468973794,-1.0196208430834195,2.0,0.46301723127418404,-1.2159746835443004,84.4996321757425,-1.2159746835443004,37.98609877983754,1.7840253164556996,2.0,0.9675663600087278,-1.1033520842943505,40.436281531476894,-1.1033520842943505,18.17779018670036,1.8966479157056495,2.0,5.058966978617893,-1.0197668813460647,7.733749972882432,-1.0197668813460647,3.4766422390748892,-1.0197668813460647,2.0
BTCUSDT,2022-08-29,2022,True,хай матери раньше теста,,,,,,,,,,,,,,,,,,,,,,,,,,,,,,,,,,,
BTCUSDT,2022-11-14,2022,True,сделка,1.478918952618455,-1.0676169575235668,21.172875988645053,9.301800111795606,9.369417069319173,1.9323830424764332,2.0,3.8169775561097192,-1.0261987393245038,8.203602751324976,3.604057995254177,3.6302567345786807,1.9738012606754962,2.0,1.0597940181283882,-1.0943579585178274,28.3558611046374,-1.0943579585178274,12.042647401538005,-1.0943579585178274,2.0000000000000107,2.4254649410951155,-1.041229208596538,12.389942838755578,5.2207415840288505,5.261970792625388,1.9587707914034664,2.0000000000000044,4.741060534960108,-1.0210923271834667,6.338533700630548,2.6708635304708044,2.691955857654271,1.978907672816531,1.9999999999999976
BTCUSDT,2023-05-15,2023,True,отмена (H4 ниже FVG),0.110388735041616,-1.905889536303686,92.84044520428431,-1.905889536303686,42.70960538711127,-1.905889536303686,2.0,2.6537049804149637,-1.0376831640058055,3.861973875181419,-1.0376831640058055,1.776632801161101,-1.0376831640058055,2.0,,,,,,,,,,,,,,,,,,,,,
BTCUSDT,2023-09-04,2023,True,нет теста,,,,,,,,,,,,,,,,,,,,,,,,,,,,,,,,,,,
BTCUSDT,2024-12-23,2025,True,отмена (H4 ниже FVG),0.19299097921296451,-1.5181589336859653,69.12019336290662,-1.5181589336859653,25.51002988779273,1.4818410663140347,2.0,4.386466204732639,-1.0227973943791264,3.041075247793882,-1.0227973943791264,1.1223626076237343,-1.0227973943791264,2.0,,,,,,,,,,,,,,,,,,,,,
BTCUSDT,2025-02-10,2025,True,сделка,5.2325423859408,-1.0191111686488556,1.8429325924871556,-1.0191111686488556,0.6847775579890484,-1.0191111686488556,2.0,16.39779185380904,-1.0060983820804368,0.5880805775919629,-1.0060983820804368,0.21851281130187086,-1.0060983820804368,2.0,1.037878797627161,-1.096350364058524,9.505722867946188,-1.096350364058524,3.654946516619163,-1.096350364058524,2.0,5.040173458752081,-1.0198405869993132,1.95743029510808,-1.0198405869993132,0.752631140000388,-1.0198405869993132,2.0,16.22808732129761,-1.006162155651502,0.6079452264108302,-1.006162155651502,0.23375468845806993,-1.006162155651502,2.0
BTCUSDT,2025-03-03,2025,True,сделка,0.4427340210373316,-1.225869247106194,40.732567731701316,-1.225869247106194,15.487611596501882,-1.225869247106194,2.0,6.420411374400616,-1.01557532596723,2.808806546405314,1.0524080412237578,1.0679833671909877,-1.01557532596723,2.0,1.5084018650013262,-1.0662953303892342,11.439521004404863,4.012387133580745,4.0786824639699795,1.9337046696107658,2.0,1.099201564539694,-1.0909751252418172,15.69811704643277,5.506080441156398,5.5970555663982156,1.9090248747581828,2.0,7.037462898093421,-1.0142096663880233,2.451934037540851,0.8600105354786594,0.8742202018666828,-1.0142096663880233,2.0
BTCUSDT,2025-05-26,2025,True,отмена (H4 ниже FVG),0.11623739505641155,-1.8603083366714186,60.60132478002933,-1.8603083366714186,19.80055093608848,-1.8603083366714186,2.0,4.194497948693911,-1.0238407554904487,1.679376224654392,0.5248696002290912,0.5487103557195399,-1.0238407554904487,2.0,,,,,,,,,,,,,,,,,,,,,
BTCUSDT,2025-10-13,2025,True,сделка,1.0825503336212061,-1.0923744576988794,20.495630871341984,-1.0923744576988794,9.454424348105002,-1.0923744576988794,2.0,4.357492438823207,-1.022948978432882,5.0918165318814355,-1.022948978432882,2.3488027520253323,-1.022948978432882,2.0,0.7997300292953097,-1.125042197162605,27.993452164423523,-1.125042197162605,13.023159936946811,1.874957802837395,2.0,0.9209209841130508,-1.1085869490706752,24.309582152797436,-1.1085869490706752,11.309343860725237,1.8914130509293248,2.0,4.201214286337679,-1.0238026420897404,5.3287461180769355,-1.0238026420897404,2.4790480485038637,-1.0238026420897404,2.0
BTCUSDT,2026-02-16,2026,True,нет теста,,,,,,,,,,,,,,,,,,,,,,,,,,,,,,,,,,,
BTCUSDT,2026-06-08,2026,True,сделка,1.2582613540910226,-1.0794747447935733,19.02722942161097,8.980265295263875,9.059740040057449,1.9205252552064267,2.0,2.996238450134361,-1.0333751808022875,7.990427949939419,3.7712354869515265,3.804610667753814,1.9666248191977125,2.0,0.6674241007626611,-1.149829770734576,35.45996923115432,16.560530324824068,16.710360095558645,1.850170229265424,2.0,1.476862419693064,-1.06771111422876,16.025079764771508,7.484039754018257,7.551750868247017,1.93228888577124,2.0,3.210991865792244,-1.031143025015209,7.370569302683523,3.4422064963628984,3.473349521378107,1.968856974984791,2.0
DOGEUSDT,2021-03-15,2021,True,сделка,6.670393388881307,1.3754345081649122,1.3904261277246652,,,1.9850083804402487,2.0000000000000018,15.407037972954518,0.5954868980142499,0.601977438257971,,,1.9935094597562784,1.9999999999999993,6.746569278441789,-1.0148223483481513,0.7307527336397787,,,-1.0148223483481513,1.9999999999999982,10.381053563523684,0.4652778172615452,0.47491075089280727,,,1.990367066368737,1.999999999999999,18.770340858787073,0.25732478590820873,0.2626523396672118,,,1.9946724462409973,2.0000000000000004
DOGEUSDT,2021-05-24,2021,True,сделка,4.433328465021172,-1.022556415746994,34.14593971339158,-1.022556415746994,16.54532476802286,-1.022556415746994,2.0,20.847451438586237,-1.0047967493913865,7.2613272150901125,-1.0047967493913865,3.5184568949915644,-1.0047967493913865,2.0000000000000004,3.189393063583817,-1.0313539278497186,46.632171304812715,-1.0313539278497186,22.425005814673504,-1.0313539278497186,2.0,5.4414739884393,-1.0183773735227726,27.332359580401043,-1.0183773735227726,13.143894126499374,-1.0183773735227726,2.0,21.682442196531788,-1.0046120265924654,6.859389839545464,-1.0046120265924654,3.2986209462874414,-1.0046120265924654,2.0
DOGEUSDT,2021-06-28,2021,True,сделка,0.8311242122382576,-1.1203189589805056,56.65557811315232,-1.1203189589805056,17.929212631167044,1.8796810410194944,2.0,19.10415226672088,2.4595607317289243,2.4647951958707432,0.7747741180808493,0.7800085822226682,1.994765535858181,2.0,2.76280323450134,-1.0361951219512195,16.09214092140926,-1.0361951219512195,4.650406504065056,1.9638048780487805,2.0,2.603234501347707,-1.0384137502588529,17.07853017648008,-1.0384137502588529,4.9354593773728235,1.9615862497411471,2.0,20.549730458221028,2.158637510010486,2.1635037538866917,0.620356464387446,0.6252227082636519,1.9951337561237934,1.9999999999999993
DOGEUSDT,2021-09-13,2021,True,сделка,1.021402931498667,-1.0979045555051166,58.753471662931894,29.68640084344897,29.784305398954086,1.9020954444948834,2.0,3.3971283278492406,-1.0294366271595372,17.66520496157886,8.925708398640426,8.955145025799963,1.9705633728404628,2.0,1.6580869651053816,-1.0603104674872372,35.22600425664901,17.499111461697524,17.55942192918476,1.9396895325127628,2.0,2.0130941217116773,-1.0496747762171064,29.013933258636662,14.413160469067467,14.462835245284573,1.9503252237828936,2.0,4.365016534228326,-1.0229094206667602,13.38088367654307,6.647179544005163,6.6700889646719235,1.9770905793332398,2.0
DOGEUSDT,2021-12-06,2022,True,отмена (H4 ниже FVG),0.41053070507961,-1.2435871391900102,176.753033297012,-1.2435871391900102,82.6515725128803,-1.2435871391900102,2.0,9.476512509476867,-1.0105524052123602,7.657094032410854,-1.0105524052123602,3.580537492639723,1.9894475947876398,2.0,,,,,,,,,,,,,,,,,,,,,
DOGEUSDT,2022-01-24,2022,True,сделка,1.2290011633704543,-1.0813668879903715,39.222977998350096,-1.0813668879903715,19.334270916442357,1.9186331120096285,2.0,11.805085590825987,-1.0084709254524773,4.083416864701711,-1.0084709254524773,2.0128478752998697,-1.0084709254524773,2.0,2.6029854388676514,-1.038417425816835,17.31956185446191,-1.038417425816835,8.126943450474235,-1.038417425816835,1.9999999999999956,3.3099975595867566,-1.0302115026370244,13.620121013128601,-1.0302115026370244,6.391036574276604,-1.0302115026370244,1.9999999999999967,13.663255511266566,-1.0073188999442733,3.299547994074867,-1.0073188999442733,1.548263182712323,-1.0073188999442733,1.9999999999999991
DOGEUSDT,2022-07-04,2022,True,отмена (H4 ниже FVG),0.26449860036225087,-1.378073834277544,112.49455269875219,-1.378073834277544,60.63624478615646,1.621926165722456,2.0,5.6929524123168145,5.209010999817775,5.226576577879459,2.799637292361447,2.8172028704231304,1.9824344219383145,1.999999999999998,,,,,,,,,,,,,,,,,,,,,
DOGEUSDT,2022-09-26,2022,True,сделка,0.20085815244825947,-1.497863784870568,74.13923096255301,-1.497863784870568,21.697243863617178,-1.497863784870568,2.0,7.697980817768794,1.921473865059642,1.934464284543304,0.5531409361058465,0.5661313555895084,1.987009580516338,2.0,1.9484580763460528,-1.051322633632195,7.092259256724396,-1.051322633632195,1.7367052220929395,-1.051322633632195,2.0,1.132472078679789,-1.0883023978097348,12.202481710996842,-1.0883023978097348,2.988062469640952,-1.0883023978097348,2.0,8.559609934989163,1.6027564261106801,1.6144392014660418,0.3836503463546567,0.39533312171001833,1.9883172246446383,2.0
DOGEUSDT,2022-11-14,2022,True,сделка,0.49074315514992545,-1.2037725823591963,147.77423544692692,-1.2037725823591963,75.6730428622048,1.7962274176408037,2.0,,,,,,,,1.0321705426356476,-1.0968832144198284,68.7473053225971,-1.0968832144198284,34.77698502107102,1.9031167855801716,2.0,1.3906976744186035,-1.0719063545150502,51.02398942978658,-1.0719063545150502,25.8113464635204,1.9280936454849498,2.0,0.30077519379845635,-1.3324742268041163,235.92019854905925,-1.3324742268041163,119.3442153493673,-1.3324742268041163,2.0
DOGEUSDT,2023-02-13,2023,False,сделка,0.6864253393665062,-1.1456822676334892,20.862655668193206,-1.1456822676334892,7.616383687576941,-1.1456822676334892,2.0,4.437104072398192,-1.0225372221089128,3.2274779368395503,-1.0225372221089128,1.178263721604533,-1.0225372221089128,2.0,0.7825768667642755,-1.1277829747427501,17.960710944808206,-1.1277829747427501,6.368880573744916,-1.1277829747427501,2.0,0.9166544655929741,-1.109092361138841,15.333626162999591,-1.109092361138841,5.437314485751151,-1.109092361138841,2.0,4.658638360175709,-1.021465499630718,3.0171126860159854,-1.021465499630718,1.0698702536784102,-1.021465499630718,2.0
DOGEUSDT,2023-04-10,2023,True,сделка,0.7441901631053122,-1.1343742566855841,44.4119745828951,-1.1343742566855841,19.173264467022637,-1.1343742566855841,2.0,5.872449108610426,-1.0170286703469895,5.628138106844215,-1.0170286703469895,2.4297451620404376,-1.0170286703469895,2.0,0.33987109819285877,-1.2942291961032102,97.0476686249688,-1.2942291961032102,41.812300141294045,-1.2942291961032102,2.0,0.7943637052950885,-1.1258869197238213,41.52216106143983,-1.1258869197238213,17.88952877915292,-1.1258869197238213,2.0,5.920030329836973,-1.0168918053503881,5.57154201497699,-1.0168918053503881,2.4004593853799343,-1.0168918053503881,2.0
DOGEUSDT,2023-05-15,2023,True,отмена (H4 ниже FVG),0.34717525773195,-1.2880389594963844,17.302134061844672,0.5830066912143784,0.8710456507107629,1.7119610405036156,2.0,6.2381855670103175,-1.0160303022290382,0.962919872727111,0.03244621310276397,0.048476515331802264,-1.0160303022290382,2.0,,,,,,,,,,,,,,,,,,,,,
DOGEUSDT,2024-04-15,2024,True,отмена (H4 ниже FVG),0.5368314833501654,-1.186278195488717,75.96491228069978,-1.186278195488717,22.537593984961816,-1.186278195488717,2.0,19.340746720484358,-1.005170431185787,2.108520272333724,0.6203943510300167,0.6255647822158037,-1.005170431185787,2.0,,,,,,,,,,,,,,,,,,,,,
DOGEUSDT,2025-02-10,2025,True,сделка,5.149661281917667,-1.0194187529092713,5.267889066537139,-1.0194187529092713,1.4415649686641971,-1.0194187529092713,1.9999999999999976,21.305106826472123,-1.0046937103303208,1.2733024332774847,-1.0046937103303208,0.3484409331979927,-1.0046937103303208,1.9999999999999993,1.377236306318145,-1.0726091808219438,20.461171144534767,-1.0726091808219438,6.03566398662201,-1.0726091808219438,2.0,4.3647445159595435,-1.022910848420647,6.45624678993323,-1.022910848420647,1.904472425526451,-1.022910848420647,2.0,20.653881518455275,-1.0048417049313778,1.3643860474779208,-1.0048417049313778,0.40246844486277705,-1.0048417049313778,2.0000000000000004
DOGEUSDT,2025-09-15,2025,True,сделка,0.8464561827840934,-1.1181396060822526,38.40187774262657,-1.1181396060822526,17.892131850188697,-1.1181396060822526,2.0,4.893715717185681,-1.0204343704822945,6.642295696011264,3.074331754692235,3.0947661251745293,1.9795656295177055,2.0,0.7064711960733657,-1.141548587622269,45.42158027851421,-1.141548587622269,20.92513026784901,-1.141548587622269,2.0,1.1580986825109758,-1.0863484273923714,27.708379805190063,-1.0863484273923714,12.764889582868664,-1.0863484273923714,2.0,5.19263756135365,-1.0192580357897985,6.179718450932893,2.827657743262678,2.8469157790524764,1.9807419642101993,1.9999999999999978
DOGEUSDT,2025-10-20,2025,False,сделка,0.6606314834760093,-1.1513703214291806,35.88405896586551,-1.1513703214291806,17.50012870896287,1.8486296785708194,2.0,14.229045972450535,-1.0070278780596826,1.6660385491521215,-1.0070278780596826,0.8125025396929104,-1.0070278780596826,2.0,1.671598925092378,-1.0598229626131601,13.266081900723735,-1.0598229626131601,6.090474611579428,-1.0598229626131601,2.0,1.889721195834743,-1.0529178591108659,11.734835961154404,-1.0529178591108659,5.387477706477982,-1.0529178591108659,2.0,15.290258649647287,-1.0065401117333164,1.4503069407494156,-1.0065401117333164,0.6658377106167161,-1.0065401117333164,2.0
DOGEUSDT,2025-11-24,2025,True,сделка,0.3816861694628657,-1.2619953459165856,42.84711705388964,-1.2619953459165856,13.389724079340525,1.7380046540834144,2.0,7.290039475539288,-1.0137173468450391,2.243355750774772,0.6873313252720776,0.7010486721171169,-1.0137173468450391,2.0,1.1993411368893203,-1.0833791128513826,13.085149903570867,-1.0833791128513826,3.763660802992259,-1.0833791128513826,2.0,0.9472629144178867,-1.105567312388084,16.5672679916535,-1.105567312388084,4.76521687656315,-1.105567312388084,2.0,7.816394476764571,-1.012793622468424,2.0077746342469496,0.5646993942600441,0.5774930167284681,-1.012793622468424,2.0
DOGEUSDT,2026-02-16,2026,True,сделка,0.8539622641509509,-1.1171011931064947,35.728210860128094,-1.1171011931064947,16.388968313794656,-1.1171011931064947,2.0,2.88300776914539,-1.0346859974052873,10.582886444743025,4.819813750437911,4.854499747843198,1.9653140025947127,2.0,1.632992327365728,-1.0612372748629602,18.834905178577525,-1.0612372748629602,8.702461611793952,-1.0612372748629602,2.0,0.6665406427221209,-1.150028360748723,46.14460645290423,-1.150028360748723,21.320609922925378,1.849971639251277,2.0,2.699421772489707,-1.0370449705263245,11.394016287758674,5.227435440086684,5.264480410613009,1.9629550294736755,2.0
DOGEUSDT,2026-07-06,2026,True,сделка,2.290666291818937,-1.0436554204150765,5.044244529265239,-1.0436554204150765,2.006652020766103,-1.0436554204150765,2.0,4.439204385718297,-1.0225265591108437,2.6028720254587534,-1.0225265591108437,1.0354490904197253,-1.0225265591108437,2.0,1.451923076923076,-1.0688741721854305,8.987000245278399,-1.0688741721854305,4.1304881039980454,-1.0688741721854305,2.0,0.9823076923076854,-1.1018010963194995,13.28344789582074,-1.1018010963194995,6.105165463035521,-1.1018010963194995,2.0,3.1596153846153836,-1.0316494217894097,4.129753612407296,-1.0316494217894097,1.898063614436107,-1.0316494217894097,2.0
ETHUSDT,2020-02-17,2020,False,сделка,0.9683524298696103,-1.1032681871965406,27.749443515080817,-1.1032681871965406,11.501443914027124,1.8967318128034594,2.0,7.897629395495858,-1.012662027425221,3.402443911926673,-1.012662027425221,1.4102271204963193,-1.012662027425221,2.0000000000000018,1.6166479238754268,-1.0618563872338265,15.464096808456619,-1.0618563872338265,5.875286607503589,-1.0618563872338265,2.0,2.428983564013833,-1.041169484010321,10.29237100258025,-1.041169484010321,3.910388706170629,-1.041169484010321,2.0,9.25605968858132,-1.0108037332692834,2.7009333173208794,-1.0108037332692834,1.0261677447814277,-1.0108037332692834,2.0
ETHUSDT,2020-06-08,2020,True,сделка,1.6606034667237302,-1.0602190721649485,5.36855670103093,-1.0602190721649485,0.9252577319587648,-1.0602190721649485,2.0,6.782803338326553,-1.0147431666542572,1.3143597749119447,-1.0147431666542572,0.22652672068813678,-1.0147431666542572,2.0000000000000018,1.2372678250449334,-1.0808232445520582,7.201660325147028,-1.0808232445520582,1.2383258388101084,-1.0808232445520582,2.0,1.664812120174607,-1.0600668380462728,5.35218508997431,-1.0600668380462728,0.9203084832904949,-1.0600668380462728,2.0,6.786792775828118,-1.0147345002717867,1.312900349476165,-1.0147345002717867,0.22575327815200236,-1.0147345002717867,2.0000000000000018
ETHUSDT,2021-03-15,2021,True,нет теста,,,,,,,,,,,,,,,,,,,,,,,,,,,,,,,,,,,
ETHUSDT,2021-05-31,2021,True,сделка,4.158009011774916,-1.0240499719257015,7.580440656275118,-1.0240499719257015,3.0525031187934175,-1.0240499719257015,2.0,8.035601928772664,-1.0124446184475535,3.922486559364833,-1.0124446184475535,1.5795127221231902,-1.0124446184475535,2.0,3.0220492255203695,-1.0330901294246062,12.333229377826267,-1.0330901294246062,5.8308124122875284,-1.0330901294246062,2.0,,,,,,,,4.013484003826453,-1.0249160081128168,9.286601430051844,-1.0249160081128168,4.390450321443471,-1.0249160081128168,2.0
ETHUSDT,2021-09-13,2021,True,сделка,3.6968395241122485,-1.0270501327817343,9.131718370428247,-1.0270501327817343,4.338528412434168,-1.0270501327817343,2.0,11.026609753882475,3.052479243042936,3.061548213672353,1.4454890185950875,1.4545579892245042,1.9909310293705833,2.0,1.8399879765542841,-1.054348181224134,17.832897698395378,-1.054348181224134,8.27071081100703,-1.054348181224134,2.0,4.378068233054462,-1.0228411241389521,7.49470213927611,-1.0228411241389521,3.475964201497441,-1.0228411241389521,2.0,11.655989178898855,2.8064814448687057,2.8150607253111612,1.2970163422233605,1.305595622665816,1.9914207195575444,2.0
ETHUSDT,2022-05-16,2022,True,отмена (H4 ниже FVG),2.3455926270832665,-1.042633149015458,15.114613409342212,-1.042633149015458,6.4959615720731305,-1.042633149015458,2.0,9.375901544587522,-1.0106656410079016,3.7812604585884277,-1.0106656410079016,1.625110875664734,-1.0106656410079016,2.0,,,,,,,,,,,,,,,,,,,,,
ETHUSDT,2022-09-26,2022,True,сделка,0.299790707408949,-1.3335660430047571,33.59810522614308,-1.3335660430047571,7.482908767466387,-1.3335660430047571,2.0,8.932607785684379,1.116404075115417,1.127599014196954,0.2399418584470138,0.25113679752855084,1.9888050609184629,2.0,2.298662131001583,-1.043503566118448,3.508346766490824,0.12103812897883884,0.16454169509728686,-1.043503566118448,2.0,2.118481313212021,-1.047203626190302,3.806738253606302,0.13133264936337766,0.1785362755536795,-1.047203626190302,2.0,10.593822058857096,0.7518064594916892,0.7612459233079041,0.02626302027211492,0.035702484088329746,1.9905605361837853,2.0
ETHUSDT,2022-10-03,2022,True,сделка,0.299790707408949,-1.3335660430047571,28.426779194721956,-1.3335660430047571,9.034306576892725,-1.3335660430047571,2.0,8.932607785684379,0.9428472005276144,0.9540421396091514,0.2920089208233546,0.3032038599048916,1.9888050609184629,2.0,2.298662131001583,-1.043503566118448,2.846207148393094,-1.043503566118448,0.36318358052660593,-1.043503566118448,2.0,2.118481313212021,-1.047203626190302,3.0882824163681586,-1.047203626190302,0.39407302672512246,-1.047203626190302,2.0,10.593822058857096,0.6081344913293973,0.6175739551456122,0.06936461072080251,0.07880407453701734,1.9905605361837853,2.0
ETHUSDT,2023-02-20,2023,True,нет теста,,,,,,,,,,,,,,,,,,,,,,,,,,,,,,,,,,,
ETHUSDT,2024-12-23,2025,True,отмена (H4 ниже FVG),2.168383240434498,-1.0461173090324947,14.565738651799656,-1.0461173090324947,7.109604776697716,-1.0461173090324947,2.0,7.247388321322116,-1.0137980739497283,4.357997967928615,-1.0137980739497283,2.1271590758492747,-1.0137980739497283,2.0,,,,,,,,,,,,,,,,,,,,,
ETHUSDT,2025-02-10,2025,True,сделка,7.682092255805324,-1.0130172870450014,2.3137198947403954,-1.0130172870450014,0.11030842614059254,-1.0130172870450014,2.0,16.574012812858054,-1.006033541854295,1.072414380644061,-1.006033541854295,0.05112820387995056,-1.006033541854295,2.0,1.6237510341755121,-1.0615857960335506,14.69493872645095,-1.0615857960335506,3.731676726503136,-1.0615857960335506,2.0,2.9109921720867935,-1.0343525485773852,8.196834805335602,-1.0343525485773852,2.0815287660235913,-1.0343525485773852,2.0,12.26245783745943,-1.0081549719742577,1.945851498166218,-1.0081549719742577,0.4941353539547454,-1.0081549719742577,2.0
ETHUSDT,2025-08-25,2025,True,отмена (H4 ниже FVG),0.24587159374876594,-1.4067163614768,93.15609097517705,-1.4067163614768,47.9009101752684,-1.4067163614768,2.0,5.344442901907906,-1.018711024111475,4.285654646491815,-1.018711024111475,2.2036858364798504,-1.018711024111475,2.0,,,,,,,,,,,,,,,,,,,,,
ETHUSDT,2025-10-13,2025,True,отмена (H4 ниже FVG),1.983828571428577,-1.0504075813002274,18.060316271567192,-1.0504075813002274,8.310049831494632,-1.0504075813002274,2.0,12.801571428571423,-1.0078115409938513,2.798763544654117,-1.0078115409938513,1.2877883295577557,-1.0078115409938513,2.0,,,,,,,,,,,,,,,,,,,,,
LINKUSDT,2020-07-20,2020,True,хай матери раньше теста,,,,,,,,,,,,,,,,,,,,,,,,,,,,,,,,,,,
LINKUSDT,2020-08-17,2020,True,сделка,0.38907644080058434,-1.2570189030058843,162.2766243156675,-1.2570189030058843,77.53331267430936,1.7429810969941157,2.0,28.092235350856047,-1.0035597024854397,2.2475253615568715,-1.0035597024854397,1.0738335686725573,-1.0035597024854397,2.0000000000000004,4.815628718762401,-1.0207657204988385,12.670301971960907,-1.0207657204988385,5.91258793100607,-1.0207657204988385,2.0,1.6850852836176151,-1.0593441773969539,36.20912878698705,-1.0593441773969539,16.89696570231394,-1.0593441773969539,2.0,29.027806426021424,-1.0034449726766248,2.1019662717907157,-1.0034449726766248,0.9808811532254422,-1.0034449726766248,2.0
LINKUSDT,2020-09-07,2020,True,сделка,2.1360697696464133,-1.0468149502516264,28.486602110644625,-1.0468149502516264,10.706329271215173,-1.0468149502516264,2.0,30.783097923973834,-1.003248535941606,1.9767136419724767,-1.003248535941606,0.7429228324129308,-1.003248535941606,2.0,1.8809157440420246,-1.0531655925135186,31.47634535187677,-1.0531655925135186,11.490611967994958,-1.0531655925135186,2.0,3.1369300056295755,-1.031878301339379,18.873342226635636,-1.031878301339379,6.889816770056292,-1.031878301339379,2.0,31.49098329893038,-1.0031755121474215,1.8800414383776944,-1.0031755121474215,0.686319406228688,-1.0031755121474215,2.0000000000000004
LINKUSDT,2020-11-30,2020,True,отмена (H4 ниже FVG),0.8190835674157206,-1.1220876647733375,53.80988104168964,-1.1220876647733375,25.55460293644871,-1.1220876647733375,2.0,29.652580758426968,1.4830004067469071,1.4863727944933458,0.7025140748047234,0.7058864625511619,1.9966276122535613,2.0,,,,,,,,,,,,,,,,,,,,,
LINKUSDT,2021-05-24,2021,True,сделка,5.024453060094152,-1.019902663793246,29.36951932669363,-1.019902663793246,12.989919143705952,1.980097336206754,2.0,17.20279147050679,-1.005813010067084,8.578013138594008,-1.005813010067084,3.7939911731108276,-1.005813010067084,2.0,1.5349972482113499,-1.065146696592795,95.11345994571627,-1.065146696592795,41.83801885202665,1.934853303407205,2.0,5.625564116675845,-1.0177759950692893,25.952757138035416,-1.0177759950692893,11.41596513283079,1.9822240049307107,2.0,17.726824435883334,-1.0056411682961994,8.236043619239451,-1.0056411682961994,3.6228284451487163,-1.0056411682961994,2.0
LINKUSDT,2021-05-31,2021,True,сделка,4.164464058148872,-1.0240126937353016,16.043974725866292,-1.0240126937353016,7.153826537840353,-1.0240126937353016,2.0,10.129135790815132,-1.009872510554225,6.596274102308411,-1.009872510554225,2.9412038805997947,-1.009872510554225,2.0,3.3183077149732316,-1.030135842902323,22.169372227903548,-1.030135842902323,10.560790401756991,-1.030135842902323,2.0,0.2864263615380836,-1.3491298756965282,256.83669095585105,-1.3491298756965282,122.34890698671252,-1.3491298756965282,2.0,6.492461818003243,-1.0154024779510764,11.330801930320861,-1.0154024779510764,5.397637021012662,-1.0154024779510764,2.0
LINKUSDT,2021-06-28,2021,True,нет теста,,,,,,,,,,,,,,,,,,,,,,,,,,,,,,,,,,,
LINKUSDT,2021-09-13,2021,True,отмена (H4 ниже FVG),1.7485576923076955,-1.0571899917514433,32.939731042563,-1.0571899917514433,15.179325600001956,-1.0571899917514433,2.0,9.991346153846159,-1.0100086613415455,5.76469068433268,-1.0100086613415455,2.656491541103223,1.9899913386584545,2.0,,,,,,,,,,,,,,,,,,,,,
LINKUSDT,2022-05-16,2022,True,сделка,1.3535271614384001,-1.0738810441703508,40.98221654437975,-1.0738810441703508,14.747945236453349,-1.0738810441703508,2.0,19.162785003825554,-1.0052184481525017,2.894701538304288,-1.0052184481525017,1.0416932846118465,-1.0052184481525017,2.0,2.767083333333328,-1.0361391356723386,20.523459764537954,-1.0361391356723386,7.581968355948191,1.9638608643276614,2.0,0.5162499999999959,-1.193704600484263,110.00508175649506,-1.193704600484263,40.63910561085734,-1.193704600484263,2.0,18.47666666666667,-1.0054122316435143,3.073613032119255,-1.0054122316435143,1.1354828579255778,-1.0054122316435143,2.0
LINKUSDT,2022-07-04,2022,True,хай матери раньше теста,,,,,,,,,,,,,,,,,,,,,,,,,,,,,,,,,,,
LINKUSDT,2023-05-15,2023,True,отмена (H4 ниже FVG),0.23789877300612214,-1.4203468506221617,25.14344658629499,-1.4203468506221617,2.4176390948360873,-1.4203468506221617,2.0,5.76917177914109,-1.0173335105675927,1.0368204173866848,0.08236076033497436,0.09969427090256712,-1.0173335105675927,2.0,,,,,,,,,,,,,,,,,,,,,
LINKUSDT,2024-12-16,2025,True,нет теста,,,,,,,,,,,,,,,,,,,,,,,,,,,,,,,,,,,
LINKUSDT,2024-12-23,2025,True,отмена (H4 ниже FVG),0.9766280623607946,-1.1023931257497055,38.28909980707248,-1.1023931257497055,13.582482337756018,-1.1023931257497055,2.0,12.39504231625835,-1.0080677417187056,3.0168682284425095,-1.0080677417187056,1.0701886342229647,-1.0080677417187056,2.0,,,,,,,,,,,,,,,,,,,,,
LINKUSDT,2025-02-10,2025,True,сделка,8.186410468972054,-1.0122153659872075,3.7091660813832084,-1.0122153659872075,1.3269237863294645,-1.0122153659872075,2.0,20.44320819516817,-1.0048916001365986,1.4853224479203007,-1.0048916001365986,0.5313619404660279,-1.0048916001365986,2.0,2.232822757111603,-1.0447863582908663,13.526756862703516,-1.0447863582908663,4.803362751226326,-1.0447863582908663,2.0,8.300437636761474,-1.012047557535655,3.638705797775742,-1.012047557535655,1.2921074925134743,-1.012047557535655,2.0,20.542013129102838,-1.0048680720517273,1.4702965265935966,-1.0048680720517273,0.5221035345559994,-1.0048680720517273,2.0
LINKUSDT,2025-10-20,2025,False,сделка,1.517968302463244,-1.0658775284291033,18.776626077622332,-1.0658775284291033,9.329609875549282,-1.0658775284291033,1.9999999999999925,12.976169562726753,-1.007706434438653,2.19651285190559,-1.007706434438653,1.091389257590428,-1.007706434438653,2.000000000000001,1.5352705151436725,-1.0651351009568772,19.96796357964842,-1.0651351009568772,10.470851072798538,-1.0651351009568772,2.0,,,,,,,,11.517512296142893,-1.0086824304961661,2.6617054918676666,-1.0086824304961661,1.395751834874242,-1.0086824304961661,2.000000000000001
LINKUSDT,2026-05-11,2026,True,сделка,0.11052687038988145,-1.9047573648584448,131.56640289827743,-1.9047573648584448,46.38192392029852,1.0952426351415552,2.0,4.900252897787136,-1.020407110017762,2.967524955164571,-1.020407110017762,1.0461600657156256,-1.020407110017762,2.0,0.6785511214067566,-1.14737283138326,21.305980571676958,-1.14737283138326,7.440799478600948,-1.14737283138326,2.0,0.18415289038643173,-1.54302704557152,78.5064897935871,-1.54302704557152,27.417233689748738,-1.54302704557152,2.0,4.970348531115078,-1.0201193134392863,2.908688780892907,-1.0201193134392863,1.0158166572746896,-1.0201193134392863,2.0
LTCUSDT,2020-09-07,2020,True,отмена (H4 ниже FVG),1.4927756653992514,-1.0669893020886394,24.282560706401565,-1.0669893020886394,10.528103243334943,-1.0669893020886394,2.0,12.402851711026631,-1.0080626619046889,2.922587204994963,1.2590730493518683,1.267135711256557,-1.0080626619046889,2.0,,,,,,,,,,,,,,,,,,,,,
LTCUSDT,2020-09-14,2020,True,отмена (H4 ниже FVG),1.4927756653992514,-1.0669893020886394,5.702722590139754,-1.0669893020886394,1.3230882436180273,-1.0669893020886394,2.0,12.402851711026631,0.6783025150259455,0.6863651769306344,0.15118087170080508,0.15924353360549398,-1.0080626619046889,2.0,,,,,,,,,,,,,,,,,,,,,
LTCUSDT,2021-03-15,2021,True,сделка,2.9518847589506314,7.148951517245558,7.182828178486069,2.6269577792896572,2.6608344405301687,1.9661233387594883,2.0,11.749135166395034,1.7961220742946915,1.8046333390459917,0.6600040361499413,0.6685153009012416,1.9914887352486998,2.0,5.259726027397257,3.2066322495013,3.2256446466260007,0.7574959582981241,0.7765083554228246,1.9809876028752995,2.0,6.344383561643826,2.658415421942653,2.6741773945643224,0.627991855914298,0.6437538285359674,1.9842380273783304,2.0,14.834109589041086,1.136974686735051,1.1437159069882623,0.2685851269733285,0.2753263472265398,1.9932587797467887,2.0
LTCUSDT,2021-05-24,2021,True,сделка,1.6886379350080638,-1.0592193257813567,85.56480596879136,-1.0592193257813567,40.0141030890315,1.9407806742186433,2.0,19.547384189905507,-1.0051157740098873,7.391678388104776,-1.0051157740098873,3.4566943461599084,-1.0051157740098873,2.0,1.3654202063106862,-1.0732375275668407,103.55133126315799,-1.0732375275668407,47.931584239266066,-1.0732375275668407,2.0,2.9339350728155433,-1.0340839171686356,48.191618624130555,-1.0340839171686356,22.306817300483367,1.9659160828313644,2.0,20.56646692961166,-1.0048622838498342,6.874835652666822,-1.0048622838498342,3.1822069325162636,-1.0048622838498342,2.0
LTCUSDT,2021-06-28,2021,True,нет теста,,,,,,,,,,,,,,,,,,,,,,,,,,,,,,,,,,,
LTCUSDT,2021-12-06,2022,True,сделка,0.9656440281030491,-1.1035578298935314,74.24473924607278,-1.1035578298935314,37.340641395645704,-1.1035578298935314,2.0,2.759320843091333,-1.0362408018807874,25.982476539668276,-1.0362408018807874,13.067624034922448,1.9637591981192126,2.0,1.122414062499999,-1.089093680613076,63.99432027786097,-1.089093680613076,32.21989434046317,1.910906319386924,2.0,0.888273437500009,-1.1125779470355928,80.86262851915941,-1.1125779470355928,40.71275912716869,1.8874220529644072,2.0,2.6833515625000026,-1.0372668275739585,26.768063493357452,-1.0372668275739585,13.47719881561362,1.9627331724260415,2.0
LTCUSDT,2022-01-24,2022,True,сделка,0.42039106145251737,-1.237873754152822,140.59308477913012,-1.237873754152822,69.66900455272491,1.762126245847178,2.0,5.618994413407821,-1.0177967786836348,10.518621624209217,5.194564120692577,5.212360899376211,1.9822032213163652,2.0,1.564599138814848,-1.063914134629876,36.858417807366365,17.909888540144514,17.97380267477439,1.936085865370124,2.0,1.3187922903424367,-1.0758269522291748,43.728378746063996,21.248074007851454,21.32390096008063,1.9241730477708252,2.0,6.470494156243602,-1.0154547701590158,8.91255711958828,4.330704195001989,4.346158965161004,1.9845452298409842,2.0
LTCUSDT,2022-09-26,2022,True,отмена (H4 ниже FVG),0.2946230274693127,-1.3394167823844516,30.483369701779107,-1.3394167823844516,10.712160285657765,-1.3394167823844516,2.0,6.0749269433080055,1.4619274852000796,1.4783885885076935,0.5030593985107095,0.5195205018183233,1.9835388966923861,2.0,,,,,,,,,,,,,,,,,,,,,
LTCUSDT,2023-02-20,2023,False,сделка,0.5109299250771107,-1.1957215561114527,108.65752321803727,-1.1957215561114527,83.13925069726245,-1.1957215561114527,2.0,,,,,,,,1.0329636655479442,-1.0968088262300633,52.73418186441351,-1.0968088262300633,40.1969232507872,-1.0968088262300633,2.0,1.1787392382897959,-1.0848364055014301,46.212505725498126,-1.0848364055014301,35.22573936295337,-1.0848364055014301,2.0,,,,,,,
LTCUSDT,2023-11-13,2023,True,сделка,0.5829622033401733,-1.1715377076370206,21.73749151860865,-1.1715377076370206,9.587113311386327,1.8284622923629794,2.0,4.944257251684732,2.5427754485251617,2.5630009333471593,1.1101616320241738,1.1303871168461712,1.9797745151780026,2.0,1.0870967741935373,-1.091988130563799,10.81348410725277,-1.091988130563799,4.350789959098603,-1.091988130563799,2.0,1.391935483870954,-1.071842410196988,8.445293497437271,-1.071842410196988,3.397951833641318,-1.071842410196988,2.0,5.717741935483852,2.0384452153140526,2.055934637034786,0.8097129569626059,0.8272023786833395,1.9825105782792665,2.0
LTCUSDT,2024-05-27,2024,False,сделка,0.7235796178343962,-1.1382017922219676,19.665146740374258,-1.1382017922219676,10.888892801183061,1.8617982077780324,2.0,5.050458598726125,-1.019800182111229,2.8174271870373078,-1.019800182111229,1.5600525650694497,-1.019800182111229,2.0,0.7836395894056505,-1.1276096835228102,17.400585410029638,-1.1276096835228102,9.339068842278923,-1.1276096835228102,2.0,1.2393993156760839,-1.080684246582346,11.001932495577787,-1.080684246582346,5.90484759869533,-1.080684246582346,2.0,5.54379673045242,-1.018038179403421,2.4596478314638324,-1.018038179403421,1.3201176790616764,-1.018038179403421,2.0
LTCUSDT,2024-08-19,2024,True,сделка,0.36428571428570616,-1.2745098039215748,16.489384424794245,,,1.7254901960784252,2.0,8.35504201680673,0.7069799495245804,0.7189487702437154,,,-1.011968820719135,2.0,4.240612434271571,1.2382803667422848,1.261861866242646,,,-1.0235814995003611,2.0,0.9806526446025152,5.3546657414563885,5.4566386475107365,,,1.8980270939456523,2.0,8.921976492421894,0.5885542429731597,0.5997625217760615,,,-1.0112082788029018,2.0
LTCUSDT,2025-01-20,2025,True,сделка,3.1402792696025887,-1.031844301546039,8.417134126875514,1.3833629771514535,1.4152072786974925,1.968155698453961,2.0,28.723335123523103,-1.0034814898607685,0.9202326851816358,0.15124100529422052,0.15472249515498898,-1.0034814898607685,2.0,6.965146061772826,-1.0143572007123922,2.6173920776420894,,,1.9856427992876078,2.0,9.423554030300505,-1.01061170760824,1.9345692785424449,,,-1.01061170760824,2.0,33.34704109818365,-1.0029987668082925,0.5466907264134201,,,-1.0029987668082925,2.0
LTCUSDT,2025-11-10,2025,True,сделка,0.36810223642171913,-1.2716636578253067,123.07318427996319,-1.2716636578253067,63.89737536453377,1.7283363421746933,2.0,4.7471054313099135,-1.0210654685148641,9.543397557213256,-1.0210654685148641,4.954759719055288,-1.0210654685148641,2.0,1.3911556006082053,-1.0718826851261503,31.678659258584698,-1.0718826851261503,16.15356589853363,1.9281173148738497,2.0,1.2139381652306094,-1.082376518725732,36.30328587532892,-1.082376518725732,18.511753162707254,1.917623481274268,2.0,5.555765331981765,-1.0179993203500426,7.932290443163685,-1.0179993203500426,4.044829528738009,-1.0179993203500426,2.0
LTCUSDT,2025-11-24,2025,True,сделка,0.36810223642171913,-1.2716636578253067,68.08082210804169,-1.2716636578253067,37.02610748507211,1.7283363421746933,2.0,4.7471054313099135,-1.0210654685148641,5.279154473820928,-1.0210654685148641,2.8710954851249446,-1.0210654685148641,2.0,1.3911556006082053,-1.0718826851261503,17.251115766463315,-1.0718826851261503,9.103743510337946,1.9281173148738497,2.0,1.2139381652306094,-1.082376518725732,19.769529455972673,-1.082376518725732,10.432758548703626,1.917623481274268,2.0,5.555765331981765,-1.0179993203500426,4.319654427645779,-1.0179993203500426,2.2795642029735754,-1.0179993203500426,2.0
LTCUSDT,2026-06-08,2026,True,сделка,0.24408653846153838,-1.409690762261178,104.88477447311406,-1.409690762261178,46.87807760488477,1.590309237738822,2.0,5.743389423076932,-1.0174113215444176,4.457465731924236,1.9748456628649116,1.9922569844093292,1.9825886784555824,2.0,2.021610068867257,-1.0494655233172794,11.911194643486406,-1.0494655233172794,4.992364618818266,-1.0494655233172794,2.0,1.45224412253621,-1.0688589462668021,16.581090362036882,-1.0688589462668021,6.94966805114958,-1.0688589462668021,2.0,6.884944193778204,-1.0145244459774079,3.4974562386824157,1.4513719065275492,1.465896352504957,1.9854755540225921,2.0
LTCUSDT,2026-08-03,2026,True,сделка,0.2578199052132754,-1.3878676470588156,30.899859943976967,-1.3878676470588156,12.25490196078405,-1.3878676470588156,2.0,2.219295870006788,3.5446373186084315,3.5896966553789245,1.3786163905752542,1.4236757273457472,1.954940663229507,2.0,0.5060058703996458,15.642809334701509,15.840435500423697,6.1385480344472905,6.336174200169478,1.8023738342778128,2.0,0.21277940844434234,-1.4699702886247916,37.66977928692735,-1.4699702886247916,15.067911714770942,-1.4699702886247916,2.0,2.175141115375942,3.6390068198096133,3.684980848479802,1.428018310721732,1.4739923393919208,1.9540259713298112,2.0
SOLUSDT,2020-09-21,2020,True,сделка,3.575958264210251,-1.0279645321929072,31.978649972103835,-1.0279645321929072,16.394033028571286,-1.0279645321929072,2.0,12.263673273378169,-1.0081541637461167,9.324638311611789,-1.0081541637461167,4.780327768476708,-1.0081541637461167,2.0,1.14523851746761,-1.0873180551254278,102.75627129142384,-1.0873180551254278,53.33888200681447,1.9126819448745722,2.0,2.0797526157119997,-1.0480826417740867,56.583864304458196,-1.0480826417740867,29.3716385744039,-1.0480826417740867,2.0,10.902274339421894,-1.009172398059954,10.79411837663681,-1.009172398059954,5.603027428137819,-1.009172398059954,2.0
SOLUSDT,2021-09-13,2021,True,сделка,0.5953938132521216,-1.1679560616422708,85.88367643556975,-1.1679560616422708,35.2130932927613,-1.1679560616422708,2.0,19.35826005573521,-1.0051657535187608,2.6414878951858984,1.0778684567675314,1.0830342102862922,-1.0051657535187608,2.0,2.369222474223936,-1.0422079399836675,21.333893999453224,-1.0422079399836675,8.649899734926686,-1.0422079399836675,2.0,0.9833634807775238,-1.1016917975446192,51.3998558155232,-1.1016917975446192,20.840246005035883,-1.1016917975446192,2.0,19.672999485174422,-1.0050831089623806,2.5692442661987704,1.0366256994588214,1.041708808421202,-1.0050831089623806,2.0
SOLUSDT,2021-11-08,2021,True,сделка,5.005512311358232,-1.0199779750362585,2.9482984604740707,0.1730842671727536,0.19306224220901225,-1.0199779750362585,2.0,17.835313741064336,-1.005606853989328,0.8274451717371811,0.04857640537272288,0.05418325936205071,-1.005606853989328,2.0,1.601551525460927,-1.0624394522500422,11.813610149152005,-1.0624394522500422,2.8900174480306617,-1.0624394522500422,2.0,1.5599813432835867,-1.0641033307420915,12.12841771283647,-1.0641033307420915,2.9670302612463946,-1.0641033307420915,2.0,14.855130597014915,-1.006731680973582,1.2736411324029024,-1.006731680973582,0.311576651734875,-1.006731680973582,2.0
SOLUSDT,2022-05-16,2022,False,сделка,3.4476615236258263,-1.0290051675069403,24.97045640484178,-1.0290051675069403,10.953856051017823,-1.0290051675069403,2.0,14.140911282545796,-1.0070716800354607,6.08798683862829,-1.0070716800354607,2.6706332631507186,-1.0070716800354607,2.0,4.095065481758652,-1.0244196339339253,19.66248822135291,-1.0244196339339253,8.215070957425546,-1.0244196339339253,2.0,6.337909260991567,-1.0157780737909075,12.704375131453228,-1.0157780737909075,5.307941802670771,-1.0157780737909075,2.0,16.711061739943865,-1.005984060232449,4.818316038428977,-1.005984060232449,2.01311287286671,-1.005984060232449,2.0
SOLUSDT,2022-11-14,2023,True,нет теста,,,,,,,,,,,,,,,,,,,,,,,,,,,,,,,,,,,
SOLUSDT,2023-05-01,2023,False,сделка,0.6305263157894634,-1.1585976627712882,21.883319045255966,-1.1585976627712882,7.9374031794734154,-1.1585976627712882,2.0,7.034736842105251,-1.014215172826575,1.961410759854576,-1.014215172826575,0.7114326656448461,-1.014215172826575,2.0,0.534841029523082,-1.1869714447471804,25.335267683380245,-1.1869714447471804,8.930151091610451,-1.1869714447471804,2.0,0.8467922028765954,-1.1180927264803513,16.001966722167225,-1.1180927264803513,5.640358032830934,-1.1180927264803513,2.0,7.237064723694156,-1.0138177567588418,1.8723531111526652,-1.0138177567588418,0.6599652464066388,-1.0138177567588418,2.0
SOLUSDT,2023-07-17,2023,True,сделка,1.252059308072496,-1.079868421052631,46.36842105263126,-1.079868421052631,21.659774436090085,-1.079868421052631,2.0,7.694186867498241,-1.012996824969565,7.545438417256498,-1.012996824969565,3.524650838416031,-1.012996824969565,2.0,1.9641422534542579,-1.0509128093060134,30.260982236962885,-1.0509128093060134,14.37263699391779,-1.0509128093060134,2.0,0.38934523526898407,-1.2568414634146319,152.6585365853645,-1.2568414634146319,72.506097560975,-1.2568414634146319,2.0,6.887754617539529,-1.0145185195397861,8.629354142682834,-1.0145185195397861,4.098564072161752,-1.0145185195397861,2.0
SOLUSDT,2024-01-08,2024,True,нет теста,,,,,,,,,,,,,,,,,,,,,,,,,,,,,,,,,,,
SOLUSDT,2024-01-15,2024,True,нет теста,,,,,,,,,,,,,,,,,,,,,,,,,,,,,,,,,,,
SOLUSDT,2024-05-27,2024,False,отмена (H4 ниже FVG),0.5405568532187291,-1.1849944171543716,32.73656228070449,-1.1849944171543716,16.631579432543052,-1.1849944171543716,2.0,5.280276557974393,-1.0189384019761196,3.351334517683871,-1.0189384019761196,1.70262185008765,-1.0189384019761196,2.0,,,,,,,,,,,,,,,,,,,,,
SOLUSDT,2025-01-20,2025,True,сделка,1.0493012856344457,-1.0953015128915393,101.53419987214876,-1.0953015128915393,58.954160451735916,-1.0953015128915393,2.0,,,,,,,,1.3955933621531054,-1.071654109794361,76.03069605707613,-1.071654109794361,44.08311517016765,-1.071654109794361,2.0,1.2562822479431053,-1.0795999467187638,84.4618595151407,-1.0795999467187638,48.971561140218434,-1.0795999467187638,2.0,,,,,,,
SOLUSDT,2025-12-08,2025,True,сделка,1.0389562206282428,-1.096250446375432,20.299170733642885,-1.096250446375432,10.847914930762247,1.903749553624568,2.0,3.8722977986643663,5.420541187341765,5.446365647442559,2.884723561812412,2.910548021913206,1.974175539899203,1.999999999999997,1.3847558977719439,-1.0722148937302949,14.66421375797846,-1.0722148937302949,7.619002549526529,-1.0722148937302949,2.0,1.6793496068151934,-1.059546862424701,12.091798161110237,-1.059546862424701,6.282467136551026,-1.059546862424701,2.0,4.494356159895153,4.4959401900228,4.518190318059456,2.325240444638044,2.3474905726747,1.9777498719633468,2.0000000000000027
SOLUSDT,2026-04-20,2026,True,хай матери раньше теста,,,,,,,,,,,,,,,,,,,,,,,,,,,,,,,,,,,
SOLUSDT,2026-07-20,2026,True,отмена (H4 ниже FVG),0.39934622718605123,-1.2504092769440665,19.065484311050568,-1.2504092769440665,9.362210095497959,-1.2504092769440665,2.0,4.0595341868700565,1.8508845801557492,1.8755179482706021,0.8963499535314408,0.9209833216462936,1.975366631885147,2.0,,,,,,,,,,,,,,,,,,,,,
XRPUSDT,2020-05-11,2020,False,сделка,0.15203125000000606,-1.6577595066803439,116.13566289824817,-1.6577595066803439,29.80472764645303,1.3422404933196561,2.0,20.444218750000005,-1.0048913583454981,0.8636304578769971,-1.0048913583454981,0.2216396750303795,-1.0048913583454981,2.0,1.0824534161490775,-1.09238272844642,15.63620714388165,-1.09238272844642,3.5862860421746827,-1.09238272844642,2.0,0.7722049689441087,-1.1294992961994756,21.918359139352223,-1.1294992961994756,5.027146591594535,-1.1294992961994756,2.0,20.938354037267086,-1.0047759245937868,0.8083474855943571,-1.0047759245937868,0.18540079944824664,-1.0047759245937868,2.000000000000001
XRPUSDT,2020-09-07,2020,True,отмена (H4 ниже FVG),0.907358570820928,-1.1102100131258203,32.67391711981997,-1.1102100131258203,15.0009375585974,1.8897899868741797,2.0,6.856316461080391,-1.0145850910715173,4.324035932304334,-1.0145850910715173,1.9852101841282446,-1.0145850910715173,1.9999999999999982,,,,,,,,,,,,,,,,,,,,,
XRPUSDT,2021-09-13,2021,True,отмена (H4 ниже FVG),0.4434062500000002,-1.22552681654803,107.59508539478932,-1.22552681654803,46.385697841050536,1.77447318345197,2.0,10.724781249999994,-1.0093241995029036,4.4484201795102685,1.9084499586724284,1.917774158175332,1.9906758004970964,2.0,,,,,,,,,,,,,,,,,,,,,
XRPUSDT,2021-10-11,2021,True,хай матери раньше теста,,,,,,,,,,,,,,,,,,,,,,,,,,,,,,,,,,,
XRPUSDT,2021-10-18,2021,True,хай матери раньше теста,,,,,,,,,,,,,,,,,,,,,,,,,,,,,,,,,,,
XRPUSDT,2021-12-06,2022,True,сделка,1.8290707444127086,-1.0546725709245919,39.96398647655436,-1.0546725709245919,19.122997207114466,1.9453274290754081,2.0,8.20816669467316,-1.0121829884455071,8.905394007386366,4.249099224514199,4.261282212959706,1.9878170115544929,2.0,1.2442142496210162,-1.0803720099094345,59.07755621437972,-1.0803720099094345,28.367786216139482,1.9196279900905655,2.0,1.5975745325922301,-1.0625948886639671,46.010458839405864,-1.0625948886639671,22.093243927125343,1.9374051113360329,2.0,7.991712986356747,-1.0125129618857331,9.19766981124122,4.404012493993272,4.416525455879005,1.9874870381142669,2.0
XRPUSDT,2022-02-14,2022,True,сделка,0.320225957564067,-1.3122794940194478,82.39394200154898,-1.3122794940194478,29.364942776008935,-1.3122794940194478,2.0,14.552328465141906,-1.006871752533592,1.813089845939437,0.6393077878599666,0.6461795403935584,-1.006871752533592,2.0,2.7246968472109847,-1.0367013306828465,8.658586637788261,-1.0367013306828465,2.5639504121605987,-1.0367013306828465,2.0,2.5227970897332215,-1.0396385426346653,9.351534377970772,-1.0396385426346653,2.7691436750301768,-1.0396385426346653,2.0,16.44042037186741,-1.0060825695291296,1.4350012456892607,0.4188449838060395,0.42492755333516896,-1.0060825695291296,2.0
XRPUSDT,2022-07-04,2022,True,хай матери раньше теста,,,,,,,,,,,,,,,,,,,,,,,,,,,,,,,,,,,
XRPUSDT,2022-08-01,2022,False,отмена (H4 ниже FVG),0.42235259606922587,-1.236768995693848,47.99277677455231,-1.236768995693848,18.509515210446015,-1.236768995693848,2.0,5.4627750073335255,-1.0183057145618764,3.7105452514686474,1.4127511733055547,1.431056887867431,-1.0183057145618764,2.0,,,,,,,,,,,,,,,,,,,,,
XRPUSDT,2022-09-26,2022,False,сделка,3.497034820457006,-1.0285956546429045,14.873474340923112,-1.0285956546429045,6.347675241732877,1.9714043453570955,2.0,15.481773667029378,-1.0064592082374233,3.3596317056456577,-1.0064592082374233,1.4338177153801555,-1.0064592082374233,2.0,1.4456357758620508,-1.0691737169691784,34.95956170101792,-1.0691737169691784,14.53542544072174,1.9308262830308216,2.0,4.432947198275848,-1.0225583557681206,11.400720749190258,-1.0225583557681206,4.740171740068446,-1.0225583557681206,2.0,16.301454741379306,-1.0061344218406572,3.100262762142421,-1.0061344218406572,1.2890218307415187,-1.0061344218406572,2.0
XRPUSDT,2022-10-10,2022,True,отмена (H4 ниже FVG),0.23055979089522155,-1.4337269721303887,85.49834671705545,-1.4337269721303887,32.26263580538609,-1.4337269721303887,2.0,8.564626443040725,-1.0116759324723679,2.30161596329622,0.856834400638857,0.8685103331112248,-1.0116759324723679,1.9999999999999987,,,,,,,,,,,,,,,,,,,,,
XRPUSDT,2022-11-14,2023,True,тест без сигнала,0.1290745052386454,-1.7747463359639486,307.1025930101565,-1.7747463359639486,116.79819616685828,-1.7747463359639486,2.0,13.706868451688006,-1.0072956124407604,2.8919162236075486,1.0925667985935341,1.0998624110342945,-1.0072956124407604,2.0,,,,,,,,,,,,,,,,,,,,,
XRPUSDT,2022-11-28,2022,True,сделка,0.8775439607956175,-1.1139544050982197,23.881479534853185,-1.1139544050982197,11.628670915182978,-1.1139544050982197,2.0,1.223119054482543,-1.0817581899599351,17.13410322884775,-1.0817581899599351,8.343153429177582,-1.0817581899599351,2.0,1.5086618705035932,-1.0662839049326671,13.7527181169649,-1.0662839049326671,6.6379277457750145,1.9337160950673329,2.0,1.0486906474820106,-1.0953570056528186,19.78486361890134,-1.0953570056528186,9.549420997749884,1.9046429943471814,2.0,1.3936690647481815,-1.0717530456328732,14.887466446417722,-1.0717530456328732,7.185628742515072,1.9282469543671268,2.0
XRPUSDT,2023-04-03,2023,True,отмена (H4 ниже FVG),1.1568005181347232,-1.0864453278091926,22.84306589776592,-1.0864453278091926,9.461956217456967,-1.0864453278091926,2.0,5.233031088082894,-1.019109383895641,5.049629941335189,-1.019109383895641,2.0916359315824686,-1.019109383895641,1.9999999999999978,,,,,,,,,,,,,,,,,,,,,
XRPUSDT,2023-06-19,2023,True,отмена (H4 ниже FVG),0.3519016600126021,-1.2841702991580628,53.80068071893556,-1.2841702991580628,20.272287573894108,-1.2841702991580628,2.0,7.510107165370878,2.5076271802935577,2.5209425695147796,0.9365847243750781,0.9499001135962999,1.9866846107787781,2.0,,,,,,,,,,,,,,,,,,,,,
XRPUSDT,2023-07-17,2023,False,отмена (H4 ниже FVG),0.595214489990448,-1.1680066626093137,141.09997117140657,-1.1680066626093137,60.50802395977006,1.8319933373906863,2.0,22.251325071496662,-1.0044941143809947,3.7743706097772054,-1.0044941143809947,1.6185666474163778,-1.0044941143809947,2.0,,,,,,,,,,,,,,,,,,,,,
XRPUSDT,2023-09-04,2023,True,нет теста,,,,,,,,,,,,,,,,,,,,,,,,,,,,,,,,,,,
XRPUSDT,2024-03-25,2024,False,сделка,1.1468562874251373,-1.0871948831745213,9.847858562125746,2.421906046498176,2.509100929672697,1.9128051168254787,2.0,6.514071856287415,-1.0153513811646826,1.73379704105448,0.42639661309515,0.44174799425983263,-1.0153513811646826,2.0,3.8018039980497202,-1.026303302340494,2.299882440953307,0.11049267927755049,0.13679598161804432,-1.026303302340494,2.0,3.4121404193076432,-1.0293071174428077,2.562527089912324,0.12311085073042027,0.15241796817322792,-1.0293071174428077,2.0,8.656362749878099,-1.0115521961000777,1.0100896313736119,0.048527484576421254,0.06007968067649899,-1.0115521961000777,2.0
XRPUSDT,2024-05-27,2024,False,сделка,0.37152414802425854,-1.2691615081598155,44.569499155879974,-1.2691615081598155,27.405740011254494,-1.2691615081598155,2.0,6.533033660882288,-1.0153068245459638,2.534602768221459,-1.0153068245459638,1.5585246819745595,-1.0153068245459638,1.9999999999999982,8.008750000000003,-1.0124863430622757,1.3254352258566393,-1.0124863430622757,0.5698132746673409,-1.0124863430622757,2.0,5.4517857142857205,-1.0183426138224696,1.9470830148851743,-1.0183426138224696,0.8370637260254029,-1.0183426138224696,2.0,11.29910714285714,-1.008850256815488,0.9394617849773915,-1.008850256815488,0.40388076737345846,-1.008850256815488,2.0
XRPUSDT,2024-10-07,2024,False,отмена (H4 ниже FVG),0.38662968630451483,-1.258645426210854,65.40345322317307,-1.258645426210854,28.694404591104654,1.741354573789146,2.0,7.170198928844684,3.5127221507877633,3.526668765239102,1.5333059451845743,1.5472525596359132,1.986053385548661,2.0,,,,,,,,,,,,,,,,,,,,,
XRPUSDT,2025-01-20,2025,True,сделка,0.3544656936077383,-1.2821147484886444,106.19368084863463,-1.2821147484886444,44.96406980723069,1.7178852515113556,2.0,28.765762341810543,-1.003476354939311,1.308570108154514,0.5505927499312686,0.5540691048705796,-1.003476354939311,2.0,1.042642039751057,-1.0959101937073976,35.19081911657094,-1.0959101937073976,14.518427234566918,-1.0959101937073976,2.0,1.042642039751057,-1.0959101937073976,35.19081911657094,-1.0959101937073976,14.518427234566918,-1.0959101937073976,2.0,29.257723348725158,-1.003417900935356,1.2540766411276756,0.5139676251153484,0.5173855260507046,-1.003417900935356,2.0
XRPUSDT,2025-03-03,2025,True,сделка,0.6478108808289986,-1.1543660394713204,46.023208227524485,-1.1543660394713204,10.850946125186095,-1.1543660394713204,2.0,18.251088082901553,-1.0054791253839646,1.6335648003573267,-1.0054791253839646,0.3851475010835238,-1.0054791253839646,2.0,1.51699091532397,-1.0659199728817386,19.00820609878382,-1.0659199728817386,4.1016369825284755,-1.0659199728817386,2.0,1.3971246143297862,-1.0715755767054258,20.63901506902682,-1.0715755767054258,4.4535369119077055,-1.0715755767054258,2.0,18.86763798423038,-1.005300080491452,1.5282928362607622,-1.005300080491452,0.329778748439683,-1.005300080491452,2.0
XRPUSDT,2025-07-21,2025,True,нет теста,,,,,,,,,,,,,,,,,,,,,,,,,,,,,,,,,,,
XRPUSDT,2025-08-11,2025,True,сделка,2.09334110592937,-1.0477705232638632,6.035762649561395,-1.0477705232638632,2.211097337612859,-1.0477705232638632,2.0,7.447741505662875,-1.0134268892017755,1.696475374494819,-1.0134268892017755,0.621474435238744,-1.0134268892017755,2.0,0.6136075315483763,-1.1629706202393901,20.99564744287261,-1.1629706202393901,7.9189336235037855,1.8370293797606099,2.0,1.8776156773719692,-1.0532590354912068,6.861408091091907,-1.0532590354912068,2.587919014403804,-1.0532590354912068,2.0,7.243813847900106,-1.0138048826349932,1.7784950954276237,-1.0138048826349932,0.6707954421857757,-1.0138048826349932,2.0
XRPUSDT,2025-09-15,2025,True,сделка,0.5243389614526928,-1.1907163254146664,24.329816176222376,13.185957024525571,13.376673349940237,1.8092836745853336,2.0,5.570436444727621,-1.0179519147183969,2.290138425015125,1.2411794085800127,1.2591313232984096,-1.0179519147183969,2.0,1.0536069038393836,-1.0949120584115348,11.584018400703368,6.06484375783549,6.159755816247025,1.9050879415884652,2.0,1.0113807678760145,-1.0988747296530152,12.067662495515973,6.318056914788014,6.416931644441029,1.9011252703469848,2.0,6.032772102853119,-1.016576127573708,2.0231166623070895,1.0592081293673627,1.0757842569410707,-1.016576127573708,2.0
XRPUSDT,2025-11-24,2025,True,отмена (H4 ниже FVG),0.1586956521739192,-1.6301369863013453,146.24213254349678,-1.6301369863013453,64.3532698327194,1.3698630136986547,2.0,5.537351778656132,4.173112260695683,4.191171434827522,1.826249176475807,1.844308350607646,1.9819408258681632,2.000000000000002,,,,,,,,,,,,,,,,,,,,,
XRPUSDT,2026-02-16,2026,True,нет теста,,,,,,,,,,,,,,,,,,,,,,,,,,,,,,,,,,,
XRPUSDT,2026-07-06,2026,True,сделка,0.5232216748768366,-1.1911235806955807,31.784887114693646,-1.1911235806955807,16.476170749619058,-1.1911235806955807,2.0,0.39527093596058177,-1.2529910269192484,42.07377866400899,-1.2529910269192484,21.809571286142127,-1.2529910269192484,2.0,0.4758986038221531,-1.2101287946567936,36.18318387049847,-1.2101287946567936,19.267181290443702,-1.2101287946567936,2.0,0.020863451826914358,-5.793070716658572,825.34409112479,-5.793070716658572,439.4874228761104,-5.793070716658572,2.0,,,,,,,
