sym,side,has_zone,zone_pct,dist_R,touch,mid,full,h4_above,touch_before_E1,touch_before_newlow,E1,days_touch,touch_1w,touch_wk,h4_above_given_touch
ADAUSDT,low,True,0.11241997439180541,0.15569782330345716,True,True,True,True,True,False,False,6.697916666666667,True,False,True
ADAUSDT,low,True,0.16341829085457316,0.4397801099450276,True,True,True,True,True,False,False,0.5833333333333334,True,True,True
ADAUSDT,low,True,0.01839423315933394,0.393238876460353,True,True,True,True,True,False,False,5.979166666666667,True,False,True
ADAUSDT,low,True,0.035424866867330485,0.09770780273211395,True,True,True,True,True,False,False,4.125,True,True,True
ADAUSDT,low,True,0.11070911722141849,0.3053545586107092,True,True,True,True,True,False,False,4.125,True,True,True
ADAUSDT,low,True,0.006960556844547828,0.2352668213457075,True,True,True,True,False,False,True,12.541666666666666,False,False,True
ADAUSDT,low,True,0.030311305297651647,0.1965228472601492,True,True,True,True,True,True,False,12.864583333333334,False,False,True
ADAUSDT,low,True,0.060369833212473016,0.39140681653372017,True,True,True,True,True,True,False,12.864583333333334,False,False,True
ADAUSDT,low,True,0.010634648370497398,0.14391080617495727,True,True,True,True,True,False,False,3.6979166666666665,True,False,True
ADAUSDT,low,True,0.012173191312767903,0.06695255222022409,True,True,True,False,True,False,False,7.489583333333333,False,False,False
ADAUSDT,low,True,0.11487758945386053,0.27495291902071567,True,True,False,False,True,False,False,2.75,True,True,False
ADAUSDT,low,True,0.005520504731861033,0.1924290220820193,True,True,True,True,True,False,False,0.9895833333333334,True,True,True
ADAUSDT,low,True,0.033068783068783095,0.19179894179894197,True,True,True,True,True,False,False,3.1145833333333335,True,True,True
ADAUSDT,low,True,0.08296943231441035,0.2649199417758373,True,True,True,False,False,False,True,19.34375,False,False,False
ADAUSDT,low,True,0.08045977011494261,0.30344827586206874,False,False,False,False,False,False,False,,False,False,
ADAUSDT,low,True,0.06578947368421059,0.09774436090225531,True,True,True,False,True,False,False,3.0833333333333335,True,True,False
ADAUSDT,low,True,0.014193548387096643,0.0864516129032256,True,True,True,True,True,False,False,11.822916666666666,False,False,True
ADAUSDT,low,True,0.008832188420019753,0.12365063788027492,False,False,False,False,False,False,False,,False,False,
ADAUSDT,low,True,0.09552238805970091,0.567164179104478,False,False,False,False,False,False,True,,False,False,
ADAUSDT,low,True,0.024165707710011416,0.44361334867663976,False,False,False,False,False,False,False,,False,False,
ADAUSDT,low,True,0.016927083333333637,0.35416666666666635,True,True,True,True,True,False,False,6.3125,True,False,True
ADAUSDT,low,True,0.11340996168582412,0.2007662835249044,True,True,True,False,True,False,True,5.322916666666667,True,False,False
ADAUSDT,low,True,0.10034129692832798,0.2426621160409555,True,True,True,False,True,True,True,0.9270833333333334,True,True,False
ADAUSDT,low,True,0.09101725163593087,0.23378941106484236,True,True,True,True,True,False,False,0.625,True,True,True
ADAUSDT,low,True,0.0015151515151513482,0.24848484848484886,True,True,True,True,True,False,True,1.0416666666666667,True,True,True
ADAUSDT,low,True,0.03216947822675596,0.1757551981169084,True,True,True,True,True,False,True,3.1875,True,True,True
ADAUSDT,low,True,0.04815409309791337,0.569823434991974,True,False,False,False,True,False,True,11.4375,False,False,False
ADAUSDT,low,True,0.031966643502432585,0.3697011813759557,False,False,False,False,False,False,True,,False,False,
ADAUSDT,low,True,0.08637577916295625,0.4737310774710594,True,True,True,True,True,False,False,2.2291666666666665,True,True,True
ADAUSDT,low,True,0.02921348314606763,0.0865168539325841,True,True,True,True,True,False,False,7.166666666666667,False,False,True
ADAUSDT,high,True,0.011715797430083105,0.1114890400604691,False,False,False,False,False,False,False,,False,False,
ADAUSDT,high,True,0.056936647955092866,0.09302325581395435,True,True,True,True,True,False,True,3.78125,True,True,True
ADAUSDT,high,True,0.004212299915753574,0.20471777590564635,True,True,True,False,True,False,True,3.6875,True,True,False
ADAUSDT,high,True,0.15478999528079274,0.20080226521944355,True,True,True,True,True,False,False,7.520833333333333,False,False,True
ADAUSDT,high,True,0.04258555133079849,0.1365019011406853,False,False,False,False,False,False,True,,False,False,
ADAUSDT,high,True,0.09130047505938226,0.6956650831353921,False,False,False,False,False,False,True,,False,False,
ADAUSDT,high,True,0.01578854000354802,0.32742002247058144,False,False,False,False,False,False,True,,False,False,
ADAUSDT,high,True,0.022465292385359745,0.4658813630626843,False,False,False,False,False,False,True,,False,False,
ADAUSDT,high,True,0.010126619379799804,0.13242276804033062,True,True,True,True,True,False,False,0.2708333333333333,True,True,True
ADAUSDT,high,True,0.014366501725643884,0.1878664393529877,True,True,True,True,True,False,False,0.2708333333333333,True,True,True
ADAUSDT,high,True,0.04169695114953488,0.41264680004590554,True,True,True,True,True,False,True,0.0625,True,True,True
ADAUSDT,high,True,0.08917197452229263,0.37980655815050735,True,True,True,True,True,False,False,1.5625,True,True,True
ADAUSDT,high,True,0.016949152542372076,0.23258003766478416,True,True,True,True,True,False,False,4.3125,True,False,True
ADAUSDT,high,True,0.021828103683492365,0.1978171896316509,True,True,True,True,True,False,False,0.75,True,True,True
ADAUSDT,high,True,0.13238916256157615,0.18411330049261107,True,True,True,True,True,True,False,0.7083333333333334,True,True,True
ADAUSDT,high,True,0.06779661016949151,0.5838041431261787,False,False,False,False,False,False,True,,False,False,
ADAUSDT,high,True,0.03150684931506887,0.22465753424657525,True,True,True,False,True,False,True,0.1875,True,True,False
ADAUSDT,high,True,0.033625730994151636,0.15643274853801173,True,True,True,True,True,False,False,0.1875,True,True,True
ADAUSDT,high,True,0.04674046740467373,0.18204182041820485,True,True,True,True,True,False,False,7.479166666666667,False,False,True
ADAUSDT,high,True,0.3311475409836065,0.26065573770491757,False,False,False,False,False,False,True,,False,False,
ADAUSDT,high,True,0.0030564045568210038,0.13281467074187298,True,True,True,True,True,False,False,0.28125,True,True,True
ADAUSDT,high,True,0.05460317460317497,0.13269841269841298,True,True,True,False,True,False,True,13.53125,False,False,False
ADAUSDT,high,True,0.029029793735676285,0.24522536287242186,True,True,True,True,True,False,False,8.84375,False,False,True
ADAUSDT,high,True,0.006081081081081162,0.35878378378378406,False,False,False,False,False,False,True,,False,False,
ADAUSDT,high,True,0.16202090592334517,0.1974448315911726,True,True,True,False,True,False,False,16.8125,False,False,False
ADAUSDT,high,True,0.22721893491124281,0.18698224852071071,True,True,True,True,True,False,False,0.5416666666666666,True,True,True
ADAUSDT,high,True,0.08155339805825207,0.7300970873786412,True,True,True,True,True,False,False,2.4375,True,True,True
ADAUSDT,high,True,0.0769230769230764,0.43356643356643476,True,True,True,True,True,False,False,3.0520833333333335,True,True,True
ADAUSDT,high,True,0.06756756756756778,0.18693693693693678,True,True,True,True,True,False,False,3.8020833333333335,True,False,True
ADAUSDT,high,True,0.03105590062111804,0.37577639751552794,True,True,True,True,True,False,False,1.3645833333333333,True,True,True
ADAUSDT,high,True,0.07560137457044651,0.2611683848797254,True,True,True,True,True,False,True,4.989583333333333,True,False,True
ADAUSDT,high,True,0.06030150753768807,0.3140703517587942,True,True,True,True,True,False,True,0.4895833333333333,True,True,True
BNBUSDT,low,True,0.04475888948577565,0.23348687293550194,True,True,True,True,True,True,False,0.9895833333333334,True,True,True
BNBUSDT,low,True,0.03372762148337618,0.1915760869565215,True,True,True,True,True,False,False,15.75,False,False,True
BNBUSDT,low,True,0.042981126876980344,0.5590301694448274,False,False,False,False,False,False,True,,False,False,
BNBUSDT,low,True,0.08963963963963972,0.1681306306306307,True,True,True,True,True,False,False,0.75,True,False,True
BNBUSDT,low,True,0.04056692913385861,0.5026141732283462,True,True,True,True,True,True,False,4.645833333333333,True,False,True
BNBUSDT,low,True,0.045060173523649986,0.558284354883851,True,True,True,True,True,True,False,4.645833333333333,True,False,True
BNBUSDT,low,True,0.060515098757278785,0.16677673050369232,False,False,False,False,False,False,False,,False,False,
BNBUSDT,low,True,0.007937484617278001,0.23184838789072085,True,True,True,True,True,False,False,0.6145833333333334,True,True,True
BNBUSDT,low,True,0.005322128851540751,0.10700280112044817,True,True,True,True,True,False,False,2.3541666666666665,True,True,True
BNBUSDT,low,True,0.07361577181208033,0.23070469798657714,False,False,False,False,False,False,True,,False,False,
BNBUSDT,low,True,0.011507397612750742,0.10170824101207929,True,True,True,True,True,False,False,2.0104166666666665,True,True,True
BNBUSDT,low,True,0.0014518002322883674,0.278745644599303,True,True,True,True,True,False,False,23.40625,False,False,True
BNBUSDT,low,True,0.015817694369974038,0.5726541554959788,True,True,True,True,True,False,False,2.6666666666666665,True,True,True
BNBUSDT,low,True,0.1596675415573055,0.2318460192475944,True,True,True,True,True,False,False,3.2395833333333335,True,False,True
BNBUSDT,low,True,0.04795204795204833,0.1346153846153842,False,False,False,False,False,False,True,,False,False,
BNBUSDT,low,True,0.0186125211505929,0.1759729272419612,False,False,False,False,False,False,False,,False,False,
BNBUSDT,low,True,0.015591007976795036,0.41479332849891243,False,False,False,False,False,False,False,,False,False,
BNBUSDT,low,True,0.0038167938931290154,0.22805343511450274,False,False,False,False,False,False,True,,False,False,
BNBUSDT,low,True,0.04542462146148768,0.08097432521395682,True,True,True,False,True,False,False,12.75,False,False,False
BNBUSDT,low,True,0.008553100498931187,0.3307198859586611,False,False,False,False,False,False,True,,False,False,
BNBUSDT,low,True,0.030320699708455075,0.32997084548104977,True,True,True,True,True,False,False,0.4479166666666667,True,True,True
BNBUSDT,low,True,0.030500203334688905,0.3882336993357733,True,True,True,True,True,False,True,4.541666666666667,True,True,True
BNBUSDT,low,True,0.003630974434975983,0.18903297517599096,True,True,True,True,True,False,False,0.5416666666666666,True,True,True
BNBUSDT,low,True,0.07759961539549175,0.06702299143123795,False,False,False,False,False,False,False,,False,False,
BNBUSDT,low,True,0.09518552296836771,0.22301156818509063,False,False,False,False,False,False,False,,False,False,
BNBUSDT,low,True,0.07904429124563231,0.09099065067522892,True,True,True,True,True,True,False,2.1145833333333335,True,True,True
BNBUSDT,low,True,0.08333333333333237,0.4719973009446699,True,True,True,True,True,False,False,2.5,True,True,True
BNBUSDT,low,True,0.03770341508136627,0.15155856062342388,True,True,True,True,True,False,False,10.8125,False,False,True
BNBUSDT,high,True,0.015406536646183834,0.05004898031881746,True,True,True,True,True,False,False,0.5416666666666666,True,True,True
BNBUSDT,high,True,0.0455143878126765,0.1908971224374649,False,False,False,False,False,False,False,,False,False,
BNBUSDT,high,True,0.03460728257598508,0.24947336743906126,True,True,True,True,True,False,False,7.541666666666667,False,False,True
BNBUSDT,high,True,0.07658473479948237,0.14695989650711458,True,True,True,True,True,False,False,3.34375,True,False,True
BNBUSDT,high,True,0.1526717557251912,0.33944020356233995,False,False,False,False,False,False,True,,False,False,
BNBUSDT,high,True,0.023624026137220713,0.3478260869565219,True,True,True,True,True,False,False,17.927083333333332,False,False,True
BNBUSDT,high,True,0.039561074213110184,0.47415535662720104,True,True,True,True,True,False,False,0.8958333333333334,True,True,True
BNBUSDT,high,True,0.11320754716981134,0.28540721280152853,True,True,True,True,False,False,True,4.53125,True,False,True
BNBUSDT,high,True,0.10217439538495661,0.17539383181717352,True,True,True,True,True,False,True,0.5208333333333334,True,True,True
BNBUSDT,high,True,0.009129814550641947,0.6208273894436523,False,False,False,False,False,False,True,,False,False,
BNBUSDT,high,True,0.011992445703494097,0.22322946175637376,False,False,False,False,False,False,True,,False,False,
BNBUSDT,high,True,0.009045964322991831,0.16816645261607036,False,False,False,False,False,False,True,,False,False,
BNBUSDT,high,True,0.16058887328200835,0.2705136639226212,True,True,True,True,True,False,True,0.15625,True,True,True
BNBUSDT,high,True,0.017690152407467036,0.11208819645215426,True,True,True,True,True,False,False,0.28125,True,True,True
BNBUSDT,high,True,0.02496591683708254,0.11477505112474412,True,True,True,True,True,False,True,1.0104166666666667,True,False,True
BNBUSDT,high,True,0.2069850320741267,0.34925160370634367,True,True,True,True,True,True,False,0.3541666666666667,True,True,True
BNBUSDT,high,True,0.008396533044420427,0.18364030335861317,True,True,True,True,True,False,False,4.197916666666667,True,False,True
BNBUSDT,high,True,0.08637518384810815,0.15844364219815477,True,True,True,True,True,False,True,7.770833333333333,False,False,True
BNBUSDT,high,True,0.019291819291819088,0.13162393162393193,True,True,True,True,True,True,True,0.25,True,True,True
BNBUSDT,high,True,0.07510373443983405,0.27302904564315494,True,True,True,True,False,False,True,15.229166666666666,False,False,True
BNBUSDT,high,True,0.07049842837898572,0.16748989672204756,False,False,False,False,False,False,False,,False,False,
BNBUSDT,high,True,0.09175377468060468,0.5963995354239247,False,False,False,False,False,False,True,,False,False,
BNBUSDT,high,True,0.1143046650453242,0.4207384479327872,True,True,True,True,True,False,False,0.8333333333333334,True,True,True
BNBUSDT,high,True,0.001672800267648424,0.262462361993978,True,True,True,True,True,False,False,2.7291666666666665,True,False,True
BNBUSDT,high,True,0.08344113842173295,0.18111254851229042,True,True,True,True,True,True,True,0.3020833333333333,True,True,True
BNBUSDT,high,True,0.027538501696685116,0.08509527538501672,False,False,False,False,False,False,True,,False,False,
BNBUSDT,high,True,0.03352412101390112,0.10813573180703111,False,False,False,False,False,False,True,,False,False,
BNBUSDT,high,True,0.06945298094652702,0.2645974185617704,False,False,False,False,False,False,True,,False,False,
BNBUSDT,high,True,0.03160839160839148,0.2155944055944051,True,True,True,True,True,True,False,2.25,True,True,True
BNBUSDT,high,True,0.05686546463245578,0.41269841269841234,True,True,True,True,False,False,True,8.375,False,False,True
BNBUSDT,high,True,0.019871936409803823,0.25553838227717607,True,True,True,True,True,False,False,5.4375,True,False,True
BNBUSDT,high,True,0.0872901678657061,0.08792965627497992,True,True,True,True,True,False,True,0.0625,True,True,True
BNBUSDT,high,True,0.03975599495161938,0.610538493899873,True,True,True,True,False,False,True,6.083333333333333,True,False,True
BNBUSDT,high,True,0.017268576172686095,0.1481112494811127,True,True,True,True,True,False,False,0.6354166666666666,True,True,True
BNBUSDT,high,True,0.011585496674533796,0.24704998927268787,True,True,True,True,True,False,False,0.9479166666666666,True,True,True
BNBUSDT,high,True,0.01825221238938027,0.13783185840708,True,True,True,True,True,False,True,13.479166666666666,False,False,True
BNBUSDT,high,True,0.0010219724067440877,0.06932379492420451,True,True,True,True,True,False,True,0.3333333333333333,True,True,True
BNBUSDT,high,True,0.025584405695576126,0.15053681565521948,True,True,True,True,True,False,False,0.25,True,True,True
BNBUSDT,high,True,0.01814467676039402,0.39389569814948283,False,False,False,False,False,False,True,,False,False,
BNBUSDT,high,True,0.032433056325023774,0.15368190212372973,True,True,True,False,False,False,True,8.03125,False,False,False
BNBUSDT,high,True,0.03292917246405635,0.24773073610282892,True,True,True,True,True,False,False,5.208333333333333,True,False,True
BNBUSDT,high,True,0.0389865076874806,0.2544712896140575,True,True,True,True,True,False,False,5.25,True,False,True
BNBUSDT,high,True,0.035484700437130264,0.19902288506042715,True,True,True,True,True,False,False,3.5625,True,False,True
BNBUSDT,high,True,0.16578202406227863,0.1259731068648265,True,True,True,True,True,False,True,0.9166666666666666,True,True,True
BNBUSDT,high,False,,,,,,,,,,,,,
BNBUSDT,high,True,0.023706387335591005,0.18760337087501017,False,False,False,False,False,False,False,,False,False,
BTCUSDT,low,True,0.12742576882290602,0.3353658536585366,True,True,True,True,True,False,False,1.6458333333333333,True,True,True
BTCUSDT,low,True,0.021055974958571755,0.28354538758976205,True,True,True,True,True,False,False,2.1354166666666665,True,True,True
BTCUSDT,low,True,0.05830029286489494,0.0404726195864988,True,True,True,True,True,True,False,0.041666666666666664,True,True,True
BTCUSDT,low,True,0.0741694363070292,0.1456458626170803,False,False,False,False,False,False,True,,False,False,
BTCUSDT,low,True,0.062169093315684716,0.5404533421575128,True,True,True,True,True,False,False,2.4583333333333335,True,True,True
BTCUSDT,low,True,0.04223214285714287,0.11412499999999978,True,True,True,True,True,True,False,0.75,True,True,True
BTCUSDT,low,True,0.0386717376713861,0.29732493847678065,True,True,True,False,True,False,False,18.25,False,False,False
BTCUSDT,low,True,0.05728006681514429,0.349979120267261,True,True,True,True,True,False,False,1.1354166666666667,True,True,True
BTCUSDT,low,True,0.07888655462184849,0.19950980392156836,True,True,True,True,True,False,False,0.5520833333333334,True,True,True
BTCUSDT,low,True,0.0020442146860356024,0.12720731692162415,True,True,True,True,True,False,False,0.125,True,True,True
BTCUSDT,low,True,0.008838305800082229,0.3136406579725755,False,False,False,False,False,False,True,,False,False,
BTCUSDT,low,True,0.04781114188442128,0.2707364065288072,True,True,True,True,True,False,False,1.3333333333333333,True,True,True
BTCUSDT,low,True,0.05216365780640481,0.49991432056205737,True,True,True,True,True,False,False,3.6145833333333335,True,False,True
BTCUSDT,low,True,0.047140774339867166,0.13518143528268242,True,True,True,True,True,False,False,5.09375,True,True,True
BTCUSDT,low,True,0.0259683029320575,0.4137616267174495,True,True,True,True,True,False,False,2.6145833333333335,True,True,True
BTCUSDT,low,True,0.05915079550381889,0.22368166505453443,True,True,True,True,True,False,False,9.135416666666666,False,False,True
BTCUSDT,high,True,0.08787515631513178,0.12756183131860452,False,False,False,False,False,False,True,,False,False,
BTCUSDT,high,True,0.008314877754632183,0.07521324416182441,False,False,False,False,False,False,False,,False,False,
BTCUSDT,high,True,0.015612149532710212,0.32588317757009316,True,True,True,True,True,False,False,0.65625,True,True,True
BTCUSDT,high,True,0.057173513182097596,0.35440425097077416,False,False,False,False,False,False,True,,False,False,
BTCUSDT,high,True,0.05403389586815489,0.1975566578602113,True,True,True,True,True,False,False,1.625,True,True,True
BTCUSDT,high,True,0.0559469742373997,0.22613640904066123,False,False,False,False,False,False,True,,False,False,
BTCUSDT,high,True,0.022083681488477586,0.4370294670137396,False,False,False,False,False,False,True,,False,False,
BTCUSDT,high,True,0.031399976147752515,0.1872744146260888,True,True,True,True,True,False,False,3.625,True,False,True
BTCUSDT,high,True,0.005782436708861059,0.17296202531645555,True,True,True,True,True,False,False,3.09375,True,True,True
BTCUSDT,high,True,0.058609994061515486,-0.028043357870340502,True,True,True,True,True,True,False,0.010416666666666666,True,True,True
BTCUSDT,high,True,0.022526525800307805,0.3782896526707181,True,True,True,True,False,False,True,20.385416666666668,False,False,True
BTCUSDT,high,True,0.0658288450029922,0.2432425693197685,True,True,True,True,True,False,False,6.25,True,False,True
BTCUSDT,high,True,0.1138860154672168,0.27240037436579445,True,True,True,True,True,False,False,13.5,False,False,True
BTCUSDT,high,True,0.0452596474511673,0.1925917103382575,False,False,False,False,False,False,True,,False,False,
BTCUSDT,high,True,0.043293404318248505,0.3742975451049991,True,True,True,True,True,False,False,10.09375,False,False,True
BTCUSDT,high,False,,,,,,,,,,,,,
BTCUSDT,high,True,0.069060070117712,0.07033315705975644,False,False,False,False,False,False,True,,False,False,
BTCUSDT,high,True,0.11197987065649105,0.2606417267982285,True,True,True,True,True,False,False,1.5,True,True,True
BTCUSDT,high,True,0.13701592794259845,0.31891506793547464,True,True,True,True,True,False,True,1.5,True,True,True
BTCUSDT,high,True,0.003462468151825485,0.03086823022146729,True,True,True,True,True,True,False,0.010416666666666666,True,True,True
BTCUSDT,high,True,0.09388278910594597,0.16730833214506394,True,True,True,True,True,False,False,0.4375,True,True,True
BTCUSDT,high,True,0.048587644051641565,0.15082459636657738,True,True,True,True,True,False,False,4.15625,True,False,True
BTCUSDT,high,True,0.05418103321970301,0.4250188026841447,True,True,True,True,True,False,False,0.8229166666666666,True,True,True
BTCUSDT,high,True,0.0798360625336127,0.19681768447601117,False,False,False,False,False,False,True,,False,False,
BTCUSDT,high,True,0.04295403165033911,0.49270283848279256,True,True,True,True,True,False,False,3.6145833333333335,True,True,True
BTCUSDT,high,True,0.04223597492364572,0.12317151583346729,True,True,True,True,True,False,False,0.6041666666666666,True,True,True
BTCUSDT,high,True,0.021619236708581333,0.1474091953128038,True,True,True,True,True,False,False,5.083333333333333,True,False,True
BTCUSDT,high,True,0.006264114115819345,0.2567378944859902,True,True,True,True,True,False,False,2.46875,True,True,True
BTCUSDT,high,True,0.1694790798819489,0.45880226499286997,False,False,False,False,False,False,True,,False,False,
BTCUSDT,high,True,0.05475570312276471,0.7661791224203581,False,False,False,False,False,False,True,,False,False,
BTCUSDT,high,True,0.059511588116348706,0.6070306424016185,False,False,False,False,False,False,True,,False,False,
DOGEUSDT,low,True,0.02863688430698723,0.24398625429553275,False,False,False,False,False,False,False,,False,False,
DOGEUSDT,low,True,0.007125506072874316,0.25352226720647786,True,True,True,True,True,False,False,2.4791666666666665,True,True,True
DOGEUSDT,low,True,0.04407911155477914,0.14699276266533565,True,True,True,True,True,False,False,1.6354166666666667,True,True,True
DOGEUSDT,low,True,0.0023483365949117513,0.11709067188519258,False,False,False,False,False,False,False,,False,False,
DOGEUSDT,low,True,0.0014211274277594623,0.08771514290225786,True,True,True,True,True,False,False,0.5416666666666666,True,True,True
DOGEUSDT,low,True,0.06878388845855925,0.9471727343144849,False,False,False,False,False,False,True,,False,False,
DOGEUSDT,low,True,0.05400168491996629,0.1679865206402697,True,True,True,True,True,False,False,2.1666666666666665,True,True,True
DOGEUSDT,low,True,0.014274809160305211,0.17198473282442764,True,True,True,True,True,False,False,3.21875,True,False,True
DOGEUSDT,low,True,0.04111470905701108,0.21960553429496613,True,True,True,True,True,False,False,3.1145833333333335,True,False,True
DOGEUSDT,low,True,0.006273708783192505,0.18222935512109745,True,True,True,True,True,False,False,7.260416666666667,False,False,True
DOGEUSDT,low,True,0.012112676056338416,0.27661971830985904,True,True,True,True,True,False,True,7.364583333333333,False,False,True
DOGEUSDT,low,True,0.03824579296277413,0.24137344892061857,True,True,True,True,True,False,False,1.875,True,True,True
DOGEUSDT,low,True,0.024265869526991293,0.15280464216634462,True,True,True,False,True,False,False,15.270833333333334,False,False,False
DOGEUSDT,low,True,0.01374345549738232,0.5556282722513087,False,False,False,False,False,False,True,,False,False,
DOGEUSDT,low,True,0.013205282112845095,0.22208883553421513,True,True,True,True,True,False,False,5.354166666666667,True,True,True
DOGEUSDT,low,True,0.05511182108626212,0.21325878594249362,True,True,True,True,True,False,False,0.2708333333333333,True,True,True
DOGEUSDT,low,True,0.008802456499488227,0.11177072671443179,True,True,True,True,True,True,False,2.5416666666666665,True,True,True
DOGEUSDT,low,True,0.12710154673839957,0.18493611297915405,True,True,False,False,True,True,True,0.90625,True,True,False
DOGEUSDT,low,True,0.1161225176708182,0.10602490743857287,True,True,False,False,True,True,False,0.17708333333333334,True,True,False
DOGEUSDT,low,True,0.06187845303867457,0.3867403314917115,False,False,False,False,False,False,False,,False,False,
DOGEUSDT,low,True,0.004819277108435269,0.1409638554216873,True,True,True,True,True,True,True,0.4479166666666667,True,True,True
DOGEUSDT,low,True,0.04796511627906967,0.27906976744186324,False,False,False,False,False,False,True,,False,False,
DOGEUSDT,low,True,0.0037527852703176613,0.10941714553770382,True,True,True,True,True,False,False,1.7604166666666667,True,True,True
DOGEUSDT,low,True,0.024842663133488013,0.19410400794965296,True,True,True,True,True,False,False,3.5,True,True,True
DOGEUSDT,low,True,0.04850474106491604,0.5371991247264768,False,False,False,False,False,False,True,,False,False,
DOGEUSDT,low,True,0.05378486055776853,0.22270916334661345,True,True,True,True,True,False,False,11.604166666666666,False,False,True
DOGEUSDT,low,True,0.07326258130777119,0.30092434097911797,False,False,False,False,False,False,True,,False,False,
DOGEUSDT,low,True,0.10154384848002541,0.17141492917396153,True,False,False,False,True,True,False,0.6979166666666666,True,True,False
DOGEUSDT,low,True,0.049696969696969545,0.12451790633608821,True,True,True,True,True,False,False,0.6145833333333334,True,True,True
DOGEUSDT,low,True,0.007115203515747475,0.07816260332740405,True,True,True,True,True,False,False,14.989583333333334,False,False,True
DOGEUSDT,low,True,0.04577683791516378,0.07625326533150885,True,True,True,True,True,False,True,3.40625,True,True,True
DOGEUSDT,low,True,0.031738623103850644,0.4578763127187864,False,False,False,False,False,False,False,,False,False,
DOGEUSDT,low,True,0.008824366638201128,0.24338172502134925,True,True,True,True,True,False,False,0.84375,True,True,True
DOGEUSDT,low,True,0.252978056426333,0.12257053291536041,True,True,True,True,True,True,False,0.90625,True,True,True
DOGEUSDT,low,True,0.012430939226520268,0.28499079189686805,True,True,True,True,True,False,False,18.041666666666668,False,False,True
DOGEUSDT,low,True,0.0641855447680696,0.326860841423948,True,True,True,True,True,True,False,0.96875,True,True,True
DOGEUSDT,low,True,0.0026881720430106523,0.18481182795699003,True,True,True,True,True,True,False,0.4270833333333333,True,True,True
DOGEUSDT,low,True,0.04722106142916808,0.1011282908483078,False,False,False,False,False,False,False,,False,False,
DOGEUSDT,low,True,0.043966323666978314,0.10944808231992557,False,False,False,False,False,False,True,,False,False,
DOGEUSDT,low,True,0.0373737373737383,0.3595959595959589,True,True,True,True,True,False,False,2.09375,True,True,True
DOGEUSDT,high,True,0.0033003300330036243,0.5951595159516604,True,True,True,True,True,True,False,0.8020833333333334,True,True,True
DOGEUSDT,high,True,0.043478260869577304,0.8492753623190875,True,True,True,True,True,False,False,1.875,True,True,True
DOGEUSDT,high,False,,,,,,,,,,,,,
DOGEUSDT,high,False,,,,,,,,,,,,,
DOGEUSDT,high,False,,,,,,,,,,,,,
DOGEUSDT,high,False,,,,,,,,,,,,,
DOGEUSDT,high,True,0.1889534883720929,0.6061046511627911,True,True,False,False,True,False,True,3.5208333333333335,True,False,False
DOGEUSDT,high,False,,,,,,,,,,,,,
DOGEUSDT,high,False,,,,,,,,,,,,,
DOGEUSDT,high,True,0.05554147874119522,0.35199918917549466,True,True,True,True,True,False,False,14.270833333333334,False,False,True
DOGEUSDT,high,True,0.028849107215988285,0.18409062986321564,True,True,True,True,True,False,False,8.666666666666666,False,False,True
DOGEUSDT,high,True,0.04069305643810305,0.13167205822887182,True,True,True,True,True,False,True,0.14583333333333334,True,True,True
DOGEUSDT,high,True,0.14039969643308878,0.4915254237288136,True,False,False,False,False,False,True,22.78125,False,False,False
DOGEUSDT,high,True,0.02071154167362604,0.5755804242525475,True,True,True,False,True,False,True,8.916666666666666,False,False,False
DOGEUSDT,high,True,0.12125455054606588,0.14393727247269728,True,True,True,False,True,True,True,0.125,True,True,False
DOGEUSDT,high,True,0.0652920962199317,0.23642611683848788,True,True,True,True,True,True,True,0.9479166666666666,True,True,True
DOGEUSDT,high,True,0.01717305151915523,0.5270805812417437,False,False,False,False,False,False,True,,False,False,
DOGEUSDT,high,True,0.045045045045045494,0.15405405405405573,True,True,True,False,True,False,True,0.6979166666666666,True,True,False
DOGEUSDT,high,True,0.05467196819085506,0.17345924453280284,True,True,True,False,True,True,False,0.10416666666666667,True,True,False
DOGEUSDT,high,True,0.020057306590258055,0.22206303724928406,True,True,True,True,True,False,True,0.8958333333333334,True,True,True
DOGEUSDT,high,True,0.07261410788381807,0.42531120331950206,False,False,False,False,False,False,True,,False,False,
DOGEUSDT,high,True,0.05544933078393881,0.3341300191204603,False,False,False,False,False,False,True,,False,False,
DOGEUSDT,high,True,0.02473050095117321,0.31515535827520624,True,True,True,True,True,False,True,0.65625,True,True,True
DOGEUSDT,high,True,0.051229508196721875,0.35655737704918505,True,True,True,False,True,False,True,2.8958333333333335,True,True,False
DOGEUSDT,high,True,0.028815122176118084,0.23582295988935026,True,True,True,True,True,False,False,4.666666666666667,True,False,True
DOGEUSDT,high,True,0.060123432211825506,0.1588692016723077,True,True,True,True,True,False,False,2.0,True,True,True
DOGEUSDT,high,True,0.03836667580158943,0.1205809810907102,True,True,True,True,True,True,False,0.28125,True,True,True
DOGEUSDT,high,True,0.017359973796266054,0.12741565673108432,True,True,True,True,True,False,False,3.0833333333333335,True,False,True
DOGEUSDT,high,True,0.024565861922914007,0.6154171961033488,False,False,False,False,False,False,True,,False,False,
DOGEUSDT,high,True,0.009140176332605074,0.2674917091320878,True,True,True,True,True,True,False,1.1145833333333333,True,False,True
DOGEUSDT,high,True,0.03669243873673171,0.3034988861223957,True,True,True,True,True,False,False,2.0208333333333335,True,True,True
DOGEUSDT,high,True,0.06080347448425617,0.43561346362649284,True,True,True,True,True,False,False,2.0416666666666665,True,True,True
DOGEUSDT,high,True,0.001831981156765629,0.17874901858152373,True,True,True,True,True,False,False,4.71875,True,True,True
DOGEUSDT,high,True,0.09382391590013187,0.15952693823915878,True,True,True,True,False,False,True,22.15625,False,False,True
DOGEUSDT,high,True,0.048002075765438385,0.37285936689154203,False,False,False,False,False,False,True,,False,False,
DOGEUSDT,high,True,0.0798466411068511,0.24437406234372447,True,True,True,True,True,False,False,1.1875,True,True,True
DOGEUSDT,high,True,0.09470124013528755,0.210259301014656,True,True,True,True,True,False,False,0.125,True,True,True
DOGEUSDT,high,False,,,,,,,,,,,,,
DOGEUSDT,high,True,0.02695652173913108,0.2808695652173935,True,True,True,False,False,False,True,24.135416666666668,False,False,False
DOGEUSDT,high,False,,,,,,,,,,,,,
ETHUSDT,low,True,0.025390624999999903,0.304966517857143,True,True,True,True,True,False,True,9.270833333333334,False,False,True
ETHUSDT,low,True,0.043793503480278995,0.3610788863109046,True,True,True,True,True,False,False,0.53125,True,True,True
ETHUSDT,low,True,0.04955676599380483,0.3975577628253054,True,True,True,True,True,False,False,6.625,True,False,True
ETHUSDT,low,True,0.03839328537170262,0.20098321342925646,True,True,True,True,True,False,False,0.3541666666666667,True,True,True
ETHUSDT,low,True,0.05315110098709188,0.18432991647684135,True,True,True,True,True,False,False,10.916666666666666,False,False,True
ETHUSDT,low,True,0.06371860305080851,0.10324435141644701,False,False,False,False,False,False,False,,False,False,
ETHUSDT,low,True,0.007664306042755925,0.2128532662651402,True,True,True,True,True,False,True,4.15625,True,False,True
ETHUSDT,low,True,0.012346619922261772,0.27556334628966306,False,False,False,False,False,False,True,,False,False,
ETHUSDT,low,True,0.006386138613861206,0.31326732673267316,True,True,True,True,True,True,False,0.20833333333333334,True,True,True
ETHUSDT,low,True,0.01986666666666679,0.32546666666666624,True,True,True,True,True,False,True,0.3541666666666667,True,True,True
ETHUSDT,low,True,0.010474516695957885,0.46671353251318093,True,True,True,True,True,False,False,2.9166666666666665,True,True,True
ETHUSDT,low,True,0.0168604651162796,0.4081395348837212,True,True,True,True,True,False,False,11.375,False,False,True
ETHUSDT,low,True,0.08807339449541306,0.13362385321100967,True,True,True,True,True,False,False,6.885416666666667,True,False,True
ETHUSDT,low,True,0.0013868556899606127,0.1836042838431307,True,True,True,True,True,False,False,0.4895833333333333,True,True,True
ETHUSDT,low,True,0.13278349290587052,0.42977653244091507,True,False,False,False,True,False,True,4.364583333333333,True,True,False
ETHUSDT,low,True,0.024341842042090164,0.30223253580859394,False,False,False,False,False,False,True,,False,False,
ETHUSDT,low,True,0.006244413990347115,0.25829708633736514,True,True,True,True,True,True,False,2.40625,True,True,True
ETHUSDT,low,True,0.11728133037029652,0.18002946390671415,True,True,False,False,True,True,False,0.8125,True,True,False
ETHUSDT,low,True,0.008967660721646242,0.30681653614357174,True,True,True,True,True,False,False,10.416666666666666,False,False,True
ETHUSDT,low,True,0.03742393509127752,0.4072210953346842,True,True,True,True,True,False,True,10.666666666666666,False,False,True
ETHUSDT,low,True,0.02349335302806495,0.110901033973412,True,True,True,True,True,False,False,4.885416666666667,True,True,True
ETHUSDT,low,True,0.12594247865858516,0.11208462614343405,False,False,False,False,False,False,True,,False,False,
ETHUSDT,low,True,0.05652362034378276,0.3262400188805415,True,True,True,True,True,False,False,2.4895833333333335,True,True,True
ETHUSDT,low,True,0.056742000138226785,0.19856244384546276,False,False,False,False,False,False,True,,False,False,
ETHUSDT,high,True,0.009127516778523581,0.07436241610738283,False,False,False,False,False,False,True,,False,False,
ETHUSDT,high,True,0.011223131063344176,0.20867414875404217,False,False,False,False,False,False,True,,False,False,
ETHUSDT,high,True,0.10664433277498588,0.661362367392519,False,False,False,False,False,False,True,,False,False,
ETHUSDT,high,True,0.17277250113070966,1.0714608774310272,False,False,False,False,False,False,True,,False,False,
ETHUSDT,high,True,0.17572323804618398,0.3058631642201047,True,True,True,True,True,False,False,11.822916666666666,False,False,True
ETHUSDT,high,True,0.001233806292412723,0.21761258482418203,True,True,True,False,True,False,True,6.28125,True,False,False
ETHUSDT,high,True,0.24842105263157938,0.34210526315789475,False,False,False,False,False,False,True,,False,False,
ETHUSDT,high,True,0.011858132828304545,0.25963069771445807,True,True,True,True,True,False,True,1.1458333333333333,True,True,True
ETHUSDT,high,True,0.10196685767384221,0.11678798203500089,True,True,True,True,True,False,False,0.625,True,True,True
ETHUSDT,high,True,0.06428001526346819,0.2408159017587681,False,False,False,False,False,False,False,,False,False,
ETHUSDT,high,True,0.0022118742724098845,0.23159487776484292,True,True,True,True,True,False,False,1.09375,True,True,True
ETHUSDT,high,True,0.07523376671757978,0.2926275006519394,False,False,False,False,False,False,False,,False,False,
ETHUSDT,high,True,0.0575150546884609,0.44549588300356396,True,True,True,True,True,False,False,2.0520833333333335,True,True,True
ETHUSDT,high,True,0.0958799869551056,0.38384607022502387,False,False,False,False,False,False,True,,False,False,
ETHUSDT,high,True,0.12503448656403512,0.43723445345693324,True,True,True,True,True,False,False,3.7291666666666665,True,True,True
ETHUSDT,high,True,0.0824375123656268,0.4032843104926469,True,True,True,True,True,True,False,3.2083333333333335,True,False,True
ETHUSDT,high,True,0.10970639032815274,0.21170984455958536,False,False,False,False,False,False,True,,False,False,
ETHUSDT,high,True,0.05365551425031079,0.5770755885997525,True,True,True,True,True,False,True,6.854166666666667,True,False,True
ETHUSDT,high,True,0.08572304584640947,0.21563322872704963,False,False,False,False,False,False,True,,False,False,
ETHUSDT,high,True,0.01659084827401671,0.12295959325662216,False,False,False,False,False,False,True,,False,False,
ETHUSDT,high,True,0.19095051393451293,0.08686023100561648,True,True,True,True,True,False,False,2.40625,True,True,True
ETHUSDT,high,True,0.012715905478435947,0.7091872417081704,False,False,False,False,False,False,True,,False,False,
ETHUSDT,high,True,0.06951502430402143,0.28555844012372955,True,True,True,True,True,False,False,5.083333333333333,True,False,True
ETHUSDT,high,True,0.0008444112041301581,0.234939323023475,True,True,True,True,True,False,False,11.395833333333334,False,False,True
ETHUSDT,high,True,0.1938994136220124,0.12437979251240391,True,True,True,True,True,False,True,0.03125,True,True,True
ETHUSDT,high,True,0.08028169014084464,0.38842723004694896,True,True,True,True,True,False,False,0.9375,True,True,True
ETHUSDT,high,True,0.008875219683655856,0.34291739894551826,False,False,False,False,False,False,True,,False,False,
ETHUSDT,high,True,0.013345048241106371,0.29891250290109744,True,True,True,True,True,False,False,1.6458333333333333,True,True,True
ETHUSDT,high,True,0.006286661881543356,0.13140113357918995,True,True,True,True,True,False,False,0.22916666666666666,True,True,True
ETHUSDT,high,True,0.1535834882573889,0.4574496338733529,False,False,False,False,False,False,True,,False,False,
ETHUSDT,high,True,0.02850238552574451,1.0218724828056274,False,False,False,False,False,False,True,,False,False,
ETHUSDT,high,True,0.03971680193403481,0.8761008461405636,False,False,False,False,False,False,True,,False,False,
LINKUSDT,low,True,0.03254716981132074,0.27688679245283015,True,True,True,True,True,False,False,0.7395833333333334,True,True,True
LINKUSDT,low,True,0.038639687957094125,0.42954656265236485,False,False,False,False,False,False,False,,False,False,
LINKUSDT,low,True,0.04592206287121543,0.311169056931769,False,False,False,False,False,False,False,,False,False,
LINKUSDT,low,True,0.02171471359041551,0.17296892549606901,True,True,True,True,True,False,False,3.4479166666666665,True,True,True
LINKUSDT,low,True,0.11897307451471537,0.176268002504696,True,True,True,True,True,True,False,0.11458333333333333,True,True,True
LINKUSDT,low,True,0.021809216764650145,0.24957329793286537,True,True,True,True,True,False,False,3.7291666666666665,True,True,True
LINKUSDT,low,True,0.03260650111043816,0.14395315970119116,True,True,True,True,True,True,False,6.71875,True,False,True
LINKUSDT,low,True,0.0021035186129526547,0.0638067312595613,True,True,True,True,True,False,False,0.3645833333333333,True,True,True
LINKUSDT,low,True,0.02893937201562716,0.2951815945593982,True,True,True,True,True,False,False,4.5,True,True,True
LINKUSDT,low,True,0.04511854951185483,0.3139470013947002,True,True,True,True,True,False,False,9.833333333333334,False,False,True
LINKUSDT,low,True,0.007110276361685111,0.24832304802790434,False,False,False,False,False,False,True,,False,False,
LINKUSDT,low,True,0.08101702219349266,0.16742081447963802,True,True,True,True,True,False,False,0.8125,True,True,True
LINKUSDT,low,True,0.005035971223021349,0.19784172661870533,True,True,True,True,True,True,False,0.4166666666666667,True,True,True
LINKUSDT,low,True,0.028015564202334312,0.2809338521400783,True,True,True,False,True,True,False,1.4479166666666667,True,True,False
LINKUSDT,low,True,0.03708281829418956,0.39678615574783754,False,False,False,False,False,False,False,,False,False,
LINKUSDT,low,True,0.1418439716312064,0.19432624113475114,True,True,True,True,True,False,True,2.9479166666666665,True,True,True
LINKUSDT,low,True,0.04292682926829271,0.10926829268292688,False,False,False,False,False,False,False,,False,False,
LINKUSDT,low,True,0.005913609873157578,0.06950634213232773,True,True,True,True,True,False,False,0.3958333333333333,True,True,True
LINKUSDT,low,True,0.0004615100609192362,0.09313273029352043,True,True,True,True,True,False,False,1.0625,True,True,True
LINKUSDT,low,True,0.0680127523910734,0.21679064824654642,True,True,True,True,True,False,False,5.802083333333333,True,True,True
LINKUSDT,low,True,0.0029291154071474984,0.268014059753954,True,True,True,True,True,False,True,14.6875,False,False,True
LINKUSDT,low,True,0.019529516200621606,0.21926320461606696,True,True,True,True,True,False,False,6.395833333333333,True,False,True
LINKUSDT,low,True,0.04565801253357217,0.07878245299910396,True,True,True,True,True,False,False,0.9895833333333334,True,True,True
LINKUSDT,low,True,0.09009513150531599,0.23894795747062106,True,True,True,False,True,True,True,0.53125,True,True,False
LINKUSDT,high,True,0.004962779156327547,0.13461538461538491,True,True,True,True,True,False,False,0.041666666666666664,True,True,True
LINKUSDT,high,True,0.01819836214740675,0.19927206551410362,False,False,False,False,False,False,True,,False,False,
LINKUSDT,high,True,0.019659239842725666,0.43381389252948943,False,False,False,False,False,False,True,,False,False,
LINKUSDT,high,True,0.10787096774193532,0.32825806451612916,True,True,False,False,True,False,False,8.4375,False,False,False
LINKUSDT,high,True,0.0004999999999997229,0.2672500000000002,True,True,True,True,True,False,False,0.23958333333333334,True,True,True
LINKUSDT,high,True,0.008828073273007976,0.19708673581990716,True,True,True,True,True,False,False,0.9583333333333334,True,True,True
LINKUSDT,high,True,0.021133780820096884,0.26570080414700636,True,True,True,True,True,False,False,8.40625,False,False,True
LINKUSDT,high,True,0.07789232531500559,0.16503027327769623,True,True,True,True,True,False,False,0.2604166666666667,True,True,True
LINKUSDT,high,True,0.10423600605143724,0.1576399394856281,True,True,True,True,True,False,False,2.46875,True,True,True
LINKUSDT,high,True,0.07548598838677119,0.13624505596229908,True,True,True,True,True,False,False,0.1875,True,True,True
LINKUSDT,high,True,0.0955722639933165,0.21670843776106946,True,True,True,True,True,False,False,1.3645833333333333,True,False,True
LINKUSDT,high,True,0.1973684210526317,0.20290858725761723,True,True,True,True,True,False,True,3.78125,True,False,True
LINKUSDT,high,True,0.008733624454148799,0.5109170305676853,False,False,False,False,False,False,True,,False,False,
LINKUSDT,high,False,,,,,,,,,,,,,
LINKUSDT,high,True,0.11240721102863184,0.2979851537645807,True,True,True,True,False,False,True,7.40625,False,False,True
LINKUSDT,high,True,0.010543840177580043,0.09156492785793564,True,True,True,True,True,False,True,3.5625,True,False,True
LINKUSDT,high,True,0.024026910139355998,0.12493993272465154,True,True,True,True,True,False,True,5.427083333333333,True,False,True
LINKUSDT,high,True,0.13123167155425175,0.4354838709677421,False,False,False,False,False,False,True,,False,False,
LINKUSDT,high,True,0.05181119648737627,0.40065861690450083,True,True,True,True,True,False,False,2.5208333333333335,True,False,True
LINKUSDT,high,True,0.042589928057553864,0.18446043165467677,True,True,True,True,True,False,False,0.16666666666666666,True,True,True
LINKUSDT,high,True,0.09524993782641114,0.07809002735637904,True,True,True,True,True,True,True,0.09375,True,True,True
LINKUSDT,high,True,0.02076768834144938,0.18862790031509596,True,True,True,True,True,False,False,9.802083333333334,False,False,True
LINKUSDT,high,True,0.02591504141063353,0.16831418648143173,True,True,True,True,True,True,False,0.041666666666666664,True,True,True
LINKUSDT,high,True,0.06561595368285583,0.3351559987134131,True,True,True,True,True,False,False,13.25,False,False,True
LINKUSDT,high,True,0.06725380304243365,0.22217774219375563,True,True,True,True,False,False,True,21.385416666666668,False,False,True
LINKUSDT,high,True,0.035261367151252936,0.08877203835446922,False,False,False,False,False,False,True,,False,False,
LINKUSDT,high,True,0.35362210604929034,0.4324122479462285,True,True,True,True,True,False,False,4.364583333333333,True,True,True
LINKUSDT,high,True,0.003994008986520667,0.25711432850723853,True,True,True,True,True,False,False,3.1875,True,True,True
LINKUSDT,high,True,0.03818369453044338,0.10629514963880328,True,True,True,True,True,False,False,1.5833333333333333,True,True,True
LINKUSDT,high,True,0.047504025764896145,0.47181964573268914,True,True,True,True,True,False,False,2.53125,True,True,True
LINKUSDT,high,True,0.028265851795262798,0.4606569900687556,True,True,True,False,True,False,True,12.96875,False,False,False
LINKUSDT,high,True,0.003369839932602832,0.18702611625947738,True,True,True,True,True,False,False,10.270833333333334,False,False,True
LINKUSDT,high,True,0.0009057971014495785,0.24456521739130413,True,True,True,False,True,False,False,18.25,False,False,False
LINKUSDT,high,True,0.07996146435452808,0.21676300578034638,False,False,False,False,False,False,True,,False,False,
LINKUSDT,high,True,0.00241911097671579,0.2966434835198064,True,True,True,True,True,False,False,2.5729166666666665,True,False,True
LTCUSDT,low,True,0.02880658436213967,0.08693415637860107,True,True,True,True,True,False,False,6.59375,True,False,True
LTCUSDT,low,True,0.09046849757673592,0.28432956381260077,True,True,True,True,True,False,False,6.614583333333333,True,False,True
LTCUSDT,low,True,0.021268215833005366,0.4832611264277273,True,True,True,True,True,False,False,7.6875,False,False,True
LTCUSDT,low,True,0.04029962546816476,0.1219475655430711,True,True,False,False,True,False,False,6.604166666666667,True,False,False
LTCUSDT,low,True,0.006495381062355494,0.23975173210161682,False,False,False,False,False,False,False,,False,False,
LTCUSDT,low,True,0.10037541987749482,0.06401896858328383,True,True,True,True,True,False,False,0.22916666666666666,True,True,True
LTCUSDT,low,True,0.050602409638554266,0.1025191675794087,True,True,True,True,True,False,False,5.447916666666667,True,False,True
LTCUSDT,low,True,0.01977793199167246,0.2179042331714088,True,True,True,True,True,False,False,0.6145833333333334,True,True,True
LTCUSDT,low,True,0.0911111111111114,0.3637037037037035,False,False,False,False,False,False,True,,False,False,
LTCUSDT,low,True,0.01624815361890703,0.08616445100935499,True,True,True,True,True,False,False,14.177083333333334,False,False,True
LTCUSDT,low,True,0.04545454545454474,0.3313782991202348,True,True,False,False,True,True,True,0.7604166666666666,True,True,False
LTCUSDT,low,True,0.010033444816052709,0.5267558528428095,True,True,True,True,True,False,False,10.302083333333334,False,False,True
LTCUSDT,low,True,0.04507042253521191,0.42591549295774583,True,True,False,False,False,False,True,21.15625,False,False,False
LTCUSDT,low,True,0.04083665338645385,0.1643426294820723,True,True,True,True,True,False,False,8.75,False,False,True
LTCUSDT,low,True,0.10742496050553033,0.23854660347551318,True,True,True,True,True,False,False,0.4375,True,True,True
LTCUSDT,low,True,0.06101344364012444,0.4446742502585312,True,True,True,True,True,False,False,3.3125,True,True,True
LTCUSDT,low,True,0.05015045135406218,0.6539618856569719,False,False,False,False,False,False,True,,False,False,
LTCUSDT,low,True,0.005319148936170415,0.5957446808510638,False,False,False,False,False,False,True,,False,False,
LTCUSDT,low,True,0.01113585746102386,0.6002227171492203,True,True,True,True,True,True,False,2.9791666666666665,True,True,True
LTCUSDT,low,True,0.03154895176063528,0.4304905353144716,True,True,True,True,True,False,False,6.9375,True,False,True
LTCUSDT,low,True,0.1818181818181815,0.4349747474747474,False,False,False,False,False,False,True,,False,False,
LTCUSDT,low,True,0.004204892966360834,0.13302752293577944,True,True,True,True,True,False,False,5.625,True,False,True
LTCUSDT,low,True,0.15208747514910545,0.6789264413518884,True,True,True,True,False,False,True,9.90625,False,False,True
LTCUSDT,low,True,0.02816075095335857,0.2003520093869169,True,True,True,False,True,False,False,2.1979166666666665,True,True,False
LTCUSDT,low,True,0.05366126327557259,0.33258803801006165,True,True,True,False,True,False,False,2.2083333333333335,True,True,False
LTCUSDT,low,True,0.16225749559082792,0.4338624338624339,True,True,True,True,True,False,False,2.4375,True,True,True
LTCUSDT,low,True,0.07130730050933816,0.15789473684210523,True,True,True,True,True,False,False,2.3958333333333335,True,True,True
LTCUSDT,low,True,0.009389671361502136,0.3849765258215959,True,True,True,True,True,False,False,4.822916666666667,True,False,True
LTCUSDT,high,True,0.07591442374051079,0.1718426501035193,True,True,True,False,False,False,True,27.145833333333332,False,False,False
LTCUSDT,high,True,0.008934707903780243,0.10103092783505147,True,True,True,True,True,False,False,3.6666666666666665,True,True,True
LTCUSDT,high,True,0.06660137120470123,0.13026444662096037,True,True,True,True,True,False,False,0.28125,True,True,True
LTCUSDT,high,True,0.07758620689655216,0.17931034482758593,True,True,True,True,True,False,True,5.65625,True,False,True
LTCUSDT,high,True,0.06994127068873476,0.3005872931126532,True,True,True,True,True,False,False,2.2916666666666665,True,True,True
LTCUSDT,high,True,0.023627287853577636,0.11713810316139754,False,False,False,False,False,False,True,,False,False,
LTCUSDT,high,True,0.1199794906853531,0.20099128354127482,True,True,True,False,False,False,True,14.229166666666666,False,False,False
LTCUSDT,high,True,0.03145495917547882,0.2591353232498994,True,True,True,True,True,False,False,1.78125,True,False,True
LTCUSDT,high,True,0.01917647058823524,0.17529411764705854,True,True,True,True,True,False,True,0.34375,True,True,True
LTCUSDT,high,True,0.023640661938534605,0.15839243498817945,True,True,True,True,True,False,False,0.15625,True,True,True
LTCUSDT,high,True,0.10339256865912763,0.2730210016155083,True,True,True,True,False,False,True,14.96875,False,False,True
LTCUSDT,high,True,0.22984959506363317,0.3578866178172002,True,True,True,True,True,False,False,23.28125,False,False,True
LTCUSDT,high,True,0.035755926933540676,0.29109988340458587,True,True,True,True,True,True,False,2.2291666666666665,True,True,True
LTCUSDT,high,True,0.12975543478260942,0.5625,True,True,True,True,True,False,False,5.427083333333333,True,False,True
LTCUSDT,high,True,0.037152913570590654,0.2143136488071961,True,False,False,False,True,False,False,4.760416666666667,True,False,False
LTCUSDT,high,True,0.0726055612770338,0.21009268795056632,True,True,True,True,True,True,False,0.9166666666666666,True,True,True
LTCUSDT,high,True,0.026275115919629326,0.23493044822256512,True,True,True,True,True,False,False,3.90625,True,False,True
LTCUSDT,high,True,0.07765830346475401,0.3416965352449221,True,True,True,True,True,False,False,3.2291666666666665,True,True,True
LTCUSDT,high,True,0.07990165949600476,0.2194222495390294,True,True,True,False,True,False,True,0.03125,True,True,False
LTCUSDT,high,True,0.006289308176100868,0.2033542976939201,True,True,True,True,True,False,True,1.2395833333333333,True,False,True
LTCUSDT,high,True,0.07506806690003859,0.4154025670945159,True,True,True,True,True,False,False,3.96875,True,True,True
LTCUSDT,high,True,0.0044923629829287616,0.35669362084456385,True,True,True,True,True,False,False,3.0208333333333335,True,True,True
LTCUSDT,high,True,0.0692969145169451,0.16944865958522987,True,True,True,True,True,False,False,0.3020833333333333,True,True,True
LTCUSDT,high,True,0.0414438502673781,0.4705882352941192,True,True,True,True,True,False,True,18.895833333333332,False,False,True
LTCUSDT,high,True,0.08244023083264636,0.23413025556471478,True,True,True,False,True,False,True,0.6875,True,True,False
LTCUSDT,high,True,0.08063083074189238,0.21168369613505142,True,True,True,True,True,False,False,1.09375,True,True,True
LTCUSDT,high,True,0.07974980453479245,0.13760750586395654,True,True,True,True,True,False,True,1.09375,True,True,True
LTCUSDT,high,True,0.00468110005851365,0.18314803978935018,True,True,True,True,True,False,False,0.3125,True,True,True
LTCUSDT,high,True,0.005688282138793757,0.23435722411831636,True,True,True,True,True,False,False,9.197916666666666,False,False,True
LTCUSDT,high,True,0.007874015748031527,0.17547806524184423,True,True,True,True,True,False,False,1.5833333333333333,True,True,True
LTCUSDT,high,True,0.07772020725388651,0.27633851468048387,True,True,True,True,True,False,False,2.2083333333333335,True,True,True
LTCUSDT,high,True,0.010482180293500445,0.3186582809224323,True,True,True,True,True,True,False,0.20833333333333334,True,True,True
LTCUSDT,high,True,0.01587301587301554,0.1904761904761907,True,True,True,True,True,False,False,10.552083333333334,False,False,True
LTCUSDT,high,True,0.11377245508982016,0.33618477331052166,True,True,True,True,True,False,True,3.3020833333333335,True,True,True
SOLUSDT,low,True,0.01527554737378095,0.059457130547178,True,True,True,True,True,False,False,2.8020833333333335,True,True,True
SOLUSDT,low,True,0.03167011375387794,0.1873061013443641,True,True,True,True,True,False,False,24.739583333333332,False,False,True
SOLUSDT,low,True,0.007462686567163829,0.22473347547974443,True,True,True,True,True,False,False,5.697916666666667,True,False,True
SOLUSDT,low,True,0.046379495380989746,0.24615433176911258,True,True,True,True,True,True,True,1.0520833333333333,True,True,True
SOLUSDT,low,True,0.047331867114249325,0.18541497858548447,True,True,True,True,True,False,False,1.75,True,True,True
SOLUSDT,low,True,0.05317719331925532,0.22569911051385425,True,True,True,True,True,False,False,0.9895833333333334,True,True,True
SOLUSDT,low,True,0.06016079844746291,0.595785971721652,False,False,False,False,False,False,False,,False,False,
SOLUSDT,low,True,0.03566974307807432,0.03616862060364187,True,True,True,True,True,False,False,0.8541666666666666,True,True,True
SOLUSDT,low,True,0.021164021164020726,0.4100529100529105,True,True,True,True,False,False,True,18.3125,False,False,True
SOLUSDT,low,True,0.02013762823489679,0.02507704648119219,True,True,True,True,True,False,False,1.0416666666666667,True,True,True
SOLUSDT,low,True,0.003691853310361941,0.09771105094757573,True,True,True,True,True,False,False,5.6875,True,False,True
SOLUSDT,low,True,0.00042025635637715726,0.19794074385375082,True,True,True,True,True,False,False,6.71875,True,False,True
SOLUSDT,low,True,0.05958479374494475,0.28471286060932893,True,True,True,True,True,False,False,6.53125,True,False,True
SOLUSDT,low,True,0.002586534804108214,0.17618866489159368,False,False,False,False,False,False,False,,False,False,
SOLUSDT,low,True,0.01830902054182778,0.21330753200357275,True,True,True,True,True,False,False,3.6458333333333335,True,True,True
SOLUSDT,low,True,0.026855895196506316,0.20965065502183405,True,True,True,True,True,False,False,3.6666666666666665,True,True,True
SOLUSDT,low,True,0.009172017009922406,0.22821645960143427,False,False,False,False,False,False,True,,False,False,
SOLUSDT,low,True,0.05548599434765455,0.4036060530175655,False,False,False,False,False,False,True,,False,False,
SOLUSDT,low,True,0.024394785847299847,0.2966480446927375,True,True,True,True,True,False,False,2.0729166666666665,True,True,True
SOLUSDT,low,True,0.007037297677691811,0.1832825084056611,False,False,False,False,False,False,False,,False,False,
SOLUSDT,low,True,0.01932989690721663,0.3829467353951889,False,False,False,False,False,False,True,,False,False,
SOLUSDT,low,True,0.004872486004561465,0.11787269334439152,False,False,False,False,False,False,False,,False,False,
SOLUSDT,low,True,0.13032984714400606,0.09734513274336273,False,False,False,False,False,False,True,,False,False,
SOLUSDT,low,True,0.20067170445004195,0.13811922753988207,True,True,True,True,True,False,False,0.875,True,True,True
SOLUSDT,low,True,0.01911262798634821,0.08191126279863506,True,True,True,True,True,False,False,0.8645833333333334,True,True,True
SOLUSDT,low,True,0.029914529914530037,0.25961538461538386,True,True,True,True,True,True,False,1.8020833333333333,True,True,True
SOLUSDT,low,True,0.12653778558875173,0.5325131810193312,True,True,True,True,True,False,False,11.572916666666666,False,False,True
SOLUSDT,high,True,0.07901818478349525,0.25189594715811786,True,True,True,True,True,True,False,0.2916666666666667,True,True,True
SOLUSDT,high,True,0.012463169666860598,0.13651418371077673,False,False,False,False,False,False,True,,False,False,
SOLUSDT,high,True,0.12691229475370433,0.28165798958750504,False,False,False,False,False,False,True,,False,False,
SOLUSDT,high,True,0.07912297426120096,0.29933269780743565,True,True,True,True,True,False,False,5.572916666666667,True,True,True
SOLUSDT,high,True,0.08500000000000026,0.230833333333333,True,True,True,True,True,False,False,2.2604166666666665,True,False,True
SOLUSDT,high,True,0.04483925549915316,0.6704737732656516,True,True,True,True,False,False,True,10.604166666666666,False,False,True
SOLUSDT,high,True,0.06996930242404974,0.14237324018206826,True,True,False,False,True,False,True,1.59375,True,True,False
SOLUSDT,high,True,0.006748109365910394,0.24659685863874373,True,True,True,False,True,False,True,3.1875,True,False,False
SOLUSDT,high,True,0.03849364235830939,0.10482457360674433,True,True,True,True,True,False,False,0.8333333333333334,True,True,True
SOLUSDT,high,True,0.06267577340297303,0.14165183952247054,True,True,True,True,False,False,True,18.0625,False,False,True
SOLUSDT,high,True,0.07497569366539511,0.15466307680801725,True,True,True,False,True,True,True,0.041666666666666664,True,True,False
SOLUSDT,high,False,,,,,,,,,,,,,
SOLUSDT,high,True,0.012345679012346546,0.28905917411664495,True,True,True,True,False,False,True,23.78125,False,False,True
SOLUSDT,high,True,0.010654490106544725,0.21948249619482516,True,True,True,True,True,True,True,0.6458333333333334,True,True,True
SOLUSDT,high,True,0.19116161616161598,0.22828282828282878,True,True,True,True,True,False,False,1.4375,True,True,True
SOLUSDT,high,True,0.12458117575388294,0.18062747487054553,True,True,True,True,True,False,True,0.3854166666666667,True,True,True
SOLUSDT,high,True,0.0016835016835013482,0.16582491582491568,True,True,True,True,True,False,False,0.8645833333333334,True,True,True
SOLUSDT,high,True,0.06367041198501858,0.08400214018191658,True,True,True,True,True,True,False,0.125,True,True,True
SOLUSDT,high,True,0.17036506800286397,0.1782390837508944,True,True,True,True,True,False,False,2.3229166666666665,True,True,True
SOLUSDT,high,True,0.05856832971800409,0.10498915401301526,True,True,True,True,True,False,False,1.5833333333333333,True,True,True
SOLUSDT,high,True,0.24249084249084177,0.37655677655677683,False,False,False,False,False,False,True,,False,False,
SOLUSDT,high,True,0.06489184692179484,0.257903494176375,False,False,False,False,False,False,True,,False,False,
XRPUSDT,low,False,,,,,,,,,,,,,
XRPUSDT,low,True,0.07559681697612709,0.11538461538461557,True,True,True,True,True,False,False,3.8125,True,True,True
XRPUSDT,low,True,0.058572647142451126,0.18765993744668752,False,False,False,False,False,False,False,,False,False,
XRPUSDT,low,True,0.017882486517172783,0.07909925253098685,True,True,True,False,True,False,False,7.59375,False,False,False
XRPUSDT,low,True,0.0823258491652273,0.14642103243139523,True,True,True,True,True,False,False,2.2395833333333335,True,True,True
XRPUSDT,low,False,,,,,,,,,,,,,
XRPUSDT,low,False,,,,,,,,,,,,,
XRPUSDT,low,True,0.02490632576592457,0.19660568657703317,True,True,True,True,True,False,False,4.385416666666667,True,False,True
XRPUSDT,low,True,0.004056795131845845,0.5070993914807302,True,True,True,True,True,False,False,17.75,False,False,True
XRPUSDT,low,True,0.005789909015715748,0.2150537634408604,False,False,False,False,False,False,True,,False,False,
XRPUSDT,low,True,0.016440608302507213,0.14303329223181263,True,True,True,False,True,False,False,10.989583333333334,False,False,False
XRPUSDT,low,True,0.08292682926829258,0.17398373983739818,True,True,True,True,True,True,False,0.1875,True,True,True
XRPUSDT,low,True,0.027090694935217565,0.3309776207302714,True,False,False,False,True,True,False,7.09375,False,False,False
XRPUSDT,low,True,0.061587591240876,0.23585766423357687,False,False,False,False,False,False,False,,False,False,
XRPUSDT,low,True,0.0026619343389531745,0.22715173025732063,True,True,True,True,True,True,True,1.7291666666666667,True,True,True
XRPUSDT,low,True,0.007701421800947676,0.09004739336492885,True,True,True,True,True,True,False,0.2604166666666667,True,True,True
XRPUSDT,low,True,0.14611260053619257,0.17158176943699777,True,True,True,True,True,False,False,9.78125,False,False,True
XRPUSDT,low,True,0.03486750348675038,0.19316596931659694,True,True,True,True,True,True,False,0.8125,True,True,True
XRPUSDT,low,True,0.0017857142857150836,0.3410714285714283,True,True,True,True,True,False,False,9.010416666666666,False,False,True
XRPUSDT,low,True,0.01157613535173664,0.16206589492430998,True,True,True,True,True,True,False,1.3333333333333333,True,True,True
XRPUSDT,low,True,0.006955484896661263,0.19038155802861687,False,False,False,False,False,False,False,,False,False,
XRPUSDT,low,True,0.02347417840375676,0.26134585289514767,True,True,True,True,True,False,False,3.875,True,True,True
XRPUSDT,low,True,0.010221465076661771,0.4293015332197622,True,True,True,True,True,False,False,10.572916666666666,False,False,True
XRPUSDT,low,False,,,,,,,,,,,,,
XRPUSDT,low,True,0.07015810276679837,0.24407114624505985,True,True,True,True,True,False,True,1.5208333333333333,True,True,True
XRPUSDT,low,True,0.052459016393442304,0.7967213114754104,False,False,False,False,False,False,True,,False,False,
XRPUSDT,low,True,0.043073341094295524,0.11990686845168788,True,True,True,True,True,False,False,8.291666666666666,False,False,True
XRPUSDT,low,True,0.011455525606469246,0.2277628032345015,True,True,True,True,True,False,False,3.625,True,False,True
XRPUSDT,low,True,0.010152757078986501,0.3027198211624442,True,True,True,True,True,False,False,0.78125,True,True,True
XRPUSDT,low,True,0.07536514118792591,0.3191820837390456,True,True,True,True,True,False,False,5.71875,True,True,True
XRPUSDT,low,True,0.0008527572484363074,0.16505590297517544,True,True,True,True,True,False,False,0.19791666666666666,True,True,True
XRPUSDT,low,True,0.031126596980255692,0.30429732868757253,True,True,True,True,True,False,False,1.28125,True,False,True
XRPUSDT,low,True,0.049303099646348714,0.21011025587684617,True,True,True,True,True,False,False,2.8854166666666665,True,True,True
XRPUSDT,low,True,0.013251155624037572,0.6237288135593217,True,True,True,True,True,False,True,2.5833333333333335,True,True,True
XRPUSDT,low,True,0.10933004521167264,0.2552404438964243,True,True,True,True,True,False,False,1.5416666666666667,True,True,True
XRPUSDT,low,True,0.06609808102345432,0.15321352421565645,True,True,True,True,True,True,False,0.34375,True,True,True
XRPUSDT,low,True,0.02194787379972551,0.22119341563786002,True,True,True,True,True,False,False,8.833333333333334,False,False,True
XRPUSDT,low,True,0.028290282902830043,0.10824108241082324,True,True,True,True,True,False,False,0.2708333333333333,True,True,True
XRPUSDT,high,True,0.01116071428571432,0.7388392857142871,True,True,True,False,False,False,True,24.1875,False,False,False
XRPUSDT,high,True,0.062117235345581764,0.11636045494313216,True,True,True,True,True,False,False,11.052083333333334,False,False,True
XRPUSDT,high,True,0.03729603729603781,0.12587412587412591,True,True,True,True,True,False,True,4.3125,True,True,True
XRPUSDT,high,True,0.06410256410256426,0.15064102564102574,False,False,False,False,False,False,True,,False,False,
XRPUSDT,high,True,0.04000000000000053,0.39999999999999913,False,False,False,False,False,False,True,,False,False,
XRPUSDT,high,True,0.11142061281337089,0.12256267409470752,False,False,False,False,False,False,True,,False,False,
XRPUSDT,high,True,0.00936037441497645,0.17472698907956327,True,True,True,True,True,False,True,0.5520833333333334,True,True,True
XRPUSDT,high,True,0.016560509554140082,0.8917197452229306,False,False,False,False,False,False,True,,False,False,
XRPUSDT,high,True,0.05626047402441935,0.23030883409145309,False,False,False,False,False,False,True,,False,False,
XRPUSDT,high,True,0.01932159725203952,0.6380420781451267,True,True,True,True,True,True,False,1.1041666666666667,True,True,True
XRPUSDT,high,True,0.010956175298804683,0.49302788844621515,False,False,False,False,False,False,True,,False,False,
XRPUSDT,high,False,,,,,,,,,,,,,
XRPUSDT,high,True,0.01764705882352951,0.13088235294117634,False,False,False,False,False,False,True,,False,False,
XRPUSDT,high,True,0.006611290049160898,0.11747753856585846,True,True,True,True,True,False,False,0.10416666666666667,True,True,True
XRPUSDT,high,True,0.025201072386059183,0.3973190348525466,True,True,True,True,True,False,False,6.854166666666667,True,False,True
XRPUSDT,high,True,0.1312178387650089,0.2517152658662092,True,True,True,True,True,False,False,14.4375,False,False,True
XRPUSDT,high,True,0.03139931740614292,0.36928327645051223,True,True,True,True,True,False,False,9.75,False,False,True
XRPUSDT,high,True,0.023474178403755926,0.6103286384976541,True,True,True,True,True,False,False,3.7395833333333335,True,False,True
XRPUSDT,high,True,0.010928961748633687,1.0364298724954464,False,False,False,False,False,False,True,,False,False,
XRPUSDT,high,False,,,,,,,,,,,,,
XRPUSDT,high,True,0.0015197568389056077,0.17933130699088196,True,True,True,True,True,True,False,0.11458333333333333,True,True,True
XRPUSDT,high,True,0.10286783042394065,0.07668329177057347,True,True,True,True,True,False,False,0.8645833333333334,True,True,True
XRPUSDT,high,True,0.0608228980322016,0.19320214669051738,True,True,True,False,True,False,True,8.875,False,False,False
XRPUSDT,high,True,0.08872180451127844,0.5849624060150382,True,True,True,False,True,False,True,0.9479166666666666,True,True,False
XRPUSDT,high,True,0.06382978723404314,0.5276595744680851,True,True,True,True,True,False,False,2.8229166666666665,True,True,True
XRPUSDT,high,True,0.018344308560677397,0.12558795860771377,True,True,True,True,True,False,False,1.0,True,False,True
XRPUSDT,high,True,0.19680851063829832,0.5452127659574473,False,False,False,False,False,False,True,,False,False,
XRPUSDT,high,True,0.06088200858592452,0.20723299076362692,True,True,True,True,True,False,False,18.6875,False,False,True
XRPUSDT,high,True,0.0499921148083896,0.12158965462860777,True,True,True,True,True,False,False,1.4479166666666667,True,True,True
XRPUSDT,high,True,0.05935754189944053,0.13850093109869732,True,True,False,False,True,False,True,0.3125,True,True,False
XRPUSDT,high,True,0.02427983539094656,0.395061728395061,True,True,True,True,False,False,True,16.09375,False,False,True
XRPUSDT,high,True,0.009817045961625179,0.18206157965194095,True,True,True,True,True,False,False,1.90625,True,True,True
XRPUSDT,high,True,0.055482166446499136,0.4332892998679006,True,True,True,True,True,False,False,5.84375,True,True,True
XRPUSDT,high,True,0.06715634837355791,0.6474291710388241,True,True,True,True,True,False,False,1.5416666666666667,True,True,True
