kind,conf,tp,n,win,rr,exp,pf,expA,expB,yrs,eth,neth,lowside,mb,nomb,nmb,syms_pos
rev,CHoCH D1: закрытие выше свинг-хая,mid,8,100.0,0.09566718939739091,0.20366384891146605,1629310791.2917283,0.23841348165173407,0.09941495069066204,5/5,0.5422940740209089,1,0.05337161601491597,0.2867661381990076,0.15380247533894115,3,5
rev,Реклейм: закрытие D1 обратно выше L,H,430,49.76744186046512,1.3531218615475984,0.18804413334030146,1.3780708951784821,0.09704675856068841,0.3029881856934969,5/7,0.6582632648577272,42,0.3018538816325146,0.164810437325862,0.19962050452519642,143,7
rev,CHoCH H1: закрытие выше свинг-хая,H,595,30.756302521008404,2.942452946633697,0.16890032416195006,1.2412831558272808,-0.020645974245566325,0.41648599301207795,4/7,0.40160553451062175,62,0.2700770156390948,0.18420227455604818,0.1593939353612569,228,6
rev,CHoCH H4: закрытие выше свинг-хая,2R,513,34.89278752436647,2.0,0.15337984805949284,1.266394801205231,0.11921648551698769,0.19508577116333026,6/7,0.07198924618552092,50,0.22931550544386864,0.11901754968562607,0.18311885537942113,238,7
rev,CHoCH H4: закрытие выше свинг-хая,H,508,49.21259842519685,1.432509421507445,0.15130223316937197,1.3049937207248408,0.11034259912635722,0.20080996475179846,6/7,0.18034782467200747,50,0.19123330866413454,0.1099203418200346,0.18749230051178142,237,8
rev,CHoCH D1: закрытие выше свинг-хая,H,54,85.18518518518519,0.25282276219987704,0.11418911046208363,1.7625758257927522,0.130847921205844,0.0835018275130514,7/7,0.03470798325941402,6,0.05986076755236525,-0.00879458803793057,0.1809516896478056,19,5
rev,Реклейм: закрытие D1 обратно выше L,2R,441,31.97278911564626,2.0,0.11103902347733623,1.1937904372686137,0.1560261670223331,0.055827529126658164,5/7,0.2037808355198125,43,0.23218090911333716,0.07518046786805126,0.12952281502851398,150,6
rev,CHoCH H4: закрытие выше свинг-хая,mid,426,65.96244131455398,0.6880053996199478,0.10782625473957477,1.3189001767797641,0.07713547514491022,0.14780721626559726,5/7,0.06592620433659735,41,0.09730877849903745,0.06416714701553707,0.15067309999432807,211,6
rev,CHoCH H1: закрытие выше свинг-хая,mid,590,48.13559322033898,1.4902740916158326,0.1016056638158282,1.1916239654186307,-0.036457469117555756,0.28173490756485253,5/7,0.39224301586726085,62,0.1649845255094389,0.06341810955515428,0.12548603521299892,227,6
rev,CHoCH H1: закрытие выше свинг-хая,2R,597,36.85092127303183,2.0,0.09328742361813147,1.1461380972307567,-0.027543182552544003,0.25205322009820497,4/7,0.22656493988459803,62,0.22383309275423222,0.08745874131530335,0.09691451124679352,229,6
cont,Принятие: закрытие M15 ниже L,2R,581,39.586919104991395,2.0,0.08660204063407095,1.1302951185809609,0.08016311555248394,0.09471959598984597,6/7,0.11739341814858524,61,0.13769056342285074,0.10663760959566851,0.08335627846229214,81,4
cont,Принятие: закрытие M15 ниже L,ext1,579,14.507772020725387,10.134616368940677,0.08032777714838461,1.0851434932945374,-0.1449891584368849,0.36461437946886144,3/7,-0.04406066751455812,61,0.049513130265889375,0.5439418870094836,0.007076747790331027,79,6
rev,Реклейм: закрытие D1 обратно выше L,mid,368,67.3913043478261,0.5717362475917039,0.07868438448515597,1.2348296590001118,0.026628620586530462,0.15021907939100906,5/7,0.49430618316456576,35,0.11726755311673384,0.05807950061348495,0.08993915298648889,130,6
rev,Реклейм: закрытие H4 обратно выше L,mid,501,47.90419161676647,1.432134126768554,0.04893261416469531,1.089693128911806,0.1406040321633783,-0.07301169070797132,5/7,0.79280028089312,49,0.004797729499798511,0.07783814094374625,0.03848577975813614,133,4
rev,CHoCH M15: закрытие выше свинг-хая,mid,596,32.21476510067114,2.722612019078284,0.04620475633088398,1.064962105849325,0.0312809526494963,0.06575609603750819,4/7,0.4890712361891326,62,-0.06078849440757216,0.07816612890646168,0.03291915015338731,175,4
cont,Принятие: закрытие H1 ниже L,2R,559,37.567084078711986,2.0,0.04444110245657377,1.0659430353268307,0.11858098363287883,-0.04920927376612738,4/7,0.12233853048622445,59,-0.08503954091357192,0.008168413557408338,0.056103243568362174,136,4
rev,Реклейм: закрытие H4 обратно выше L,H,508,29.330708661417322,3.236846834170429,0.03740733428545418,1.0515667215768576,0.10897751564262599,-0.057039160747525894,3/7,0.5823359355201491,49,0.08175762356013369,0.15495435256338938,-0.005136492705219355,135,4
rev,CHoCH M15: закрытие выше свинг-хая,H,597,19.09547738693467,5.317314846741542,0.036797690468606224,1.0435853060877154,-0.025905803241048703,0.1191871647615249,5/7,0.5230944881136794,62,0.005715151889607371,0.08125806226867983,0.018210931711330758,176,6
rev,CHoCH M15: закрытие выше свинг-хая,2R,597,36.01340033500838,2.0,0.0346044858692222,1.051746506120585,0.05345660391819679,0.009833679595569564,5/7,0.3479215085319296,62,0.06541862092162713,0.09691616978011369,0.008554945801961172,176,6
cont,Принятие: закрытие H4 ниже L,2R,522,35.82375478927203,2.0,0.03072722813462394,1.0458523310512071,0.02051363585282467,0.04400039872110314,4/7,0.19529602885949227,54,-0.05113035863861839,0.059840262910916465,0.015143191872020288,182,5
rev,Реклейм: закрытие H1 обратно выше L,mid,546,35.714285714285715,2.4262982853610384,0.026590037248770834,1.0389127821588369,0.06505139180975684,-0.022448189816486334,4/7,0.7117364534376456,52,-0.059700998537033964,-0.03925200097212725,0.04454695676356119,117,4
rev,Реклейм: закрытие H4 обратно выше L,2R,508,34.05511811023622,2.0,0.022545001347781233,1.0342965771353947,0.17205904216051626,-0.17475891552381886,4/7,0.557560012828609,49,0.09569628217615808,0.18511185193530322,-0.036292866827327235,135,5
cont,Без подтверждения: шорт пробоя на L,ext1,597,32.1608040201005,2.0,0.016449237882389785,1.0252450720748831,0.08431162295390443,-0.07271877971157713,3/7,-0.03235584629548462,62,-0.10931269653873375,,0.016449237882389785,0,4
cont,Принятие: закрытие H1 ниже L,ext1,556,15.827338129496402,8.106230793026015,-0.007695795430369023,0.991550607487716,0.02736048807701464,-0.051872412858372796,5/7,0.4538138997595834,58,-0.10772495812126305,0.38514969355864065,-0.13121458984062503,133,4
rev,CHoCH D1: закрытие выше свинг-хая,2R,118,16.94915254237288,2.0,-0.01589613149580939,0.9666322971546902,-0.1524320060642802,0.12534787667847075,3/7,0.3526557316218571,13,-0.05153215204174229,-0.1343688998790547,0.04259042504781804,39,4
rev,Без подтверждения: лимит на L,H,597,31.65829145728643,2.0,-0.025911782567475755,0.9610592849921376,-0.11278377683598993,0.08823397734347896,2/7,-0.004469703169823024,62,0.09789032348446453,,-0.025911782567475755,0,2
cont,Принятие: закрытие H4 ниже L,ext1,515,22.9126213592233,4.610409103009239,-0.05352838987580983,0.9342318352982968,0.023094803491929255,-0.15307012768836384,3/7,-0.23624412433445965,51,-0.12428339669338367,0.018135860331378525,-0.09041440101186267,175,4
rev,Реклейм: закрытие H1 обратно выше L,H,546,21.062271062271062,5.269105880460236,-0.061063219837571805,0.9267679048807898,-0.05105903352319093,-0.07381855738840744,2/7,0.29476773499401643,52,-0.07489232653337752,0.02207061987142363,-0.08373608521275235,117,3
cont,Принятие: закрытие D1 ниже L,ext1,415,36.385542168674704,2.1087095252628845,-0.06754291942330277,0.8962468792989976,0.038507226988595704,-0.21298312021676358,4/7,-0.004781324633334144,41,-0.267438798041844,-0.001524165990719825,-0.1405992049476839,218,5
rev,Реклейм: закрытие H1 обратно выше L,2R,546,32.234432234432234,2.0,-0.07041722685463384,0.8995947217433949,0.003029428214401459,-0.16406171206765388,2/7,0.3304536811284954,52,0.01667647770767777,-0.03257531669120446,-0.08073774780829641,117,2
rev,Без подтверждения: лимит на L,mid,597,46.39865996649916,1.0,-0.08268276878264325,0.8464844653508756,-0.1355406303610705,-0.013229997173779505,2/7,-0.07357886787821857,62,-0.01235446283481524,,-0.08268276878264325,0,4
rev,Реклейм: закрытие M15 обратно выше L,mid,563,24.866785079928952,4.485580499759235,-0.08858444019652045,0.8951909997580767,0.11595285062463136,-0.35215485153922427,3/7,0.3343222348278359,56,-0.13659861490626088,-0.09429152969728026,-0.08762536498996124,81,3
cont,Принятие: закрытие D1 ниже L,2R,434,28.57142857142857,2.0,-0.10829101962898555,0.8441472548829434,-0.05226748902110507,-0.1844099470853449,1/7,-0.21549659149190825,44,-0.25777302304616745,-0.05410717090227162,-0.17347666505147902,237,2
rev,Реклейм: закрытие M15 обратно выше L,2R,563,29.484902309058615,2.0,-0.2128597032718466,0.7242347410308186,-0.11677262111637812,-0.33667923596812105,0/7,-0.2459528286400916,56,-0.2603460593774384,-0.23764289155444973,-0.20869489362269544,81,0
rev,Реклейм: закрытие M15 обратно выше L,H,563,13.49911190053286,9.319752658179269,-0.24163082737296346,0.7494302267101016,-0.02982197977113738,-0.5145714968436093,2/7,-0.2543359461183546,56,-0.13248288626717064,-0.09846183232338096,-0.2656903472879348,81,2
