sym,side,ib_week,ts,dow,back_L,mid_first,H_first,E1_first,reach_E1,reach_E15,reach_H,L_before_E1,wk_close_inside,wk_close_below_mother
ADAUSDT,low,2020-03-02,2020-03-12 23:15:00,3,False,False,False,True,True,True,False,False,False,False
ADAUSDT,low,2020-09-07,2020-09-21 14:15:00,0,True,True,True,False,False,False,True,True,True,False
ADAUSDT,low,2020-09-14,2020-09-21 09:45:00,0,True,False,False,True,True,False,True,False,True,False
ADAUSDT,low,2021-07-05,2021-07-14 05:15:00,2,True,False,False,True,True,True,True,True,False,True
ADAUSDT,low,2022-07-04,2022-07-12 22:00:00,1,True,True,True,False,False,False,True,True,True,False
ADAUSDT,low,2022-10-31,2022-11-08 19:15:00,1,False,False,False,True,True,False,False,False,False,True
ADAUSDT,low,2023-02-20,2023-03-03 01:30:00,4,True,True,False,False,False,False,False,True,False,True
ADAUSDT,low,2024-03-25,2024-04-03 00:30:00,2,False,False,False,True,True,True,False,False,False,False
ADAUSDT,low,2025-01-20,2025-01-27 07:15:00,0,True,False,False,True,True,True,False,True,False,True
ADAUSDT,low,2025-02-17,2025-02-25 07:00:00,1,True,False,False,True,True,True,True,False,True,False
ADAUSDT,low,2025-09-15,2025-09-22 06:00:00,0,True,False,False,True,True,True,False,False,False,True
ADAUSDT,low,2025-11-24,2025-12-01 03:30:00,0,True,True,True,False,True,True,True,True,True,False
ADAUSDT,high,2020-03-23,2020-04-06 12:30:00,0,True,False,False,True,True,True,False,False,False,False
ADAUSDT,high,2020-05-11,2020-05-19 20:15:00,1,True,False,False,True,True,True,False,True,True,False
ADAUSDT,high,2020-11-09,2020-11-20 20:45:00,4,False,False,False,True,True,True,False,False,False,True
ADAUSDT,high,2021-01-18,2021-02-02 14:00:00,1,False,False,False,True,True,True,False,False,False,True
ADAUSDT,high,2021-01-25,2021-02-01 22:15:00,0,False,False,False,True,True,True,False,False,False,True
ADAUSDT,high,2021-03-29,2021-04-06 12:45:00,1,True,True,False,True,True,True,True,True,False,False
ADAUSDT,high,2021-11-01,2021-11-09 08:00:00,1,True,True,True,False,False,False,True,True,True,False
ADAUSDT,high,2022-08-01,2022-08-13 06:00:00,5,True,False,False,True,True,False,True,False,False,True
ADAUSDT,high,2023-04-03,2023-04-13 16:00:00,3,True,False,False,True,True,True,True,False,False,True
ADAUSDT,high,2023-11-20,2023-12-05 18:00:00,1,False,False,False,True,True,True,False,False,False,True
ADAUSDT,high,2024-08-12,2024-08-21 04:45:00,2,True,False,False,True,True,True,True,False,False,True
ADAUSDT,high,2025-04-14,2025-04-23 02:30:00,2,True,False,False,True,True,True,False,False,False,True
ADAUSDT,high,2025-08-04,2025-08-13 22:30:00,2,True,False,False,True,True,False,False,False,False,True
BNBUSDT,low,2021-06-07,2021-06-21 22:45:00,0,True,False,False,True,True,False,False,False,False,True
BNBUSDT,low,2021-08-30,2021-09-07 14:45:00,1,False,False,False,True,True,True,False,False,False,True
BNBUSDT,low,2021-09-13,2021-09-26 07:30:00,6,True,False,False,True,True,False,True,False,False,False
BNBUSDT,low,2021-11-22,2021-12-04 05:15:00,5,True,True,False,False,False,False,False,True,True,False
BNBUSDT,low,2022-05-30,2022-06-07 05:00:00,1,True,False,False,True,True,True,False,True,False,True
BNBUSDT,low,2023-02-06,2023-02-13 16:15:00,0,True,True,False,True,True,False,False,True,True,False
BNBUSDT,low,2023-02-20,2023-03-09 19:00:00,3,True,False,False,True,True,False,True,False,False,False
BNBUSDT,low,2023-04-24,2023-05-11 17:15:00,3,True,False,False,True,True,True,False,True,False,True
BNBUSDT,low,2023-05-01,2023-05-10 17:15:00,2,False,False,False,True,True,True,False,False,False,True
BNBUSDT,low,2023-08-07,2023-08-15 19:00:00,1,True,False,False,True,True,True,False,True,False,True
BNBUSDT,low,2025-01-20,2025-01-27 07:15:00,0,True,True,False,True,True,True,True,True,False,True
BNBUSDT,low,2025-02-17,2025-02-25 07:15:00,1,True,False,False,True,True,True,False,True,False,False
BNBUSDT,low,2025-11-10,2025-11-21 07:30:00,4,True,False,False,False,False,False,False,True,False,True
BNBUSDT,high,2020-03-23,2020-04-06 16:45:00,0,False,False,False,True,True,True,False,False,False,True
BNBUSDT,high,2020-04-20,2020-04-29 16:45:00,2,True,True,True,False,False,False,True,True,False,True
BNBUSDT,high,2020-06-29,2020-07-07 13:30:00,1,False,False,False,True,True,True,False,False,False,True
BNBUSDT,high,2020-10-05,2020-10-12 09:15:00,0,True,False,False,True,True,False,True,True,False,True
BNBUSDT,high,2020-11-09,2020-11-21 14:45:00,5,True,False,False,True,True,True,True,False,False,True
BNBUSDT,high,2020-12-21,2020-12-29 03:15:00,1,True,False,False,True,True,True,False,False,False,True
BNBUSDT,high,2021-01-25,2021-02-01 11:15:00,0,False,False,False,True,True,True,False,False,False,True
BNBUSDT,high,2021-03-01,2021-03-09 22:15:00,1,True,True,False,True,True,True,False,True,True,False
BNBUSDT,high,2022-10-17,2022-10-25 16:30:00,1,True,False,False,True,True,True,True,False,False,True
BNBUSDT,high,2024-01-01,2024-02-15 14:15:00,3,False,False,False,True,True,True,False,False,False,True
BNBUSDT,high,2024-01-29,2024-02-09 02:30:00,4,False,False,False,True,True,True,False,False,False,True
BNBUSDT,high,2024-05-27,2024-06-03 06:30:00,0,True,False,False,True,True,True,True,False,False,True
BNBUSDT,high,2024-07-08,2024-07-19 15:30:00,4,True,True,True,False,False,False,True,True,False,True
BNBUSDT,high,2024-10-07,2024-10-16 18:45:00,2,True,True,True,False,True,True,True,True,False,True
BNBUSDT,high,2024-11-25,2024-12-03 20:45:00,1,True,False,False,True,True,False,False,False,False,True
BNBUSDT,high,2024-12-30,2025-01-06 20:30:00,0,True,True,True,False,False,False,True,True,True,False
BNBUSDT,high,2025-04-14,2025-04-21 05:45:00,0,True,False,False,True,True,True,False,True,False,True
BNBUSDT,high,2025-08-04,2025-08-14 06:30:00,3,True,False,False,True,True,False,False,True,False,False
BNBUSDT,high,2025-08-25,2025-09-10 13:45:00,2,False,False,False,True,True,True,False,False,False,True
BNBUSDT,high,2025-09-22,2025-10-03 03:00:00,4,True,False,False,True,True,True,True,False,False,True
BNBUSDT,high,2025-12-22,2026-01-04 16:45:00,6,True,False,False,True,True,True,True,False,False,False
BNBUSDT,high,2026-07-20,2026-07-30 11:15:00,3,True,False,False,True,True,True,False,True,False,True
BTCUSDT,low,2021-05-31,2021-06-08 14:15:00,1,True,True,True,False,True,False,True,True,True,False
BTCUSDT,low,2021-09-13,2021-09-21 00:15:00,1,True,True,True,False,False,False,True,True,False,False
BTCUSDT,low,2022-08-29,2022-09-06 17:15:00,1,True,True,True,False,True,False,True,True,True,False
BTCUSDT,low,2023-05-01,2023-05-12 02:45:00,4,True,False,False,True,True,False,False,True,False,True
BTCUSDT,low,2026-02-16,2026-02-24 01:15:00,1,True,True,True,False,False,False,True,True,True,False
BTCUSDT,high,2020-01-20,2020-01-28 14:30:00,1,False,False,False,True,True,True,False,False,False,True
BTCUSDT,high,2021-03-01,2021-03-11 18:30:00,3,True,False,False,True,True,False,False,False,False,True
BTCUSDT,high,2022-03-14,2022-03-25 12:30:00,4,True,False,False,True,True,False,False,False,False,True
BTCUSDT,high,2022-08-01,2022-08-11 07:30:00,3,True,False,False,True,True,False,True,False,False,False
BTCUSDT,high,2022-10-17,2022-10-25 18:15:00,1,True,False,False,True,True,True,True,False,False,True
BTCUSDT,high,2022-12-26,2023-01-09 10:30:00,0,False,False,False,True,True,True,False,False,False,True
BTCUSDT,high,2023-04-03,2023-04-10 22:00:00,0,True,False,False,True,True,False,True,False,False,True
BTCUSDT,high,2023-12-25,2024-01-02 00:45:00,1,True,True,True,False,True,True,True,True,False,False
BTCUSDT,high,2024-07-08,2024-07-15 23:45:00,0,True,False,False,True,True,False,True,False,False,True
BTCUSDT,high,2024-08-12,2024-08-23 21:15:00,4,True,True,True,False,False,False,True,True,False,True
BTCUSDT,high,2024-11-25,2024-12-05 03:00:00,3,True,True,True,False,True,False,True,True,False,True
BTCUSDT,high,2025-08-04,2025-08-13 19:15:00,2,True,True,True,False,False,False,True,True,True,False
BTCUSDT,high,2026-03-30,2026-04-07 23:15:00,1,False,False,False,True,True,True,False,False,False,False
BTCUSDT,high,2026-08-03,2026-08-19 15:15:00,2,False,False,False,True,True,True,False,False,False,True
BTCUSDT,high,2026-08-10,2026-08-19 15:00:00,2,False,False,False,True,True,True,False,False,False,True
DOGEUSDT,low,2021-03-15,2021-03-24 22:15:00,2,True,True,True,False,False,False,True,True,False,False
DOGEUSDT,low,2021-06-07,2021-06-21 06:30:00,0,False,False,False,True,True,True,False,False,False,True
DOGEUSDT,low,2021-09-13,2021-09-20 12:15:00,0,True,False,False,True,True,False,True,True,False,False
DOGEUSDT,low,2021-12-20,2022-01-10 14:00:00,0,True,True,True,False,True,False,True,True,True,False
DOGEUSDT,low,2021-12-27,2022-01-05 22:15:00,2,True,False,False,True,True,True,True,False,False,True
DOGEUSDT,low,2022-05-30,2022-06-11 11:15:00,5,True,False,False,True,True,True,False,False,False,True
DOGEUSDT,low,2022-07-04,2022-07-11 22:30:00,0,True,False,False,True,True,False,True,False,False,False
DOGEUSDT,low,2023-02-13,2023-03-03 01:30:00,4,True,False,False,True,True,False,False,False,False,True
DOGEUSDT,low,2023-05-01,2023-05-08 17:30:00,0,True,False,False,True,True,True,False,False,False,True
DOGEUSDT,low,2023-05-15,2023-05-25 01:15:00,3,True,True,False,True,True,True,False,True,True,False
DOGEUSDT,low,2024-04-15,2024-05-01 07:15:00,2,True,True,True,False,False,False,True,True,True,False
DOGEUSDT,low,2024-04-22,2024-04-30 19:15:00,1,True,True,True,False,False,False,True,True,True,False
DOGEUSDT,low,2024-05-27,2024-06-07 18:00:00,4,False,False,False,True,True,True,False,False,False,True
DOGEUSDT,low,2024-06-24,2024-07-04 13:00:00,3,True,False,False,True,True,False,True,False,False,True
DOGEUSDT,low,2024-07-22,2024-08-03 01:00:00,5,False,False,False,True,True,True,False,False,False,True
DOGEUSDT,low,2025-01-20,2025-02-02 03:00:00,6,False,False,False,True,True,True,False,False,False,True
DOGEUSDT,low,2025-02-10,2025-02-25 07:15:00,1,True,False,False,True,True,True,False,False,False,False
DOGEUSDT,low,2025-09-15,2025-09-25 12:15:00,3,True,False,False,True,True,True,False,False,False,False
DOGEUSDT,low,2025-11-10,2025-11-21 07:30:00,4,True,False,False,True,True,False,False,True,False,True
DOGEUSDT,low,2025-11-24,2025-12-01 15:30:00,0,True,True,False,True,True,True,False,True,False,False
DOGEUSDT,low,2025-12-08,2025-12-18 17:15:00,3,True,True,True,False,False,False,True,True,False,True
DOGEUSDT,low,2026-06-08,2026-06-24 13:45:00,2,False,False,False,True,True,False,False,False,False,True
DOGEUSDT,low,2026-06-15,2026-06-24 13:00:00,2,False,False,False,True,True,False,False,False,False,True
DOGEUSDT,high,2020-09-28,2020-10-26 03:30:00,0,True,True,True,False,True,True,True,True,True,False
DOGEUSDT,high,2020-10-05,2020-10-26 03:15:00,0,True,False,False,True,True,True,True,False,True,False
DOGEUSDT,high,2020-10-12,2020-10-26 03:15:00,0,True,False,False,True,True,True,True,False,True,False
DOGEUSDT,high,2020-10-19,2020-10-26 03:00:00,0,True,False,False,True,True,True,True,False,True,False
DOGEUSDT,high,2021-03-01,2021-03-08 23:45:00,0,True,False,False,True,True,True,False,False,False,False
DOGEUSDT,high,2021-04-19,2021-05-04 13:30:00,1,True,False,False,True,True,False,False,False,False,True
DOGEUSDT,high,2021-04-26,2021-05-04 08:00:00,1,True,False,False,True,True,True,True,False,False,True
DOGEUSDT,high,2021-09-27,2021-10-04 20:15:00,0,True,False,False,True,True,True,False,False,False,False
DOGEUSDT,high,2021-10-11,2021-10-18 10:00:00,0,True,False,False,True,True,True,True,True,False,True
DOGEUSDT,high,2022-08-01,2022-08-11 12:45:00,3,True,False,False,True,True,True,True,True,False,True
DOGEUSDT,high,2022-10-17,2022-10-25 17:30:00,1,False,False,False,True,True,True,False,False,False,True
DOGEUSDT,high,2023-01-02,2023-01-09 11:15:00,0,True,False,False,True,True,True,False,True,False,True
DOGEUSDT,high,2023-10-30,2023-11-06 18:00:00,0,True,True,True,False,True,True,True,True,False,True
DOGEUSDT,high,2023-11-20,2023-12-04 04:15:00,0,False,False,False,True,True,True,False,False,False,True
DOGEUSDT,high,2024-01-22,2024-02-19 23:30:00,0,True,False,False,True,True,True,False,True,False,False
DOGEUSDT,high,2024-01-29,2024-02-14 17:00:00,2,True,False,False,True,True,True,False,True,False,False
DOGEUSDT,high,2024-07-08,2024-07-16 00:00:00,1,True,False,False,True,True,False,True,False,False,True
DOGEUSDT,high,2024-08-12,2024-08-23 22:00:00,4,True,True,True,False,False,False,True,True,False,False
DOGEUSDT,high,2024-10-07,2024-10-16 08:30:00,2,False,False,False,True,True,True,False,False,False,True
DOGEUSDT,high,2025-03-17,2025-03-24 18:45:00,0,True,False,False,True,True,True,True,False,True,False
DOGEUSDT,high,2026-03-30,2026-04-14 14:00:00,1,True,False,False,True,True,True,False,True,True,False
DOGEUSDT,high,2026-04-20,2026-04-29 07:30:00,2,True,False,False,True,True,True,False,False,False,True
ETHUSDT,low,2020-02-17,2020-02-26 16:45:00,2,True,False,False,True,True,True,True,True,False,False
ETHUSDT,low,2021-03-15,2021-03-24 20:00:00,2,True,True,True,False,False,False,True,True,False,False
ETHUSDT,low,2021-09-13,2021-09-21 00:15:00,1,True,True,True,False,False,False,True,True,False,False
ETHUSDT,low,2022-05-16,2022-05-26 13:00:00,3,True,False,False,True,True,True,False,True,False,False
ETHUSDT,low,2022-05-30,2022-06-11 08:45:00,5,False,False,False,True,True,True,False,False,False,True
ETHUSDT,low,2022-09-26,2022-10-13 12:30:00,3,True,True,True,False,True,False,True,True,True,False
ETHUSDT,low,2022-10-03,2022-10-13 12:30:00,3,True,True,True,False,True,True,True,True,True,False
ETHUSDT,low,2023-02-20,2023-03-09 20:30:00,3,True,False,False,True,True,False,True,False,True,False
ETHUSDT,low,2023-05-29,2023-06-10 05:15:00,5,True,False,False,True,True,True,True,False,False,True
ETHUSDT,low,2023-10-02,2023-10-12 09:45:00,3,True,True,True,False,False,False,True,True,False,True
ETHUSDT,low,2025-01-20,2025-02-02 19:15:00,6,False,False,False,True,True,True,False,False,False,True
ETHUSDT,low,2025-09-15,2025-09-22 02:30:00,0,True,False,False,True,True,True,True,False,False,True
ETHUSDT,low,2025-10-13,2025-11-04 17:15:00,1,False,False,False,True,True,True,False,False,False,False
ETHUSDT,low,2026-02-16,2026-02-23 17:30:00,0,True,True,True,False,False,False,True,True,True,False
ETHUSDT,high,2020-01-20,2020-01-30 16:15:00,3,False,False,False,True,True,True,False,False,False,True
ETHUSDT,high,2020-03-23,2020-04-06 09:45:00,0,False,False,False,True,True,True,False,False,False,True
ETHUSDT,high,2020-07-13,2020-07-22 22:15:00,2,False,False,False,True,True,True,False,False,False,True
ETHUSDT,high,2020-08-03,2020-08-13 22:00:00,3,True,True,False,True,True,True,True,True,False,True
ETHUSDT,high,2021-01-11,2021-01-25 00:45:00,0,True,False,False,True,True,True,False,True,False,False
ETHUSDT,high,2021-03-01,2021-03-13 20:00:00,5,True,True,False,True,True,False,False,True,False,False
ETHUSDT,high,2022-08-01,2022-08-10 13:15:00,2,True,False,False,True,True,False,True,False,False,True
ETHUSDT,high,2022-12-05,2022-12-13 13:30:00,1,True,True,True,False,False,False,True,True,True,False
ETHUSDT,high,2022-12-26,2023-01-04 08:15:00,2,True,False,False,True,True,True,False,True,False,True
ETHUSDT,high,2023-12-18,2023-12-28 00:30:00,3,True,True,True,False,True,True,True,True,True,False
ETHUSDT,high,2024-01-29,2024-02-09 08:45:00,4,False,False,False,True,True,True,False,False,False,True
ETHUSDT,high,2024-07-08,2024-07-19 19:00:00,4,True,True,True,False,False,False,True,True,False,True
ETHUSDT,high,2024-10-07,2024-10-15 13:45:00,1,True,False,False,True,True,True,False,False,False,True
ETHUSDT,high,2025-12-22,2026-01-05 01:00:00,0,True,False,False,True,True,True,True,False,False,False
ETHUSDT,high,2026-03-30,2026-04-07 23:15:00,1,True,False,False,True,True,True,False,True,False,False
ETHUSDT,high,2026-08-03,2026-08-19 15:00:00,2,False,False,False,True,True,True,False,False,False,True
ETHUSDT,high,2026-08-10,2026-08-19 14:45:00,2,False,False,False,True,True,True,False,False,False,True
LINKUSDT,low,2020-08-17,2020-09-05 18:45:00,5,True,False,False,False,False,False,False,True,False,False
LINKUSDT,low,2020-08-24,2020-09-03 23:15:00,3,False,False,False,True,True,False,False,False,False,True
LINKUSDT,low,2020-09-07,2020-09-21 09:45:00,0,True,False,False,True,True,True,False,False,False,False
LINKUSDT,low,2020-10-26,2020-11-04 14:15:00,2,True,True,True,False,False,False,True,True,True,False
LINKUSDT,low,2021-09-13,2021-09-21 20:30:00,1,True,True,False,False,False,False,False,True,False,False
LINKUSDT,low,2022-01-10,2022-01-19 08:30:00,2,False,False,False,True,True,True,False,False,False,True
LINKUSDT,low,2022-12-05,2022-12-16 09:00:00,4,False,False,False,True,True,False,False,False,False,True
LINKUSDT,low,2023-05-01,2023-05-08 01:45:00,0,True,False,False,True,True,False,False,False,False,True
LINKUSDT,low,2025-02-10,2025-02-24 22:00:00,0,True,False,False,True,True,True,False,False,False,False
LINKUSDT,low,2025-09-15,2025-09-22 05:45:00,0,True,False,False,True,True,True,False,False,False,True
LINKUSDT,low,2025-10-20,2025-11-03 15:15:00,0,True,False,False,True,True,True,False,False,False,False
LINKUSDT,high,2020-03-23,2020-04-07 00:15:00,1,False,False,False,True,True,True,False,False,False,True
LINKUSDT,high,2020-06-29,2020-07-06 20:00:00,0,False,False,False,True,True,True,False,False,False,True
LINKUSDT,high,2020-11-09,2020-11-18 00:15:00,2,True,True,False,True,True,True,True,True,False,True
LINKUSDT,high,2021-04-19,2021-05-04 18:45:00,1,True,True,True,False,False,False,True,True,False,True
LINKUSDT,high,2021-04-26,2021-05-04 18:00:00,1,True,False,False,True,True,False,True,False,False,True
LINKUSDT,high,2021-11-01,2021-11-10 13:15:00,2,True,False,False,True,True,False,True,False,False,False
LINKUSDT,high,2021-12-13,2021-12-26 18:15:00,6,True,False,False,True,True,True,True,False,False,False
LINKUSDT,high,2022-10-17,2022-10-30 03:15:00,6,True,False,False,True,True,True,True,False,False,True
LINKUSDT,high,2023-01-02,2023-01-09 09:30:00,0,True,False,False,True,True,True,False,True,False,True
LINKUSDT,high,2023-04-03,2023-04-14 05:15:00,4,True,False,False,True,True,True,True,True,False,True
LINKUSDT,high,2023-11-20,2023-12-08 10:45:00,4,True,True,False,True,True,False,True,True,False,True
LINKUSDT,high,2024-07-08,2024-07-21 17:00:00,6,True,True,True,False,False,False,True,True,False,True
LINKUSDT,high,2024-08-12,2024-08-21 20:00:00,2,True,False,False,True,True,True,True,False,False,True
LINKUSDT,high,2025-12-22,2026-01-05 01:30:00,0,True,False,False,True,True,False,True,False,False,False
LINKUSDT,high,2026-07-06,2026-07-15 12:45:00,2,True,False,False,True,True,False,False,True,False,True
LINKUSDT,high,2026-08-03,2026-08-14 17:15:00,4,False,False,False,True,True,True,False,False,False,True
LTCUSDT,low,2020-09-07,2020-09-21 14:30:00,0,True,True,True,False,False,False,True,True,True,False
LTCUSDT,low,2020-09-14,2020-09-21 12:15:00,0,True,False,False,True,True,False,True,False,False,False
LTCUSDT,low,2021-03-15,2021-03-24 22:15:00,2,True,True,True,False,False,False,True,True,False,False
LTCUSDT,low,2021-05-24,2021-06-22 13:45:00,1,True,False,False,False,False,False,False,True,False,False
LTCUSDT,low,2022-04-18,2022-04-25 07:00:00,0,True,False,False,True,True,True,False,True,False,True
LTCUSDT,low,2022-05-30,2022-06-10 12:30:00,4,False,False,False,True,True,True,False,False,False,True
LTCUSDT,low,2023-02-20,2023-03-03 01:30:00,4,True,False,False,True,True,True,False,True,True,False
LTCUSDT,low,2023-04-24,2023-05-08 17:00:00,0,True,True,True,False,False,False,True,True,False,True
LTCUSDT,low,2023-10-02,2023-10-12 09:45:00,3,True,True,True,False,False,False,True,True,False,True
LTCUSDT,low,2024-05-27,2024-06-07 18:00:00,4,False,False,False,True,True,True,False,False,False,False
LTCUSDT,low,2024-06-10,2024-06-18 01:15:00,1,True,False,False,True,True,True,False,False,False,True
LTCUSDT,low,2024-08-19,2024-08-27 22:15:00,1,True,True,True,False,False,False,True,True,True,False
LTCUSDT,low,2025-09-15,2025-09-22 06:00:00,0,True,False,False,True,True,True,True,False,False,True
LTCUSDT,low,2025-11-24,2025-12-01 00:15:00,0,True,False,False,True,True,True,False,False,False,False
LTCUSDT,high,2020-01-20,2020-01-30 12:30:00,3,True,False,False,True,True,True,False,False,False,True
LTCUSDT,high,2020-03-23,2020-04-06 16:45:00,0,True,True,False,True,True,False,False,True,False,False
LTCUSDT,high,2020-06-29,2020-07-08 03:45:00,2,True,False,False,True,True,True,False,False,False,True
LTCUSDT,high,2021-03-01,2021-03-13 12:30:00,5,True,False,False,True,True,False,False,False,False,False
LTCUSDT,high,2021-04-26,2021-05-04 09:15:00,1,True,False,False,True,True,True,True,False,False,True
LTCUSDT,high,2022-08-01,2022-08-13 16:00:00,5,True,True,True,False,False,False,True,True,False,False
LTCUSDT,high,2022-10-17,2022-10-25 18:45:00,1,True,False,False,True,True,True,True,True,False,True
LTCUSDT,high,2022-11-14,2022-11-23 02:15:00,2,True,False,False,True,True,True,False,False,False,True
LTCUSDT,high,2023-03-13,2023-03-24 05:15:00,4,True,False,False,True,True,False,False,True,False,True
LTCUSDT,high,2023-10-30,2023-11-09 09:30:00,3,True,True,True,False,False,False,True,True,False,True
LTCUSDT,high,2024-01-29,2024-02-11 03:45:00,6,True,True,False,True,True,True,False,True,False,False
LTCUSDT,high,2024-03-04,2024-03-11 15:15:00,0,True,True,False,False,False,False,False,True,True,False
LTCUSDT,high,2024-10-07,2024-10-15 16:15:00,1,True,False,False,True,True,True,False,False,False,True
LTCUSDT,high,2025-10-20,2025-10-28 07:00:00,1,True,True,True,False,True,False,True,True,True,False
LTCUSDT,high,2025-12-22,2026-01-05 01:00:00,0,True,True,True,False,False,False,True,True,True,False
LTCUSDT,high,2026-03-09,2026-03-16 18:15:00,0,True,True,True,False,False,False,True,True,True,False
LTCUSDT,high,2026-08-24,2026-09-07 12:30:00,0,True,True,False,True,True,True,False,True,True,False
SOLUSDT,low,2020-09-21,2020-10-08 06:45:00,3,True,False,False,True,True,False,False,True,False,False
SOLUSDT,low,2020-11-30,2020-12-09 07:45:00,2,True,False,False,True,True,True,True,True,False,True
SOLUSDT,low,2020-12-14,2020-12-23 07:00:00,2,True,False,False,True,True,True,True,False,False,True
SOLUSDT,low,2021-11-08,2021-11-18 15:15:00,3,True,True,False,True,True,True,False,True,True,False
SOLUSDT,low,2022-10-03,2022-10-11 23:15:00,1,True,False,False,True,True,True,True,False,False,True
SOLUSDT,low,2023-01-30,2023-02-09 22:30:00,3,True,True,True,False,True,False,True,True,False,True
SOLUSDT,low,2023-05-01,2023-05-08 17:45:00,0,True,False,False,True,True,False,False,True,False,False
SOLUSDT,low,2024-01-15,2024-01-23 11:00:00,1,True,True,True,False,False,False,True,True,True,False
SOLUSDT,low,2025-02-10,2025-02-18 05:15:00,1,False,False,False,True,True,True,False,False,False,True
SOLUSDT,low,2025-12-08,2025-12-18 19:30:00,3,True,True,True,False,False,False,True,True,False,False
SOLUSDT,low,2026-02-16,2026-02-24 01:15:00,1,True,True,True,False,False,False,True,True,True,False
SOLUSDT,low,2026-07-20,2026-08-01 18:45:00,5,True,True,True,False,False,False,True,True,True,False
SOLUSDT,high,2022-08-01,2022-08-13 00:30:00,5,True,True,True,False,False,False,True,True,False,False
SOLUSDT,high,2023-04-03,2023-04-11 04:45:00,1,True,False,False,True,True,True,False,False,False,True
SOLUSDT,high,2024-07-08,2024-07-15 22:30:00,0,True,False,False,True,True,True,True,False,False,True
SOLUSDT,high,2024-10-07,2024-10-20 00:15:00,6,False,False,False,True,True,True,False,False,False,True
SOLUSDT,high,2025-03-17,2025-03-24 11:45:00,0,True,True,True,False,False,False,True,True,True,False
SOLUSDT,high,2025-04-28,2025-05-08 15:15:00,3,True,False,False,True,True,True,False,False,False,True
SOLUSDT,high,2025-08-04,2025-08-13 02:45:00,2,True,False,False,True,True,False,False,True,False,False
SOLUSDT,high,2025-09-01,2025-09-10 07:30:00,2,True,False,False,True,True,True,True,False,False,True
SOLUSDT,high,2025-12-22,2026-01-04 16:00:00,6,True,False,False,True,True,True,True,False,False,False
SOLUSDT,high,2026-08-10,2026-08-19 14:30:00,2,False,False,False,True,True,True,False,False,False,True
XRPUSDT,low,2021-09-13,2021-09-20 12:30:00,0,True,False,False,True,True,True,True,False,False,False
XRPUSDT,low,2021-10-11,2021-10-27 08:00:00,2,True,True,True,False,False,False,True,True,True,False
XRPUSDT,low,2021-10-18,2021-10-27 08:00:00,2,True,True,True,False,False,False,True,True,True,False
XRPUSDT,low,2022-02-14,2022-02-22 03:15:00,1,True,False,False,True,True,False,True,False,True,False
XRPUSDT,low,2022-04-18,2022-04-25 07:00:00,0,True,False,False,True,True,True,False,True,False,True
XRPUSDT,low,2023-05-01,2023-05-08 01:30:00,0,True,False,False,True,True,False,True,False,False,True
XRPUSDT,low,2023-06-19,2023-06-28 19:30:00,2,True,True,True,False,False,False,True,True,True,False
XRPUSDT,low,2023-09-04,2023-09-11 07:15:00,0,True,False,False,True,True,True,True,False,True,False
XRPUSDT,low,2024-03-25,2024-04-03 00:30:00,2,True,True,False,True,True,True,False,True,False,False
XRPUSDT,low,2024-05-27,2024-06-07 18:00:00,4,True,False,False,True,True,True,False,False,False,False
XRPUSDT,low,2025-01-20,2025-02-03 00:30:00,0,True,False,False,True,True,True,False,False,False,False
XRPUSDT,low,2025-02-17,2025-02-24 22:00:00,0,True,False,False,True,True,True,True,False,True,False
XRPUSDT,low,2025-08-11,2025-08-22 12:00:00,4,True,True,False,False,False,False,False,True,True,False
XRPUSDT,low,2025-09-15,2025-09-22 05:45:00,0,True,False,False,True,True,True,False,False,False,False
XRPUSDT,low,2026-02-16,2026-02-28 06:30:00,5,True,True,True,False,False,False,True,True,False,False
XRPUSDT,high,2020-01-20,2020-02-02 12:00:00,6,True,False,False,True,True,True,False,False,False,False
XRPUSDT,high,2020-03-30,2020-04-07 00:00:00,1,True,True,False,True,True,True,False,True,False,True
XRPUSDT,high,2020-06-29,2020-07-08 01:45:00,2,False,False,False,True,True,True,False,False,False,True
XRPUSDT,high,2020-07-13,2020-07-25 19:45:00,5,False,False,False,True,True,True,False,False,False,True
XRPUSDT,high,2021-03-08,2021-03-20 16:30:00,5,True,False,False,True,True,True,False,False,False,True
XRPUSDT,high,2021-12-13,2021-12-21 21:00:00,1,True,False,False,True,True,True,True,False,False,False
XRPUSDT,high,2022-01-24,2022-02-07 11:15:00,0,True,False,False,True,True,True,False,False,False,True
XRPUSDT,high,2022-03-14,2022-03-28 00:30:00,0,True,True,True,False,False,False,True,True,False,False
XRPUSDT,high,2022-10-24,2022-11-04 09:30:00,4,True,True,True,False,False,False,True,True,True,False
XRPUSDT,high,2023-03-13,2023-03-21 13:30:00,1,False,False,False,True,True,True,False,False,False,True
XRPUSDT,high,2023-07-03,2023-07-13 15:15:00,3,False,False,False,True,True,True,False,False,False,True
XRPUSDT,high,2024-02-05,2024-02-15 03:15:00,3,True,False,False,True,True,True,False,False,False,True
XRPUSDT,high,2024-02-19,2024-02-28 16:45:00,2,True,True,True,False,True,True,True,True,False,True
XRPUSDT,high,2024-07-22,2024-07-31 02:30:00,2,True,True,True,False,False,False,True,True,True,False
XRPUSDT,high,2024-10-28,2024-11-07 03:00:00,3,False,False,False,True,True,True,False,False,False,True
XRPUSDT,high,2025-04-14,2025-04-23 07:00:00,2,True,False,False,True,True,True,False,True,False,True
XRPUSDT,high,2026-03-02,2026-03-16 22:30:00,0,True,True,True,False,False,False,True,True,True,False
XRPUSDT,high,2026-03-09,2026-03-16 18:00:00,0,True,False,False,True,True,False,True,False,True,False
