kind,conf,tp,n,win,rr,exp,lo5,hi95,trim,pf,expA,expB,yrs,syms
rev,Реклейм: закрытие M15 обратно выше L,H,253,9.486166007905137,13.136138159103483,0.4826349627235975,-0.16807577935990606,1.3281298827263015,-0.6055011139936124,1.5288670787641732,0.8434258261754584,-0.05147700179827535,4/7,4/9
rev,Реклейм: закрытие M15 обратно выше L,mid,252,18.253968253968253,6.42476152872969,0.2733155590089307,-0.13594296744848983,0.7691383871441455,-0.49537889433448024,1.316903989453802,0.42819129272442563,0.045557127074379325,3/7,5/9
rev,Реклейм: закрытие D1 обратно выше L,2R,199,35.678391959798994,2.0,0.25267785580530316,0.09449438612332811,0.41133939783531454,0.16053766334371405,1.4945755737584732,0.4093833755763389,0.04677409145498871,6/7,8/9
rev,CHoCH H1: закрытие выше свинг-хая,H,255,18.43137254901961,4.501692789221616,0.23935838441301655,-0.014389750553459282,0.508337365019723,-0.17312544998784918,1.3343738258716487,0.3157376478757157,0.12478948921896788,5/7,7/9
rev,CHoCH D1: закрытие выше свинг-хая,mid,5,100.0,0.1844659458175499,0.23136263551284858,0.14782379701249196,0.363964934713758,0.1626491011641226,1156813177.5642428,0.24474858078075912,0.1778188544412065,4/4,4/4
rev,Реклейм: закрытие D1 обратно выше L,H,196,28.061224489795915,2.8927064767182418,0.22947201792093105,0.015732200738075817,0.43543754345277513,-0.05847430324823986,1.4014867542454124,0.33440051129635545,0.08661756308450987,5/7,7/9
rev,CHoCH D1: закрытие выше свинг-хая,H,20,75.0,0.33406935831913664,0.21329987600680086,-0.01918560309936718,0.4505462734672628,0.1450577808979727,2.407837377660946,0.3037876002422813,0.002161852790679847,6/7,7/8
rev,CHoCH D1: закрытие выше свинг-хая,2R,28,10.714285714285714,2.0,0.15243268128598583,-0.1662115003571638,0.47551141441234435,0.010616086076998855,1.4414022714996937,0.2854949973501766,-0.0011007603265416653,5/7,4/9
cont,Принятие: закрытие M15 ниже L,2R,237,40.08438818565401,2.0,0.14668798993512341,-0.009894179382502463,0.3050636032842827,0.048856477984598176,1.2340191494467228,0.22411336273782007,0.03876171269500087,4/7,7/9
cont,Принятие: закрытие H4 ниже L,ext1,205,14.146341463414632,8.629126805718954,0.1339871272730908,-0.22822895052744582,0.5679782533017318,-0.5154011029778433,1.1552801865486986,0.3199468143112838,-0.12332918386115282,3/7,4/9
rev,Без подтверждения: лимит на L,H,255,23.137254901960784,2.0,0.12964195853696736,0.005660542463156626,0.2552672075736458,0.029463984830395848,1.278596105966904,0.17309053190010143,0.06446909849226629,5/7,5/9
rev,CHoCH H4: закрытие выше свинг-хая,2R,232,31.03448275862069,2.0,0.12913913145150854,-0.01845340285244983,0.2772788132606916,0.027398039146091884,1.2325827137537024,0.23384013929864708,-0.016578766067704972,6/7,7/9
rev,Реклейм: закрытие D1 обратно выше L,mid,189,49.2063492063492,1.3034566041528182,0.1221891686260525,-0.030026825625810535,0.2764934342330915,-0.06124934939304958,1.2648506933664891,0.17600835720103816,0.04886052419263455,5/7,6/9
rev,CHoCH H1: закрытие выше свинг-хая,mid,254,33.85826771653544,2.2652162171227133,0.11649826802136343,-0.05243207529808095,0.2949064245395933,-0.14422137294824552,1.186583109855545,0.08012392704206954,0.17070316830423268,4/7,7/9
rev,CHoCH H4: закрытие выше свинг-хая,H,232,26.72413793103448,2.572825645451898,0.11335821093609981,-0.046970525960565994,0.27139743831282964,-0.10154971643055213,1.1994066151872558,0.23336489144131467,-0.053661395952601276,6/7,5/9
rev,CHoCH M15: закрытие выше свинг-хая,H,255,11.76470588235294,7.179741646373992,0.08186834210424883,-0.19194268024166322,0.37936442161610145,-0.4228420446423937,1.099283045362511,0.21803543501855355,-0.12238229726720826,6/7,5/9
cont,Принятие: закрытие H1 ниже L,2R,222,37.83783783783784,2.0,0.07157265870961865,-0.09256923950450162,0.23627723096565487,-0.037595692911490425,1.108792822785546,0.13613579871140047,-0.016343106399190562,3/7,6/9
rev,Реклейм: закрытие H4 обратно выше L,2R,235,34.04255319148936,2.0,0.07001644215517848,-0.08258436435509386,0.22219980775533255,-0.03344323253594936,1.1114568649536127,0.21000866046126296,-0.1475801580379747,3/7,5/9
rev,Реклейм: закрытие H1 обратно выше L,H,248,12.5,7.291379909748812,0.06923954258029884,-0.22931246061856386,0.38075983046494966,-0.4766837773380338,1.0841732002423523,0.2172184592037477,-0.14976925402240548,4/7,4/9
rev,CHoCH H4: закрытие выше свинг-хая,mid,223,47.53363228699551,1.214560541853581,0.06821771444569352,-0.059641931315177844,0.19987833728862672,-0.0935077270508178,1.1513006401236028,0.09433224411341125,0.03237968968893192,6/7,5/9
rev,CHoCH H1: закрытие выше свинг-хая,2R,255,33.72549019607843,2.0,0.053672849708515956,-0.08617805101927714,0.20799523850498527,-0.05038839829904985,1.0855567280612382,0.016315465091001284,0.10970892663478791,4/7,6/9
rev,Без подтверждения: лимит на L,mid,255,43.529411764705884,1.0,0.038757546989073216,-0.05840134395979368,0.13537769104309033,-0.012714866370838874,1.0919416072303214,0.06602140002282807,-0.002138232561558999,4/7,3/9
rev,Реклейм: закрытие H1 обратно выше L,mid,247,24.696356275303643,3.464915972280668,0.0375170105196383,-0.18723873487270457,0.2786034380046951,-0.38470087680472603,1.0495987762086223,0.029364860266492036,0.04950067139176333,5/7,6/9
rev,Реклейм: закрытие H4 обратно выше L,H,235,16.595744680851062,5.237640761102475,0.03582780223878681,-0.18160225987856723,0.24900258685345997,-0.31984639452644814,1.0480072223048815,0.20158606839717202,-0.22181819842044237,4/7,4/9
cont,Принятие: закрытие H4 ниже L,2R,205,35.609756097560975,2.0,0.02734104217273508,-0.1329406352161451,0.19934312850542307,-0.08380416707515814,1.0409354654462228,0.14109856276038002,-0.13006762003575034,5/7,5/9
cont,Принятие: закрытие H1 ниже L,ext1,222,9.00900900900901,14.42038006259913,0.02046839728778086,-0.3936755398839256,0.473161166520053,-0.8233410889740498,1.0215171125653968,0.2606712330017895,-0.30661631517384796,2/7,3/9
rev,CHoCH M15: закрытие выше свинг-хая,2R,255,34.11764705882353,2.0,0.02008290500667129,-0.12730347037552664,0.15103681733817473,-0.08570882448974941,1.030561090125131,0.007229758592172113,0.039362624628420106,4/7,7/9
rev,Реклейм: закрытие H4 обратно выше L,mid,233,30.90128755364807,2.37180650097412,0.017158624967933085,-0.1717493769586113,0.20992255093727447,-0.2604666870773288,1.0255688091091806,0.06207681287610985,-0.05293349242724382,4/7,5/9
rev,Реклейм: закрытие H1 обратно выше L,2R,248,33.46774193548387,2.0,0.010401398781465883,-0.13379723586264952,0.1605732769422299,-0.09918403465861252,1.015753385419771,0.03284458921897684,-0.02281452306605038,4/7,4/9
rev,Реклейм: закрытие M15 обратно выше L,2R,253,35.177865612648226,2.0,-0.0011331511100783603,-0.14641360695618874,0.15565722432471812,-0.10891491708935265,0.9983375037179965,0.01952012305259505,-0.031708096194036084,3/7,5/9
rev,CHoCH M15: закрытие выше свинг-хая,mid,254,22.440944881889763,3.5296426799636764,-0.0032712351621800363,-0.2095057924873163,0.21522575493528834,-0.3549126325002981,0.9957011981111477,0.06077931621434701,-0.0987191156448477,4/7,4/9
cont,Принятие: закрытие D1 ниже L,2R,164,30.48780487804878,2.0,-0.02023506249520352,-0.20339792759476594,0.1510975666348228,-0.13698241327128696,0.9690305323290466,0.04256100617974268,-0.11587830555396769,3/7,4/9
cont,Без подтверждения: шорт пробоя на L,ext1,255,18.43137254901961,2.0,-0.051511455282975536,-0.16977666701791974,0.08148661003686669,-0.1613503419367465,0.9068215888786136,-0.0995012057371365,0.0204731703982658,3/7,6/9
cont,Принятие: закрытие M15 ниже L,ext1,237,8.438818565400844,16.26303940798868,-0.06405484536275595,-0.4826497457957151,0.34931817340659205,-0.8495576374662105,0.9326583631810815,-0.14398423254995024,0.04736187617090894,3/7,5/9
cont,Принятие: закрытие D1 ниже L,ext1,164,19.51219512195122,4.813867484519188,-0.11980387177937389,-0.3785858663837288,0.15749552149716142,-0.4900139709726489,0.8438261671099951,-0.2125724082562299,0.021489745316145215,1/7,3/9
