side,ib_week,yr,open,depth,wk_ok,H0,E10,reachH0,smt,btc_took_mo,btc_ib_inside,dow,ext_dow,ext_sess,rec_sess,ib_ratio,ib_close_pos,ib_green,double_ib,mom4,pos26,vol_ratio,ext_day_vol,H_wk,next_wk_back,fail_E0.5,fail_E1,fail_E1.5,fail_E2,fail_reachH,fail_low_R,fail_days_to_low,tg4_mid,tg8_mid,tg4_ibh,tg8_ibh,tg4_H,tg8_H,tg4_H05,tg8_H05,tg4_H1,tg8_H1,wkclose_above_H,dd_below_sweep_R,dd_below_wkclose_R
low,2020-02-17,2020,False,0.1019810267857143,False,False,True,True,False,True,False,2,3,Азия 00–08,,0.6191406249999999,0.8000837053571431,True,False,54.97485632183909,0.8154025242004657,0.9518071201528758,1.3360887258740055,False,False,True,True,True,False,True,1.8567243303571423,11.09375,,,,,,,,,,,,,
low,2020-06-08,2020,False,0.057424593967517125,True,False,False,False,False,True,False,0,0,Азия 00–08,Нью-Йорк 13–21,0.744489559164733,0.3457076566125287,False,False,30.471416382252553,0.671901830213176,0.6205727142419303,1.3952084573079724,False,,,,,,,,,True,True,False,True,False,True,False,True,False,True,True,0.12848027842227402,0.42024361948955957
low,2021-03-15,2021,False,0.4544127594431978,False,True,False,True,False,False,True,0,2,Поздний 21–24,Нью-Йорк 13–21,0.6561287336679835,0.4158567410730184,False,False,2.603141512206214,0.8862321679610979,0.6067915409093466,1.000978853934325,True,True,False,False,False,False,True,-0.04336217024457994,0.041666666666666664,,,,,,,,,,,,,
low,2021-05-31,2021,False,0.04803357314148674,False,False,False,False,False,True,True,6,6,Лондон 08–13,,0.7443285371702638,0.7582733812949641,True,True,-19.141776630136427,0.4820746430780265,0.6374770597374431,0.9813892757395862,False,False,False,False,False,False,False,0.4560671462829735,1.5729166666666667,,,,,,,,,,,,,
low,2021-09-13,2021,False,0.2611996962794228,False,True,False,True,False,True,True,0,1,Поздний 21–24,Азия 00–08,0.5419324221716022,0.3850797266514805,False,False,2.8046891746243583,0.6729943426950259,1.102115867586918,1.630034223079863,True,True,False,False,False,False,True,0.13572513287775248,2.84375,,,,,,,,,,,,,
low,2021-12-06,2022,False,0.280780479412777,False,False,False,False,False,True,True,3,5,Нью-Йорк 13–21,,0.47307604083037064,0.5310600412891388,False,False,-9.075490089894947,0.7860863820818521,0.59265257486866,1.1761808675694723,False,False,True,False,False,False,False,0.8868204495928436,14.583333333333334,,,,,,,,,,,,,
low,2022-05-16,2022,False,0.10650605599311673,False,False,True,False,False,False,True,3,4,Поздний 21–24,,0.3208286451783706,0.35369647230127743,False,False,-28.196635666754855,0.12256297044976999,0.6352604986041417,1.4478313632705908,False,False,True,True,False,False,False,1.1878880137666292,19.833333333333332,,,,,,,,,,,,,
low,2022-05-30,2022,False,0.6960089424078452,False,False,True,False,False,True,False,4,6,Азия 00–08,,0.7208800142265581,0.2805172369992127,False,False,-35.805665549802015,0.038041331252307166,1.2096934966712718,1.7345111571624117,False,False,True,True,True,True,False,2.0753753524883782,5.833333333333333,,,,,,,,,,,,,
low,2022-09-26,2022,False,0.2079207920792079,True,True,False,True,False,True,False,3,3,Лондон 08–13,Нью-Йорк 13–21,0.7425742574257426,0.28693069306930713,False,False,-9.276449554792116,0.1539438037572725,0.6388411540818278,1.6403258448649127,True,,,,,,,,,True,True,True,True,True,True,True,True,True,True,True,0.0,0.2847029702970297
low,2022-10-03,2022,False,0.49333333333333335,True,True,True,True,False,True,False,3,3,Лондон 08–13,Нью-Йорк 13–21,0.818733333333333,0.484066666666666,True,True,-19.147857604521782,0.14864678085134206,0.7168865967380603,1.6403258448649127,True,,,,,,,,,True,True,True,True,True,True,True,True,True,True,True,0.0,0.38339999999999996
low,2023-02-20,2023,False,0.3250966608084359,True,True,False,True,False,True,False,3,4,Лондон 08–13,Поздний 21–24,0.577539543057997,0.6344112478031635,False,False,3.2042699030795783,0.8486152903153905,1.0015476269446337,2.179467732596925,True,,,,,,,,,True,True,True,True,True,True,True,True,False,True,True,0.0,0.05300527240773261
low,2023-05-29,2023,False,0.26697674418604694,False,True,False,True,False,True,False,5,5,Лондон 08–13,,0.5247674418604651,0.7589534883720929,False,False,2.138181662483064,0.7618074341248372,1.3111858454649143,2.0783916914953395,False,False,True,False,False,False,True,0.7703488372093024,2.8541666666666665,,,,,,,,,,,,,
low,2023-10-02,2023,False,0.21788990825688073,False,True,False,True,False,False,False,0,3,Нью-Йорк 13–21,,0.654633027522936,0.32119266055045864,False,False,6.016440165869538,0.3684041380999022,0.9965161056348629,1.2445378127113143,True,True,False,False,False,False,True,0.10550458715596331,3.0729166666666665,,,,,,,,,,,,,
low,2024-10-28,2024,False,0.06325602896987471,True,True,False,True,False,False,False,0,0,Поздний 21–24,Азия 00–08,0.8072013765826855,0.1968821429488658,False,False,-5.612317885780987,0.21157387580299775,1.9876233960052605,1.0157116858912338,True,,,,,,,,,True,True,True,True,True,True,True,True,True,True,True,0.0,0.02185581837327021
low,2024-12-23,2025,False,0.19802176259170887,False,False,True,False,False,True,True,0,0,Нью-Йорк 13–21,Лондон 08–13,0.3289141476648287,0.25293319735838976,True,False,-2.443666034291011,0.5849879128524168,0.8036385374073391,2.402377065702094,False,True,True,True,False,False,False,1.009722868543253,14.083333333333334,,,,,,,,,,,,,
low,2025-01-20,2025,False,0.26244698727694615,False,False,True,False,False,False,False,6,6,Поздний 21–24,,0.5033368008322001,0.528926942466192,True,False,-2.031516703243114,0.5516293875344722,0.8529116833467164,1.6687827769647077,False,False,True,True,False,False,False,1.328318796511163,25.28125,,,,,,,,,,,,,
low,2025-02-10,2025,False,0.0121432401835191,False,False,False,False,False,True,True,4,4,Азия 00–08,,0.3012333909312992,0.6909491747601738,True,False,-19.586306151820427,0.26893289979308316,1.1183510473251888,2.1306833674010055,False,False,False,False,False,False,False,0.39050229398796404,8.03125,,,,,,,,,,,,,
low,2025-03-17,2025,False,0.5424105470798275,False,False,False,False,False,False,False,3,6,Поздний 21–24,,0.4957676845863818,0.6304776648605461,True,False,-29.098872180451124,0.05661529847422472,0.945772161786402,1.9582224200567235,False,False,True,False,False,False,False,0.9201228495093515,2.0520833333333335,,,,,,,,,,,,,
low,2025-08-25,2025,False,0.26513083872692633,False,False,False,False,True,True,False,0,3,Нью-Йорк 13–21,,0.6035959762496239,0.36715051188075787,False,False,23.423919079832725,0.9498134970492518,0.5443255347623507,2.1657174538284916,False,True,True,False,False,False,False,0.735236779662905,11.885416666666666,,,,,,,,,,,,,
low,2025-09-15,2025,False,0.9188640973630832,False,False,True,False,False,True,False,0,3,Нью-Йорк 13–21,,0.5353346855983774,0.3407910750507104,False,False,2.9378212612902828,0.9004748619766234,1.0483041271995814,2.1657174538284916,False,True,True,True,True,False,False,1.7748478701825559,11.885416666666666,,,,,,,,,,,,,
low,2025-10-13,2025,False,0.2548005908419498,False,False,False,False,False,True,True,1,1,Поздний 21–24,,0.45940177252584913,0.4287961595273265,False,False,-9.82203389830509,0.7640204869297945,0.6983114671513725,2.2553067116112184,False,False,True,False,False,False,False,0.5760709010339734,11.510416666666666,,,,,,,,,,,,,
low,2025-10-20,2025,False,0.9903059337974057,False,False,True,False,False,True,True,0,1,Поздний 21–24,,0.7603491793000349,0.7802999855312446,True,True,-10.407809120393608,0.7145269628681702,0.8421836177714378,2.2553067116112184,False,False,True,True,True,False,False,1.6896291175666776,11.510416666666666,,,,,,,,,,,,,
low,2026-02-16,2026,False,0.38457302442670016,True,True,False,True,False,True,True,0,1,Нью-Йорк 13–21,Азия 00–08,0.522243637650946,0.24875113086575154,False,True,-40.12769703634431,0.07122126860459703,1.1866977120346707,0.8052417060016395,True,,,,,,,,,True,True,True,True,True,True,True,True,False,True,True,0.0,0.08877787829917766
low,2026-04-20,2026,False,0.3092127997788375,False,False,True,False,True,False,False,5,6,Поздний 21–24,,0.5691478332987758,0.6698458773930475,True,False,10.198017390457165,0.20905211801444581,0.7060186988397947,0.6675845448684388,False,False,True,True,True,True,False,2.318335752298016,19.208333333333332,,,,,,,,,,,,,
low,2026-09-28,2026,True,0.40802213001383125,False,False,False,False,True,False,True,2,2,Нью-Йорк 13–21,,0.8022130013831259,0.5515905947441208,True,False,11.252509780381278,0.9083765615887535,0.5925317505361093,0.09777265536535618,,,,,,,,,,,,,,,,,,,,,,
high,2020-01-20,2020,False,0.3793288590604026,False,False,True,False,False,True,True,3,6,Лондон 08–13,,0.4265771812080541,0.31328859060402653,False,False,,0.23294292619446,0.6112597537182798,1.5469839425574512,False,False,True,True,True,True,False,2.937718120805369,12.0,,,,,,,,,,,,,
high,2020-03-23,2020,False,0.4466425718090163,False,False,True,False,False,True,False,0,1,Азия 00–08,,0.4649039376070001,0.5379494007989347,False,True,55.492044999453896,0.8407672655693764,1.1375622563294887,2.4839113613012995,False,False,True,True,False,False,False,1.4232451968803497,17.25,,,,,,,,,,,,,
high,2020-06-29,2020,False,2.0262423227247357,False,False,True,False,False,True,True,2,6,Лондон 08–13,,0.325795644891122,0.6085985482970404,False,False,2.846037572878429,0.41060434727980905,2.1561655897704837,3.696919946436185,False,False,True,True,True,True,False,5.5720268006700175,21.666666666666668,,,,,,,,,,,,,
high,2020-07-13,2020,False,3.301221166892807,False,False,True,False,False,True,False,2,6,Лондон 08–13,,0.7109905020352777,0.4436906377204883,True,False,-4.699896516040016,0.3358043305272857,2.4883901974820057,3.696919946436185,False,False,True,True,True,True,False,9.045680687471727,21.666666666666668,,,,,,,,,,,,,
high,2020-08-03,2020,False,0.23323890462700675,False,False,False,False,False,False,True,3,4,Нью-Йорк 13–21,,0.4001201819898705,0.239934758348356,False,False,-63.81090461754756,0.13654041763896366,0.7147395637822739,1.1978156063768528,False,True,True,False,False,False,False,0.6080350244656193,15.927083333333334,,,,,,,,,,,,,
high,2020-09-28,2020,False,0.023133867982726722,False,False,True,False,False,True,False,5,5,Азия 00–08,,0.5618445404071564,0.3851017890191237,True,False,16.71133275850016,0.36103888995320077,0.6126003849485971,0.921637159792173,False,False,True,True,False,False,False,1.4272054287476874,26.072916666666668,,,,,,,,,,,,,
high,2020-10-26,2020,False,0.8392982456140357,False,False,True,False,False,True,False,3,5,Азия 00–08,,0.6692982456140357,0.4399999999999997,True,False,-13.637381085618358,0.26505640175897016,1.8554890405863282,2.399192277486978,False,False,True,True,True,True,False,3.8028070175438593,22.458333333333332,,,,,,,,,,,,,
high,2021-01-11,2021,False,0.19237722205483548,False,False,True,False,True,False,True,1,1,Лондон 08–13,Лондон 08–13,0.8212241208625659,0.2602978521930014,True,False,-112.88521094582933,0.08596931064525883,0.7632453599720911,1.4513589625873797,False,False,True,True,False,False,False,1.4921447940429557,26.166666666666668,,,,,,,,,,,,,
high,2021-03-01,2021,False,0.01587424500542047,False,False,False,False,False,True,True,5,5,Нью-Йорк 13–21,,0.5045531980796037,0.32719529193123736,False,False,-8.121877665407586,0.36091897233201586,0.8045331590042719,0.9497187928713892,False,False,False,False,False,False,False,0.4234783955397244,26.177083333333332,,,,,,,,,,,,,
high,2022-06-20,2022,False,0.36479689180282404,False,False,False,False,False,False,True,0,6,Поздний 21–24,,0.41280743747181464,0.4464044125299197,False,False,44.78295139109873,0.9237285807178378,0.8815737947748419,1.1758811674810639,False,False,True,False,False,False,False,0.9980573767648387,20.322916666666668,,,,,,,,,,,,,
high,2022-08-01,2022,False,0.5715948777648429,False,False,False,False,False,True,True,0,6,Азия 00–08,,0.4498253783469151,0.19848661233993015,False,False,-56.218456094608435,0.7040703785400227,1.017107236549737,0.8711643994345621,False,True,True,False,False,False,False,0.5318742724097789,0.125,,,,,,,,,,,,,
high,2022-11-14,2023,False,0.06877025667771873,False,False,False,False,False,True,True,5,5,Азия 00–08,,0.29877435458033774,0.8688112357039082,True,False,6.490183912800362,0.7292797169103418,0.49040501149993143,2.536116784606426,False,False,False,False,False,False,False,0.20303244793800995,17.760416666666668,,,,,,,,,,,,,
high,2022-12-05,2022,False,0.2544549588300361,True,True,False,True,False,True,False,1,2,Нью-Йорк 13–21,Азия 00–08,0.5404940395723241,0.3106796116504851,True,False,18.41242296257545,0.6520886141879927,1.0013157389178293,1.3107221536157023,True,,,,,,,,,True,True,True,True,True,True,False,False,False,False,False,0.0,0.07625660562860916
high,2022-12-26,2023,False,0.6088705294053701,False,False,True,False,False,True,True,2,6,Поздний 21–24,,0.6138710729427115,0.43515599521687115,True,False,-2.0699596064562664,0.7845797101449276,0.8903703363973589,0.8269672386130476,False,False,True,True,True,True,False,5.18545494075443,24.760416666666668,,,,,,,,,,,,,
high,2023-01-23,2023,False,0.19069690448601195,True,True,False,True,False,True,False,3,3,Нью-Йорк 13–21,Поздний 21–24,0.8352921701705022,0.20289135352866514,False,False,-33.67762488094848,0.4191018501136766,0.9213640121087985,1.4037696027294784,True,,,,,,,,,True,True,True,True,True,True,False,True,False,False,False,0.0,0.3863598741930143
high,2023-05-15,2023,False,0.2835850425377562,False,True,False,True,False,False,True,6,6,Поздний 21–24,,0.5144100771615112,0.5481105322165788,False,False,15.10039705583805,0.3237078672597665,0.7380100961240436,1.065383010356358,True,False,False,False,False,False,True,0.3395106509265975,25.666666666666668,,,,,,,,,,,,,
high,2023-11-13,2023,False,0.2748531951640766,False,False,True,False,False,True,False,5,6,Поздний 21–24,,0.7467702936096721,0.4391709844559581,True,False,-31.39059239043185,0.14455745509629953,0.7824925171264365,0.8121213651156876,False,False,True,True,False,False,False,1.09126079447323,24.020833333333332,,,,,,,,,,,,,
high,2023-12-18,2023,False,0.4080545229244114,True,True,True,True,True,True,False,2,3,Азия 00–08,Азия 00–08,0.9475010326311439,0.3771168938455193,False,False,-9.21608379793883,0.22918784222433553,1.0078244511766654,1.6179621926193428,True,,,,,,,,,True,True,True,True,True,True,False,False,False,False,False,0.0,0.6222222222222219
high,2024-01-15,2024,False,0.32303502506943715,False,False,True,False,False,True,False,2,6,Поздний 21–24,,0.35755509865454677,0.4741009270280992,True,False,-12.576833657122851,0.2000684468274079,0.6703344198882484,1.0944388198407062,False,False,True,True,True,True,False,2.486653681059049,22.010416666666668,,,,,,,,,,,,,
high,2024-01-29,2024,False,0.24331014182499255,False,False,True,False,False,True,False,4,6,Лондон 08–13,,0.5379983944340384,0.5947283917580952,False,False,1.2194320993059926,0.3779976043610407,0.8529152428757467,0.7886152414011335,False,False,True,True,True,True,False,5.1407211667112644,25.645833333333332,,,,,,,,,,,,,
high,2024-04-15,2024,False,0.23056055949984103,False,False,False,False,False,False,False,1,3,Лондон 08–13,,0.4407968634099816,0.6247536293313554,True,False,13.540755527160753,0.36938006907221343,1.2869342767077365,3.8256457028167032,False,False,False,False,False,False,False,0.2592879092932077,0.65625,,,,,,,,,,,,,
high,2024-05-06,2024,False,1.4127370986542334,False,False,True,False,False,True,False,0,3,Лондон 08–13,,0.7310585991310795,0.759902511391332,True,False,9.280987502857359,0.4284557979844701,1.8140626005432547,3.8256457028167032,False,False,True,True,False,False,False,1.4701917982409667,0.65625,,,,,,,,,,,,,
high,2024-07-08,2024,False,0.032699955810870936,False,True,False,True,False,True,True,4,6,Поздний 21–24,,0.6178192664604504,0.3874834290764472,False,False,20.96815520259355,0.6043833830778861,0.8886806622891884,0.8069352300140171,False,True,False,False,False,False,True,0.052709346000883894,0.03125,,,,,,,,,,,,,
high,2024-09-09,2024,False,0.1660112427320332,False,False,False,False,False,True,False,4,6,Азия 00–08,,0.4645467924437267,0.6022823228545924,False,False,10.128980486563725,0.907436677002376,0.9314760713231148,0.842599526664111,False,False,False,False,False,False,False,0.4707713093198876,27.947916666666668,,,,,,,,,,,,,
high,2024-10-07,2024,False,0.2729194857916103,False,False,True,False,False,True,False,1,6,Поздний 21–24,,0.5379172304916555,0.5497857465042854,False,False,-6.223294670040818,0.8250695931477516,0.933153541612453,0.816529734477543,False,True,True,True,True,True,False,2.2163678394226447,22.375,,,,,,,,,,,,,
high,2025-05-19,2025,False,0.11798122065727751,True,True,False,True,True,True,False,3,3,Азия 00–08,Азия 00–08,0.9091784037558694,0.4426995305164312,False,False,-57.38326946349335,0.5917153034310471,0.7439406622980359,1.100064407773976,False,,,,,,,,,True,True,True,True,True,True,False,False,False,False,True,0.21154929577464762,0.8007276995305167
high,2025-06-23,2025,False,0.6343585237258345,False,False,True,False,False,True,True,2,4,Лондон 08–13,,0.5929701230228465,0.31766256590509667,False,False,12.693968306255229,0.643122849831376,0.905215257876073,1.7713603761580716,False,False,True,True,True,True,False,2.9033216168717044,27.03125,,,,,,,,,,,,,
high,2025-11-24,2025,False,0.026607207983820474,True,False,False,False,False,False,True,3,3,Азия 00–08,Нью-Йорк 13–21,0.5596962965418919,0.38659195650011585,False,False,32.615960561740174,0.7577063727091654,0.7637470932522283,1.018382157400851,False,,,,,,,,,True,True,False,True,False,True,False,True,False,False,False,0.3429097178475514,0.6431815921222773
high,2025-12-22,2026,False,0.3242333490087368,False,True,False,True,False,True,False,0,1,Нью-Йорк 13–21,Нью-Йорк 13–21,0.4733311882780974,0.5628294928594411,True,False,-7.13706783588564,0.706347945976771,0.8332033382715617,1.602250443427021,False,False,True,False,False,False,True,0.5612702027077194,2.6875,,,,,,,,,,,,,
high,2026-03-30,2026,False,0.49277231854915043,False,False,True,False,False,True,True,1,5,Нью-Йорк 13–21,,0.7151800280760316,0.3443487498577234,False,False,-2.314592715248875,0.9180180120477935,1.012516490684967,0.6767995697437144,False,False,True,True,False,False,False,1.0006829305307883,4.6875,,,,,,,,,,,,,
high,2026-08-03,2026,False,3.5157072928929907,False,False,True,False,False,True,True,2,4,Поздний 21–24,,0.7176404981721288,0.44878864861515594,False,False,-5.56280706078753,0.6034719763397415,1.8588126673399628,3.718682694699273,False,False,True,True,True,True,False,4.36210421959229,28.0,,,,,,,,,,,,,
high,2026-08-10,2026,False,5.235710585391128,False,False,True,False,False,True,True,2,4,Поздний 21–24,,0.6845104472457263,0.5852184424106373,True,True,-5.739456897315487,0.577229083789807,2.677130516243746,3.718682694699273,False,False,True,True,True,True,False,6.415126921084445,28.0,,,,,,,,,,,,,
