set,side,conf,n,fired,H,reachH,mid,E1,E1mid,wk,kind
std,both,CHoCH D1: закрытие выше свинг-хая,5,8.928571428571429,80.0,80.0,80.0,0.0,0.0,100.0,rev
std,both,CHoCH H1: закрытие выше свинг-хая,56,100.0,14.285714285714285,30.357142857142854,28.57142857142857,48.214285714285715,39.285714285714285,44.642857142857146,rev
std,both,CHoCH H4: закрытие выше свинг-хая,42,75.0,28.57142857142857,40.476190476190474,52.38095238095239,35.714285714285715,23.809523809523807,59.523809523809526,rev
std,both,CHoCH M15: закрытие выше свинг-хая,56,100.0,10.714285714285714,30.357142857142854,21.428571428571427,48.214285714285715,39.285714285714285,44.642857142857146,rev
std,both,Без подтверждения: лимит на L,56,100.0,30.357142857142854,30.357142857142854,50.0,48.214285714285715,39.285714285714285,44.642857142857146,rev
std,both,Без подтверждения: шорт пробоя на L,56,100.0,30.357142857142854,30.357142857142854,50.0,48.214285714285715,39.285714285714285,44.642857142857146,cont
std,both,Принятие: закрытие D1 ниже L,46,82.14285714285714,15.217391304347828,23.91304347826087,19.565217391304348,54.347826086956516,45.65217391304348,30.434782608695656,cont
std,both,Принятие: закрытие H1 ниже L,52,92.85714285714286,3.8461538461538463,28.846153846153843,5.769230769230769,51.92307692307693,42.30769230769231,34.61538461538461,cont
std,both,Принятие: закрытие H4 ниже L,49,87.5,2.0408163265306123,24.489795918367346,2.0408163265306123,53.06122448979592,44.89795918367347,30.612244897959183,cont
std,both,Принятие: закрытие M15 ниже L,55,98.21428571428571,3.6363636363636362,30.909090909090907,3.6363636363636362,49.09090909090909,40.0,40.0,cont
std,both,Реклейм: закрытие D1 обратно выше L,33,58.92857142857143,30.303030303030305,48.484848484848484,48.484848484848484,27.27272727272727,15.151515151515152,69.6969696969697,rev
std,both,Реклейм: закрытие H1 обратно выше L,45,80.35714285714286,11.11111111111111,37.77777777777778,24.444444444444443,37.77777777777778,26.666666666666668,55.55555555555556,rev
std,both,Реклейм: закрытие H4 обратно выше L,39,69.64285714285714,15.384615384615385,43.58974358974359,30.76923076923077,28.205128205128204,17.94871794871795,64.1025641025641,rev
std,both,Реклейм: закрытие M15 обратно выше L,47,83.92857142857143,6.382978723404255,36.17021276595745,17.02127659574468,38.297872340425535,27.659574468085108,53.191489361702125,rev
std,low,CHoCH D1: закрытие выше свинг-хая,3,12.5,100.0,100.0,100.0,0.0,0.0,100.0,rev
std,low,CHoCH H1: закрытие выше свинг-хая,24,100.0,20.833333333333336,41.66666666666667,37.5,37.5,29.166666666666668,62.5,rev
std,low,CHoCH H4: закрытие выше свинг-хая,21,87.5,33.33333333333333,47.61904761904761,52.38095238095239,33.33333333333333,23.809523809523807,71.42857142857143,rev
std,low,CHoCH M15: закрытие выше свинг-хая,24,100.0,16.666666666666664,41.66666666666667,25.0,37.5,29.166666666666668,62.5,rev
std,low,Без подтверждения: лимит на L,24,100.0,41.66666666666667,41.66666666666667,58.333333333333336,37.5,29.166666666666668,62.5,rev
std,low,Без подтверждения: шорт пробоя на L,24,100.0,41.66666666666667,41.66666666666667,58.333333333333336,37.5,29.166666666666668,62.5,cont
std,low,Принятие: закрытие D1 ниже L,18,75.0,27.77777777777778,38.88888888888889,33.33333333333333,38.88888888888889,33.33333333333333,44.44444444444444,cont
std,low,Принятие: закрытие H1 ниже L,21,87.5,0.0,38.095238095238095,0.0,42.857142857142854,33.33333333333333,52.38095238095239,cont
std,low,Принятие: закрытие H4 ниже L,20,83.33333333333334,0.0,35.0,0.0,40.0,35.0,45.0,cont
std,low,Принятие: закрытие M15 ниже L,23,95.83333333333334,4.3478260869565215,43.47826086956522,4.3478260869565215,39.130434782608695,30.434782608695656,56.52173913043478,cont
std,low,Реклейм: закрытие D1 обратно выше L,16,66.66666666666666,37.5,56.25,50.0,25.0,18.75,87.5,rev
std,low,Реклейм: закрытие H1 обратно выше L,23,95.83333333333334,17.391304347826086,43.47826086956522,26.08695652173913,34.78260869565217,26.08695652173913,65.21739130434783,rev
std,low,Реклейм: закрытие H4 обратно выше L,20,83.33333333333334,20.0,50.0,30.0,25.0,20.0,75.0,rev
std,low,Реклейм: закрытие M15 обратно выше L,23,95.83333333333334,8.695652173913043,43.47826086956522,13.043478260869565,34.78260869565217,26.08695652173913,65.21739130434783,rev
last,both,Инверсия последнего D1 FVG перед экстремумом,14,25.0,50.0,64.28571428571429,71.42857142857143,21.428571428571427,14.285714285714285,85.71428571428571,rev
last,both,Инверсия последнего H1 FVG перед экстремумом,54,96.42857142857143,18.51851851851852,29.629629629629626,35.18518518518518,50.0,40.74074074074074,44.44444444444444,rev
last,both,Инверсия последнего H4 FVG перед экстремумом,45,80.35714285714286,24.444444444444443,31.11111111111111,44.44444444444444,42.22222222222222,31.11111111111111,55.55555555555556,rev
last,low,Инверсия последнего D1 FVG перед экстремумом,8,33.33333333333333,62.5,62.5,75.0,25.0,12.5,87.5,rev
last,low,Инверсия последнего H1 FVG перед экстремумом,23,95.83333333333334,26.08695652173913,39.130434782608695,43.47826086956522,39.130434782608695,30.434782608695656,65.21739130434783,rev
last,low,Инверсия последнего H4 FVG перед экстремумом,20,83.33333333333334,35.0,40.0,55.00000000000001,30.0,20.0,75.0,rev
ib,both,Инверсия D1 FVG на уровне/выше лоя инсайда,12,21.428571428571427,58.333333333333336,66.66666666666666,83.33333333333334,25.0,16.666666666666664,91.66666666666666,rev
ib,both,Инверсия H1 FVG на уровне/выше лоя инсайда,18,32.142857142857146,55.55555555555556,61.111111111111114,77.77777777777779,33.33333333333333,16.666666666666664,83.33333333333334,rev
ib,both,Инверсия H4 FVG на уровне/выше лоя инсайда,16,28.57142857142857,62.5,68.75,81.25,31.25,12.5,87.5,rev
ib,low,Инверсия D1 FVG на уровне/выше лоя инсайда,7,29.166666666666668,71.42857142857143,71.42857142857143,85.71428571428571,28.57142857142857,14.285714285714285,100.0,rev
ib,low,Инверсия H1 FVG на уровне/выше лоя инсайда,9,37.5,66.66666666666666,66.66666666666666,77.77777777777779,33.33333333333333,22.22222222222222,100.0,rev
ib,low,Инверсия H4 FVG на уровне/выше лоя инсайда,9,37.5,66.66666666666666,66.66666666666666,77.77777777777779,33.33333333333333,22.22222222222222,100.0,rev
ib_inv,both,Инверсия D1 FVG на уровне/выше лоя инсайда,11,19.642857142857142,63.63636363636363,72.72727272727273,100.0,18.181818181818183,0.0,100.0,rev
ib_inv,both,Инверсия H1 FVG на уровне/выше лоя инсайда,15,26.785714285714285,60.0,66.66666666666666,86.66666666666667,26.666666666666668,6.666666666666667,86.66666666666667,rev
ib_inv,both,Инверсия H4 FVG на уровне/выше лоя инсайда,15,26.785714285714285,60.0,66.66666666666666,86.66666666666667,26.666666666666668,6.666666666666667,86.66666666666667,rev
ib_inv,low,Инверсия D1 FVG на уровне/выше лоя инсайда,6,25.0,83.33333333333334,83.33333333333334,100.0,16.666666666666664,0.0,100.0,rev
ib_inv,low,Инверсия H1 FVG на уровне/выше лоя инсайда,8,33.33333333333333,75.0,75.0,87.5,25.0,12.5,100.0,rev
ib_inv,low,Инверсия H4 FVG на уровне/выше лоя инсайда,8,33.33333333333333,75.0,75.0,87.5,25.0,12.5,100.0,rev
ib_inv_wk,both,Инверсия H4 FVG на уровне/выше лоя инсайда · вход на недельном закрытии,11,19.642857142857142,72.72727272727273,81.81818181818183,100.0,27.27272727272727,0.0,100.0,rev
ib_inv_wk,low,Инверсия H4 FVG на уровне/выше лоя инсайда · вход на недельном закрытии,6,25.0,83.33333333333334,83.33333333333334,100.0,16.666666666666664,0.0,100.0,rev
