sym,side,ib_week,yr,win,reach_H,depth_R,days_to_close,hours_ext_to_close,same_week,ib_ratio,mo_vs_avg,trend_up,mom4,wk_close_pos,wk_close_in_mother,wk_close_above_mid,took_10w_low,sweep_dow
ADAUSDT,low,2020-06-08,2020,True,True,0.05447276361819128,6.739583333333333,161.5,True,0.6546726636681659,1.852606240162948,,49.10296411856475,0.5915678524374178,0.39430284857571185,False,False,0
ADAUSDT,low,2020-09-07,2020,False,False,0.22366288492706649,6.65625,96.0,True,0.31998147719379516,1.664354527938343,True,-31.56985532282444,0.9450750640790918,0.3739291502662653,False,True,0
ADAUSDT,low,2020-09-14,2020,True,True,0.7604920405209834,6.65625,96.0,True,0.7619392185238782,0.4773912743099934,True,-26.443969063682744,0.9450750640790918,1.107091172214183,True,True,0
ADAUSDT,low,2022-07-04,2022,True,True,0.4193121693121694,6.041666666666667,107.5,True,0.6547619047619047,0.46280991735537186,False,-5.616830065359471,0.7162790697674422,0.19179894179894197,False,False,0
ADAUSDT,low,2022-11-14,2022,False,False,0.137218045112782,7.0,148.5,True,0.3327067669172931,1.6422287390029324,False,-13.768316284213439,0.6210526315789477,0.029135338345864584,False,True,0
ADAUSDT,low,2024-01-15,2024,True,True,0.10742187499999975,5.625,130.0,True,0.5045572916666669,1.3985249931712647,True,-15.009285834880986,0.7241962774957709,0.17122395833333365,False,False,1
ADAUSDT,low,2025-02-17,2025,True,True,0.4931588340273645,5.708333333333333,63.75,True,0.5746579417013683,0.6489345274861026,True,-19.227134306416048,0.9698826825424617,2.8019036287923855,True,False,1
ADAUSDT,low,2025-11-24,2025,False,False,0.15138023152270716,6.96875,152.5,True,0.3312555654496884,0.6774446522289919,False,-32.18089464197935,0.5469483568075121,0.2635796972395371,False,False,0
ADAUSDT,high,2020-05-11,2020,False,False,0.3310867733782676,6.90625,111.75,True,0.6402695871946132,0.8951059497775355,,-44.49140602986756,0.8829787234042554,0.22830665543386858,False,True,0
ADAUSDT,high,2021-03-01,2021,False,False,0.11855911835394803,4.885416666666667,111.5,True,0.46548742599214504,3.5613778705636747,False,-71.00837794513507,0.5500532076619034,0.30564511401606204,False,True,2
ADAUSDT,high,2021-03-22,2021,True,True,0.17863528629049027,4.885416666666667,111.5,True,0.5434945319971723,1.5893650206196468,False,9.303990252817542,0.5500532076619034,0.423177678905568,False,True,2
ADAUSDT,high,2021-11-01,2021,True,True,0.40481245576787034,5.697916666666667,129.5,True,0.5513092710544937,0.8988168440693779,False,7.5583786500936805,0.7324218749999997,0.39136588818117424,False,False,1
ADAUSDT,high,2024-06-24,2024,True,True,0.03654970760233926,4.989583333333333,119.5,True,0.6564327485380126,0.861569467187302,True,12.15853112404837,0.7149489322191276,1.0891812865497092,True,False,2
ADAUSDT,high,2026-02-09,2026,False,False,0.10059171597633157,4.166666666666667,98.5,True,0.6094674556213031,1.3145612943372726,True,24.98668087373468,0.6666666666666673,0.3727810650887582,False,False,2
ADAUSDT,high,2026-02-16,2026,True,True,0.22718446601941725,4.177083333333333,98.5,True,0.5203883495145629,0.746268656716418,True,19.864226682408493,0.6666666666666673,0.549514563106797,True,False,2
ADAUSDT,high,2026-03-09,2026,True,True,0.1631701631701637,6.760416666666667,115.0,True,0.7622377622377636,0.7278588394977927,True,4.083806818181822,0.9435146443514643,0.8881118881118895,True,False,0
ADAUSDT,high,2026-08-31,2026,False,False,0.07788944723618069,5.364583333333333,128.0,True,0.8994974874371858,1.0973256134546456,True,-14.976839938239827,0.8999999999999997,0.6457286432160804,True,False,1
BNBUSDT,low,2021-03-15,2021,True,True,0.06969859757003594,3.4895833333333335,83.75,True,0.43706209781577515,1.5639227575062604,True,-10.178251668565848,0.7809862510209633,0.45489250322890334,False,False,3
BNBUSDT,low,2021-11-22,2021,False,False,0.22516092919115602,8.78125,210.75,False,0.7327875734676745,1.4583375849472455,True,16.60882498760536,0.435657800143782,0.3723761544920238,False,False,5
BNBUSDT,low,2022-01-24,2022,False,False,0.07789810484863417,3.78125,88.5,True,0.40868816145705156,1.6399265403321828,False,-29.019984554820965,0.5250745844580198,0.14952005906965304,False,True,3
BNBUSDT,low,2022-11-14,2022,False,False,0.07776427703523688,6.916666666666667,148.5,True,0.22014151954828104,4.4230526049570065,False,-4.214267580604216,0.845528455284553,0.338503323565149,False,True,0
BNBUSDT,low,2023-02-06,2023,False,True,0.4959785522788202,6.65625,151.5,True,0.9276139410187656,1.0727638769053787,True,3.328921244209134,0.6314523184601922,0.27801608579088477,False,False,0
BNBUSDT,low,2024-12-09,2024,False,False,0.02892128279883403,2.5208333333333335,60.0,True,0.6416326530612243,2.711333849777876,True,16.242588733259012,0.2675799086757991,0.15900874635568502,False,False,4
BNBUSDT,low,2026-02-09,2026,False,False,0.006091226744734931,3.4375,82.5,True,0.2799131173859664,2.570020872773166,False,-34.046659233210406,0.5986525505293542,0.14075927849655276,False,True,3
BNBUSDT,low,2026-02-16,2026,True,True,0.17577597840755674,6.927083333333333,129.5,True,0.672402159244265,0.6182534964487966,False,-29.03892087742173,0.6447062470934745,0.5258097165991917,True,False,0
BNBUSDT,high,2020-10-19,2020,True,True,0.1608431995379736,5.427083333333333,127.75,True,0.8027721628645692,0.6665896710361683,False,-14.828940844425789,0.7764658795277164,0.9595726248917122,True,False,1
BNBUSDT,high,2021-03-01,2021,False,False,0.18228935156375012,12.072916666666666,249.75,False,0.5025692086126274,2.78900128929882,False,-251.94451361525728,0.35008760689348595,0.2767811105382004,False,False,1
BNBUSDT,high,2021-12-20,2022,True,True,0.0048467569493946105,6.177083333333333,148.25,True,0.69080541696365,0.6711762567213302,False,10.643969126111989,0.6226129130039411,0.5807555238774059,True,False,0
BNBUSDT,high,2022-06-27,2022,False,False,0.08644688644688622,2.9479166666666665,70.75,True,0.9076923076923077,0.7202406078514143,True,26.753637732062213,0.4182608695652176,0.2659340659340662,False,False,4
BNBUSDT,high,2023-09-25,2023,True,True,0.017464424320826757,6.645833333333333,159.5,True,0.8673997412677872,0.8598442714126812,True,-1.8381152320970366,0.7930769230769232,0.6494178525226401,True,False,0
BNBUSDT,high,2024-12-23,2025,True,True,0.06650062266500613,6.145833333333333,146.75,True,0.7739310917393109,1.4804390309853621,False,-5.764281254283238,0.733609958506224,0.37384806973848034,False,False,0
BNBUSDT,high,2024-12-30,2025,True,True,0.15822784810126575,6.322916666666667,146.75,True,0.3751340913966961,1.037472315893738,False,4.475360601204026,0.733609958506224,0.4107487663591498,False,False,0
BNBUSDT,high,2026-07-06,2026,False,False,0.04900920028308523,3.3333333333333335,78.25,True,0.583864118895965,0.8623214939582584,True,6.972147058346967,0.22691292875989463,0.08793347487615037,False,False,3
BTCUSDT,low,2021-05-31,2021,True,True,0.31641039236479324,6.010416666666667,128.75,True,0.7051961823966065,0.7330486389043605,False,-38.582679461673735,0.9547267280415174,0.7473024920466598,True,False,0
BTCUSDT,low,2022-08-29,2022,True,True,0.41694242223692946,5.291666666666667,117.75,True,0.43414956982131003,0.6612221231531671,False,-13.704797175389974,0.9813501211798776,0.9564444076770353,True,True,1
BTCUSDT,low,2022-11-14,2022,False,False,0.0034642857142856503,6.09375,146.25,True,0.24687500000000007,2.7939650355232684,False,-16.80972562331614,0.7218455188679233,0.17142857142857115,False,True,0
BTCUSDT,low,2023-09-04,2023,True,True,0.1484593837535014,6.416666666666667,148.0,True,0.3939075630252101,1.2465519047452773,False,-11.828302034936309,0.8122877122877127,0.42093837535014034,False,False,0
BTCUSDT,low,2024-12-23,2025,False,True,0.047383529470244316,6.395833333333333,152.75,True,0.46511165513042013,1.6888535372720532,True,-3.6653434788017547,0.9181610431509608,0.37700538082041934,False,False,0
BTCUSDT,low,2025-03-03,2025,False,False,0.08977657117209804,6.260416666666667,143.25,True,0.7903753735673077,1.7667343583792672,True,-16.318411675150067,0.6867350921907658,0.23762712235492495,False,True,0
BTCUSDT,low,2025-05-26,2025,False,False,0.17475581360186257,3.1979166666666665,75.25,True,0.772919249649722,1.206629181094719,True,12.048260536431002,0.8302137590998314,0.36667775459392976,False,False,3
BTCUSDT,low,2025-10-13,2025,False,False,0.10641908310383918,5.291666666666667,122.5,True,0.5038878989146283,3.396418987044034,True,-5.7279706625665545,0.48906294936644656,0.12773772881905093,False,True,1
BTCUSDT,low,2026-02-16,2026,True,True,0.4216780245203742,6.947916666666667,130.5,True,0.7106186751443997,0.7200009065309885,False,-21.950411467766525,0.4407223618917249,0.10528966461543314,False,False,0
BTCUSDT,high,2020-05-11,2020,False,False,0.1949766355140187,13.041666666666666,312.5,False,0.8405981308411216,1.2552217812652868,,-35.972593540628516,0.7038879407234725,0.3459766355140184,False,True,0
BTCUSDT,high,2020-08-03,2020,True,True,0.15508797469491928,6.447916666666667,152.0,True,0.4479610359267448,2.5975129400643056,False,-25.646484293100823,0.7586596790983162,0.22476680864829898,False,True,0
BTCUSDT,high,2021-03-15,2021,True,True,0.24019857594936714,5.65625,114.0,True,0.5858386075949367,1.1769295732419847,False,0.12567964857708894,0.5922599659482956,0.45964794303797446,False,True,1
BTCUSDT,high,2023-06-26,2023,False,False,0.012930706625085572,3.625,87.0,True,0.34228341066402984,2.1572617035590627,False,-12.951989491705529,0.7522245762711868,0.2571309043888341,False,True,3
BTCUSDT,high,2024-05-27,2024,True,True,0.0018292284575679566,9.479166666666666,227.5,False,0.6613804141895862,0.806477318977929,False,-5.9665874851534575,0.6903081059126152,0.8948846932775845,True,False,4
BTCUSDT,high,2025-08-04,2025,True,True,0.5945239889475014,6.927083333333333,95.5,True,0.8426902788244159,0.9613875278019944,False,-0.18229426999545523,0.9209276119498547,0.308741522230595,False,True,0
BTCUSDT,high,2025-10-20,2025,True,True,0.03763060601189496,6.71875,161.0,True,0.7363285645394626,1.3912541750484457,True,-2.12112779567533,0.5781124142944151,0.43538820125381816,False,False,0
BTCUSDT,high,2026-03-09,2026,True,True,0.2215589927486064,6.854166666666667,142.5,True,0.9191339181352914,1.0577405516224823,True,-5.788051496506384,0.9390037820873897,0.7053823719658192,True,False,0
DOGEUSDT,low,2022-09-26,2022,True,True,0.0678913738019172,3.5625,83.5,True,0.39616613418530605,1.0558272895935146,False,-6.281645569620266,0.5217965653896964,0.24760383386581714,False,True,3
DOGEUSDT,low,2023-05-15,2023,False,False,0.06506024096385774,3.9479166666666665,94.75,True,0.5602409638554287,0.6082368459621793,False,-8.459291248571066,0.914335664335666,0.5650602409638622,True,False,3
DOGEUSDT,low,2024-04-15,2024,False,False,0.04667526679957778,4.697916666666667,104.75,True,0.3540518353465462,2.043031363059156,True,-10.447338618346542,0.8136571769858649,0.4326257769438256,False,False,2
DOGEUSDT,low,2024-04-22,2024,True,True,0.6200728718118603,5.635416666666667,104.75,True,0.7634978469691981,0.6077014432657643,True,-33.44079186342172,0.8136571769858649,0.7336866512090121,True,False,1
DOGEUSDT,low,2025-12-22,2026,True,True,0.24325782092772383,4.3125,103.5,True,0.7993527508090607,0.4195994115650107,False,-15.09252912954078,0.8781869688385266,1.596008629989212,True,True,2
DOGEUSDT,low,2026-07-06,2026,False,True,0.14242424242424187,3.375,59.0,True,0.7454545454545451,0.7976152110860457,False,-18.197164078325446,0.8835274542429274,0.393939393939394,False,True,3
DOGEUSDT,high,2020-08-10,2020,True,True,0.24347826086963542,6.697916666666667,160.0,True,0.9449275362321576,,,-4.431314623338256,0.8123515439429927,0.7478260869567384,True,False,0
DOGEUSDT,high,2024-05-06,2024,True,True,0.09396774835755474,12.4375,192.0,False,0.6012343221182561,0.9396161472557895,False,12.878928196579606,0.8524251805985564,0.2602030658968749,False,False,1
DOGEUSDT,high,2025-01-06,2025,True,True,0.3839305103148752,2.6666666666666665,47.0,True,0.9146579804560259,0.9413039256768495,False,17.393336942079628,0.6030558650326279,0.4388707926167211,False,False,4
DOGEUSDT,high,2025-03-17,2025,True,True,0.6500915990578401,6.40625,110.0,True,0.43208584140277523,0.49658201855846823,True,28.90106720507643,0.9490338164251214,0.37817325307511274,False,False,0
DOGEUSDT,high,2025-08-04,2025,False,False,0.1213535589264881,4.666666666666667,92.75,True,0.853808968161362,1.3604717088105205,False,-17.809806984830928,0.5537941787941785,0.23387231205200884,False,False,2
DOGEUSDT,high,2026-03-09,2026,False,False,0.010146561443066495,5.895833333333333,141.25,True,0.735625704622322,0.7726480836236934,True,5.13595166163143,0.9343302990897271,0.7998872604284109,True,False,1
DOGEUSDT,high,2026-03-30,2026,False,False,0.41724479682854365,5.416666666666667,55.25,True,0.5540138751238848,0.5011174571641421,True,-3.6824969125407043,0.7982608695652184,0.49256689791873165,False,False,1
ETHUSDT,low,2020-06-08,2020,False,False,0.057424593967517125,6.739583333333333,161.5,True,0.744489559164733,0.9919447640966624,True,12.076547624800646,0.516427104722793,0.2343387470997684,False,False,0
ETHUSDT,low,2022-09-26,2022,True,True,0.2079207920792079,3.4791666666666665,83.5,True,0.7425742574257426,0.5691455491127528,False,-19.147857604521782,0.7738408221797327,0.43321782178217816,False,True,3
ETHUSDT,low,2022-10-03,2022,True,True,0.49333333333333335,3.5729166666666665,83.5,True,0.818733333333333,0.4524054397230072,False,-25.06501379595584,0.7738408221797327,0.3700666666666666,False,True,3
ETHUSDT,low,2023-02-20,2023,True,True,0.3250966608084359,10.145833333333334,229.5,False,0.577539543057997,1.7411047600396563,True,-0.3147654146943229,0.7653651097634497,1.1247451669595783,True,False,3
ETHUSDT,low,2024-10-28,2024,True,True,0.06325602896987471,6.114583333333333,146.25,True,0.8072013765826855,1.3051172986615984,False,0.7593992053371159,0.925146159682242,2.0663122479903437,True,False,0
ETHUSDT,low,2026-02-16,2026,True,True,0.38457302442670016,6.958333333333333,130.5,True,0.522243637650946,0.5782541151959169,False,-30.491317674720914,0.40279700522672696,0.1762183849270344,False,False,0
ETHUSDT,high,2022-12-05,2022,True,True,0.2544549588300361,5.4375,101.5,True,0.5404940395723241,0.7569091095132229,True,-3.411753141434173,0.8610415623435153,0.8021383802384169,True,False,1
ETHUSDT,high,2023-01-23,2023,True,True,0.19069690448601195,3.9791666666666665,77.75,True,0.8352921701705022,0.9403749461657005,False,-37.143738124604155,0.46829112577144055,0.2949842741268004,False,True,3
ETHUSDT,high,2023-12-18,2024,True,True,0.4080545229244114,4.354166666666667,95.5,True,0.9475010326311439,1.2633984949850223,False,-9.867262860274401,0.6204640740205297,0.30103263114415585,False,True,2
ETHUSDT,high,2025-05-19,2025,False,True,0.11798122065727751,3.90625,93.5,True,0.9091784037558694,1.1566940272773432,False,-42.44306533870329,0.7749475114239847,0.4711971830985916,False,True,3
ETHUSDT,high,2025-11-24,2025,False,False,0.3695169258313719,17.958333333333332,267.75,False,0.5596962965418919,0.9327677945999605,True,23.42706412620365,0.43655174120733614,0.3690195948410198,False,False,3
LINKUSDT,low,2020-07-20,2020,True,True,0.19575471698113217,6.427083333333333,153.0,True,0.5863207547169815,2.640099626400996,True,64.16374781085815,0.7775891341256363,0.6683962264150946,True,False,0
LINKUSDT,low,2020-10-26,2020,True,True,0.004696305572949459,4.40625,105.75,True,0.5369442705072011,0.7428943573521885,True,23.30811041244806,0.7422500000000003,0.924859110832812,True,False,2
LINKUSDT,low,2022-07-04,2022,True,True,0.13884892086330974,4.479166666666667,107.5,True,0.5949640287769785,0.624158060170633,False,-1.1813537675606616,0.646034816247582,0.3417266187050358,False,False,2
LINKUSDT,low,2023-05-15,2023,False,False,0.0780141843971627,4.427083333333333,94.75,True,0.6510638297872334,0.7202697180220676,False,-9.251412429378535,0.9471624266144828,0.6085106382978727,True,True,2
LINKUSDT,low,2024-12-23,2025,False,False,0.029905851947572278,5.270833333333333,110.25,True,0.4810780875023075,2.5559120505803525,True,10.620543966200174,0.8919229004130335,0.3288720694111134,False,False,1
LINKUSDT,low,2026-02-16,2026,True,True,0.06445837063563037,5.947916666666667,129.5,True,0.643688451208595,0.5497858935866521,False,-24.65919944429973,0.4022092267706302,0.4897045658012535,False,False,1
LINKUSDT,high,2020-02-17,2020,True,True,0.04280397022332502,4.416666666666667,105.5,True,0.6296526054590568,,,-64.50485436893202,0.7862796833773085,0.5117866004962779,True,True,2
LINKUSDT,high,2023-01-30,2023,True,True,0.2761627906976746,3.6666666666666665,87.25,True,0.807170542635659,1.0160480456827803,False,-17.141898691714193,0.8858885017421602,0.7093023255813955,True,True,3
LINKUSDT,high,2024-01-08,2024,False,False,0.119373290226312,4.572916666666667,40.0,True,0.7905993533946782,1.4181920784396709,False,-5.231273608438458,0.4911912751677849,0.17184779905496123,False,False,2
LINKUSDT,high,2026-02-09,2026,False,False,0.018231854145167127,6.104166666666667,146.0,True,0.38424492604059207,1.5559599636032755,True,33.99248120300752,0.9230769230769232,0.4606123151014789,False,False,0
LINKUSDT,high,2026-03-09,2026,True,True,0.36151368760064373,6.854166666666667,146.0,True,0.8808373590982276,0.7488694603557436,True,-8.087481489919135,0.9230769230769232,0.7592592592592584,True,False,0
LTCUSDT,low,2020-09-07,2020,False,False,0.18261316872428004,13.552083333333334,321.5,False,0.31841563786008215,2.2628331975323017,False,-24.72664792252421,0.662288930581614,0.08436213991769549,False,False,0
LTCUSDT,low,2022-01-24,2022,False,False,0.08379597501734928,3.78125,85.75,True,0.33258154059680783,1.2468094311053426,False,-28.273671673393764,0.7707253886010362,0.22588480222068005,False,True,3
LTCUSDT,low,2022-09-26,2022,True,True,0.28428093645485014,3.5729166666666665,83.25,True,0.7892976588628765,0.582732410836094,False,-14.935918501478799,0.505654281098546,0.2391304347826088,False,True,3
LTCUSDT,low,2023-11-13,2023,True,True,0.23681489141675197,19.25,457.25,False,0.9100310237849013,1.4296274393849793,False,8.201747662118649,0.7154566744730674,1.0320579110651502,True,False,1
LTCUSDT,low,2024-08-19,2024,True,True,0.021158129175946287,5.072916666666667,121.75,True,0.6636971046770591,0.8337975858867228,False,-8.852920478536232,0.6144578313253009,0.4899777282850776,False,False,1
LTCUSDT,low,2026-02-16,2026,True,True,0.15343915343915293,6.927083333333333,130.5,True,0.8059964726631391,0.5647410358565739,False,-20.54407611119369,0.34870641169853783,0.3932980599647272,False,False,0
LTCUSDT,low,2026-06-08,2026,False,False,0.1035653650254668,4.302083333333333,82.25,True,0.35653650254668956,2.902192658290218,False,-16.782831988261197,0.49237804878048713,0.17062818336162971,False,True,2
LTCUSDT,low,2026-08-03,2026,True,True,0.049295774647887466,2.2083333333333335,52.75,True,0.5821596244131441,0.8981657179000643,False,3.319690768531153,0.3151260504201677,0.12676056338028133,False,False,4
LTCUSDT,high,2022-11-28,2022,False,False,0.0038865137971237584,6.739583333333333,161.75,True,0.40458608628060666,2.517366206829078,False,-12.978442586889585,0.7834862385321103,0.32802176447726433,False,True,0
LTCUSDT,high,2023-02-06,2023,True,True,0.21331521739130438,4.0625,79.0,True,0.8539402173913048,1.1461496535077476,False,-5.6946826758147555,0.4743661971830987,0.3586956521739131,False,True,2
LTCUSDT,high,2024-03-04,2024,False,False,0.4286269933877866,6.59375,146.0,True,0.866977829638273,2.9534750143595643,False,-22.278127183787557,0.790688420214883,0.3442240373395568,False,True,0
LTCUSDT,high,2024-05-06,2024,True,True,0.3638814016172501,6.1875,143.5,True,0.4411500449236304,0.5914549899032846,False,-2.1460843373493894,0.572718154463391,0.14914645103324434,False,False,0
LTCUSDT,high,2024-07-08,2024,True,True,0.028831562974203712,6.572916666666667,157.5,True,0.5801719777440566,2.5136681500317857,True,11.499493414387029,0.864376130198915,0.6965098634294383,True,False,0
LTCUSDT,high,2025-06-23,2025,False,False,0.26348709929632436,3.7916666666666665,86.25,True,0.7060203283815467,0.9830143724540777,True,0.4979628791308258,0.4994974874371857,0.12509773260359716,False,False,3
LTCUSDT,high,2025-10-20,2025,True,True,0.3323581041544758,6.354166666666667,137.0,True,0.6535985956699825,0.8212397885631908,True,6.431379891406095,0.45705705705705685,0.11293153891164462,False,False,0
LTCUSDT,high,2026-03-02,2026,False,False,0.024746906636670285,6.104166666666667,141.5,True,0.6512935883014622,1.0007880220646175,True,3.5963302752293593,0.9243156199677941,0.6209223847019125,True,False,0
LTCUSDT,high,2026-03-09,2026,True,True,0.27633851468048387,6.6875,141.5,True,0.72538860103627,0.6510738783312715,True,-2.143505903723887,0.9243156199677941,0.7150259067357515,True,False,0
LTCUSDT,high,2026-04-20,2026,False,True,0.06289308176100565,4.583333333333333,110.0,True,0.5870020964360592,0.7629558541266798,True,-5.535747795083511,0.7159763313609461,0.44444444444444364,False,False,2
SOLUSDT,low,2021-05-03,2021,True,True,0.3386923675848572,6.166666666666667,78.5,True,0.8052019107342012,1.2040478669899697,True,58.71274056953124,0.6226900739176348,0.6540266408535172,True,False,0
SOLUSDT,low,2021-09-13,2021,False,False,0.16696376895474024,6.0,122.75,True,0.4745919666628083,4.737982285353881,True,110.11043045902812,0.5274334885924056,0.06504225026044681,False,False,1
SOLUSDT,low,2021-11-08,2021,False,False,0.1786651308632496,3.375,79.0,True,0.6181768733602101,1.3291712561506175,True,48.93974084633573,0.7386826825494536,0.5316439495744544,True,False,3
SOLUSDT,low,2024-01-08,2024,True,True,0.13545698124441835,6.197916666666667,131.5,True,0.6817505209883898,1.6774367527940628,True,32.337592733632334,0.8299785030291185,0.3702887764215538,False,False,0
SOLUSDT,low,2024-01-15,2024,True,True,0.268122270742358,6.21875,131.5,True,0.7262008733624455,1.001767310014174,True,-19.068854323049447,0.8299785030291185,0.47371179039301287,False,False,0
SOLUSDT,low,2024-12-23,2025,True,True,0.13947858472998098,6.510416666666667,153.5,True,0.47318435754189925,1.6450794662222612,True,-19.914789504766727,0.6631480178278207,1.439851024208566,True,False,0
SOLUSDT,low,2026-02-16,2026,True,True,0.06621160409556408,5.947916666666667,129.5,True,0.5522184300341303,0.7433529531154858,False,-30.321657123610645,0.48305084745762705,0.478498293515358,False,False,1
SOLUSDT,low,2026-04-20,2026,True,True,0.004273504273503424,4.229166666666667,101.5,True,0.6431623931623943,0.6238752249550088,False,6.798623063683305,0.3781388478581985,0.26923076923077033,False,False,2
SOLUSDT,low,2026-07-20,2026,True,True,0.4938488576449881,12.958333333333334,197.25,False,0.9683655536028108,0.49491171609985324,False,7.554309740714787,0.7254575707154752,0.5114235500878743,True,False,1
SOLUSDT,high,2020-11-09,2020,False,False,0.016635407322841047,1.2291666666666667,29.5,True,0.4110739623256952,,,7.9103939421256655,0.6926099158091676,0.28524830791812783,False,False,5
SOLUSDT,high,2025-03-17,2025,True,True,0.43179074446680027,6.875,129.5,True,0.5802816901408455,0.4907381808128285,True,20.89489990467111,0.9112093210124544,0.4808853118712273,False,False,0
SOLUSDT,high,2025-06-23,2025,False,False,0.04018264840182627,6.34375,152.25,True,0.7357686453576867,1.2570313396854553,True,2.797868290826035,0.5348988910632735,0.20943683409436814,False,False,0
SOLUSDT,high,2025-11-24,2025,True,True,0.08796296296296309,4.09375,95.0,True,0.6885521885521878,0.5739684993719201,True,28.920863309352523,0.6175482787573469,0.5311447811447813,True,False,2
SOLUSDT,high,2026-03-09,2026,True,True,0.25053686471009307,6.802083333333333,146.0,True,0.8503937007874012,0.7907845579078456,True,-7.190149843187359,0.9119746233148296,0.5726556907659269,True,False,0
XRPUSDT,low,2020-09-07,2020,False,False,0.13527851458885926,6.322916666666667,96.0,True,0.31830238726790444,1.7939566975969545,True,-20.70773263433815,0.8408304498269897,0.18700265251989392,False,False,0
XRPUSDT,low,2021-10-11,2021,True,True,0.32906360424028286,4.666666666666667,112.0,True,0.7672261484098951,0.8353627038594935,True,4.42621387007536,0.7886776145203105,0.47703180212014096,False,False,2
XRPUSDT,low,2021-10-18,2021,True,True,0.4835924006908449,4.666666666666667,112.0,True,0.6683937823834182,0.6287555201621667,True,14.809710590480222,0.7886776145203105,0.5670696603339086,True,False,2
XRPUSDT,low,2022-07-04,2022,True,True,0.08130081300813015,4.479166666666667,107.5,True,0.757723577235772,0.6417614525722632,False,-5.160349854227419,0.7011494252873565,0.613008130081301,True,False,2
XRPUSDT,low,2022-10-10,2022,False,False,0.14818101153504887,3.25,78.0,True,0.8686779059449868,1.5512732278045411,True,33.165548098434016,0.7589984350547734,0.2821650399290153,False,False,3
XRPUSDT,low,2022-11-14,2023,False,False,0.0841232227488151,6.958333333333333,167.0,True,0.45616113744075837,2.0179318589360435,False,-23.04245786217196,0.8242320819112632,0.20201421800947877,False,True,0
XRPUSDT,low,2023-06-19,2023,True,True,0.11665182546749789,4.1875,100.5,True,0.4995547640249335,1.9670695393238726,True,1.6390041493775973,0.7916666666666666,0.27248441674087304,False,False,2
XRPUSDT,low,2023-09-04,2023,False,False,0.4632237871674494,6.697916666666667,157.75,True,0.34428794992175304,0.48593155893536116,False,-20.55342290467051,0.6853281853281865,0.09233176838810668,False,False,0
XRPUSDT,low,2025-02-17,2025,True,True,0.7217137293086656,6.083333333333333,63.75,True,0.5754625121713722,0.7615530640090171,True,-14.749321147095843,0.9354747015349631,1.2009737098344697,True,False,0
XRPUSDT,low,2025-03-03,2025,False,False,0.05296570020845184,5.979166666666667,143.25,True,0.8396816372939172,1.728209074980759,True,-10.594336860596423,0.6864640883977902,0.32376350198976706,False,False,1
XRPUSDT,low,2025-08-11,2025,False,False,0.2483877678385681,5.291666666666667,59.5,True,0.781152485957978,1.0569713494140154,True,-10.671067106710678,0.7040138608143226,0.2587892656542543,False,False,1
XRPUSDT,high,2020-10-26,2020,False,False,0.062402496099844156,1.9375,46.25,True,0.4742589703588153,1.8056338028168981,False,3.3454252317613764,0.35049019607843085,0.16068642745709819,False,False,5
XRPUSDT,high,2021-02-15,2021,True,True,0.032202662086732295,6.760416666666667,162.25,True,0.5890940317732934,1.1584759251890169,False,-99.30631617378609,0.7888446215139442,0.9879776728209533,True,False,0
XRPUSDT,high,2021-08-16,2021,False,False,0.11527377521613803,6.604166666666667,146.25,True,0.478386167146974,3.542730166356376,False,-102.27572559366752,0.5735943197083093,0.39142227496185805,False,True,0
XRPUSDT,high,2022-10-24,2022,True,True,0.4053208137715192,9.625,216.0,False,0.6322378716744922,0.7786985132829627,False,-2.1419009370816595,0.8252369668246444,2.247261345852898,True,False,4
XRPUSDT,high,2024-07-22,2024,True,True,0.17617021276595804,5.5625,117.25,True,0.45276595744680914,1.6896750071901048,False,-26.260504201680675,0.9319587628865977,0.9778723404255318,True,True,1
XRPUSDT,high,2026-03-02,2026,False,False,0.5042391789379743,6.385416666666667,141.25,True,0.6755912539045071,0.7650030723014947,True,6.343100916147983,0.9431480695799742,0.48772869254796963,False,False,0
XRPUSDT,high,2026-03-09,2026,True,True,0.8870541611624847,6.854166666666667,141.25,True,0.8771466314398937,0.5201855351314202,True,1.757004273794182,0.9431480695799742,0.5812417437252306,True,False,0
XRPUSDT,high,2026-04-20,2026,True,True,0.20776495278069168,3.25,77.0,True,0.3651626442812164,0.9011394260318666,True,-7.768819229899779,0.784957627118644,0.5697796432318991,True,False,3
