sample,kind,conf,n,mid_before_newlow,H_before_newlow,reach_mid,reach_H,newlow,E1_before_mid,reach_E1,reach_E15,back_L,wk_close_inside
all,rev,Инверсия последнего D1 FVG перед экстремумом · верх FVG выше L,34,88.2,79.4,91.2,82.4,47.1,11.8,35.3,17.6,100.0,85.3
all,rev,Инверсия последнего D1 FVG перед экстремумом · верх FVG ниже L,23,39.1,21.7,39.1,21.7,30.4,30.4,30.4,21.7,87.0,26.1
all,rev,Инверсия последнего H1 FVG перед экстремумом · верх FVG выше L,13,84.6,61.5,92.3,61.5,84.6,15.4,61.5,53.8,100.0,76.9
all,rev,Инверсия последнего H1 FVG перед экстремумом · верх FVG ниже L,220,21.8,15.0,41.8,25.5,78.2,61.4,65.5,44.1,69.5,16.8
all,rev,Инверсия последнего H4 FVG перед экстремумом · верх FVG выше L,25,68.0,48.0,76.0,56.0,60.0,28.0,40.0,24.0,100.0,64.0
all,rev,Инверсия последнего H4 FVG перед экстремумом · верх FVG ниже L,167,27.5,17.4,41.9,24.0,70.1,54.5,59.3,40.7,71.3,17.4
low,rev,Инверсия последнего D1 FVG перед экстремумом · верх FVG выше L,15,86.7,86.7,86.7,86.7,46.7,13.3,33.3,0.0,100.0,80.0
low,rev,Инверсия последнего D1 FVG перед экстремумом · верх FVG ниже L,11,18.2,18.2,18.2,18.2,27.3,36.4,36.4,18.2,90.9,18.2
low,rev,Инверсия последнего H1 FVG перед экстремумом · верх FVG выше L,7,85.7,57.1,85.7,57.1,71.4,14.3,42.9,28.6,100.0,85.7
low,rev,Инверсия последнего H1 FVG перед экстремумом · верх FVG ниже L,78,32.1,23.1,39.7,29.5,65.4,44.9,51.3,24.4,80.8,23.1
low,rev,Инверсия последнего H4 FVG перед экстремумом · верх FVG выше L,15,86.7,60.0,86.7,60.0,46.7,6.7,20.0,6.7,100.0,86.7
low,rev,Инверсия последнего H4 FVG перед экстремумом · верх FVG ниже L,58,29.3,20.7,34.5,25.9,63.8,41.4,48.3,27.6,79.3,20.7
