sym,side,ib_week,conf,where,kind,t_entry,open
ADAUSDT,low,2020-09-14,Инверсия последнего H4 FVG перед экстремумом,верх FVG ниже L,rev,2020-09-24 16:00:00,False
ADAUSDT,low,2020-09-14,Инверсия последнего H1 FVG перед экстремумом,верх FVG ниже L,rev,2020-09-24 16:00:00,False
ADAUSDT,low,2020-09-14,Инверсия последнего D1 FVG перед экстремумом,верх FVG выше L,rev,2020-09-26 00:00:00,False
ADAUSDT,low,2021-07-05,Инверсия последнего H4 FVG перед экстремумом,верх FVG ниже L,rev,2021-07-18 04:00:00,False
ADAUSDT,low,2021-07-05,Инверсия последнего H1 FVG перед экстремумом,верх FVG ниже L,rev,2021-07-16 15:00:00,False
ADAUSDT,low,2021-07-05,Инверсия последнего D1 FVG перед экстремумом,верх FVG ниже L,rev,2021-07-22 00:00:00,False
ADAUSDT,low,2022-07-04,Инверсия последнего H4 FVG перед экстремумом,верх FVG выше L,rev,2022-07-15 20:00:00,False
ADAUSDT,low,2022-07-04,Инверсия последнего H1 FVG перед экстремумом,верх FVG ниже L,rev,2022-07-14 00:00:00,False
ADAUSDT,low,2022-07-04,Инверсия последнего D1 FVG перед экстремумом,верх FVG выше L,rev,2022-07-17 00:00:00,False
ADAUSDT,low,2022-09-26,Инверсия последнего H4 FVG перед экстремумом,верх FVG ниже L,rev,2022-10-13 16:00:00,False
ADAUSDT,low,2022-09-26,Инверсия последнего H1 FVG перед экстремумом,верх FVG ниже L,rev,2022-10-13 16:00:00,False
ADAUSDT,low,2022-10-31,Инверсия последнего H4 FVG перед экстремумом,верх FVG ниже L,rev,2022-11-10 08:00:00,False
ADAUSDT,low,2022-10-31,Инверсия последнего H1 FVG перед экстремумом,верх FVG ниже L,rev,2022-11-10 04:00:00,False
ADAUSDT,low,2023-02-20,Инверсия последнего H4 FVG перед экстремумом,верх FVG ниже L,rev,2023-03-11 00:00:00,False
ADAUSDT,low,2023-02-20,Инверсия последнего H1 FVG перед экстремумом,верх FVG ниже L,rev,2023-03-09 14:00:00,False
ADAUSDT,low,2023-07-24,Инверсия последнего H4 FVG перед экстремумом,верх FVG ниже L,rev,2023-08-08 12:00:00,False
ADAUSDT,low,2023-07-24,Инверсия последнего H1 FVG перед экстремумом,верх FVG ниже L,rev,2023-08-08 00:00:00,False
ADAUSDT,low,2025-01-20,Инверсия последнего H1 FVG перед экстремумом,верх FVG ниже L,rev,2025-02-03 16:00:00,False
ADAUSDT,low,2025-02-17,Инверсия последнего H4 FVG перед экстремумом,верх FVG ниже L,rev,2025-02-28 16:00:00,False
ADAUSDT,low,2025-02-17,Инверсия последнего H1 FVG перед экстремумом,верх FVG ниже L,rev,2025-03-01 02:00:00,False
ADAUSDT,low,2025-02-17,Инверсия последнего D1 FVG перед экстремумом,верх FVG выше L,rev,2025-03-03 00:00:00,False
ADAUSDT,low,2025-03-17,Инверсия последнего H4 FVG перед экстремумом,верх FVG ниже L,rev,2025-04-09 20:00:00,False
ADAUSDT,low,2025-03-17,Инверсия последнего H1 FVG перед экстремумом,верх FVG ниже L,rev,2025-04-07 15:00:00,False
ADAUSDT,low,2025-03-17,Инверсия последнего D1 FVG перед экстремумом,верх FVG ниже L,rev,2025-04-13 00:00:00,False
ADAUSDT,low,2025-09-15,Инверсия последнего H1 FVG перед экстремумом,верх FVG ниже L,rev,2025-09-26 18:00:00,False
ADAUSDT,low,2025-10-20,Инверсия последнего H4 FVG перед экстремумом,верх FVG ниже L,rev,2025-11-05 04:00:00,False
ADAUSDT,low,2025-10-20,Инверсия последнего H1 FVG перед экстремумом,верх FVG ниже L,rev,2025-11-05 03:00:00,False
ADAUSDT,high,2020-11-09,Инверсия последнего H4 FVG перед экстремумом,верх FVG ниже L,rev,2020-11-26 00:00:00,False
ADAUSDT,high,2020-11-09,Инверсия последнего H1 FVG перед экстремумом,верх FVG ниже L,rev,2020-11-22 06:00:00,False
ADAUSDT,high,2020-11-30,Инверсия последнего H4 FVG перед экстремумом,верх FVG ниже L,rev,2021-01-07 12:00:00,False
ADAUSDT,high,2020-11-30,Инверсия последнего H1 FVG перед экстремумом,верх FVG ниже L,rev,2021-01-04 08:00:00,False
ADAUSDT,high,2021-01-18,Инверсия последнего H4 FVG перед экстремумом,верх FVG ниже L,rev,2021-02-07 16:00:00,False
ADAUSDT,high,2021-01-18,Инверсия последнего H1 FVG перед экстремумом,верх FVG ниже L,rev,2021-02-05 14:00:00,False
ADAUSDT,high,2021-01-25,Инверсия последнего H4 FVG перед экстремумом,верх FVG ниже L,rev,2021-02-07 16:00:00,False
ADAUSDT,high,2021-01-25,Инверсия последнего H1 FVG перед экстремумом,верх FVG ниже L,rev,2021-02-02 17:00:00,False
ADAUSDT,high,2021-11-01,Инверсия последнего H4 FVG перед экстремумом,верх FVG ниже L,rev,2021-11-10 04:00:00,False
ADAUSDT,high,2021-11-01,Инверсия последнего H1 FVG перед экстремумом,верх FVG ниже L,rev,2021-11-09 16:00:00,False
ADAUSDT,high,2021-11-01,Инверсия последнего D1 FVG перед экстремумом,верх FVG выше L,rev,2021-11-16 00:00:00,False
ADAUSDT,high,2023-04-03,Инверсия последнего H4 FVG перед экстремумом,верх FVG ниже L,rev,2023-04-16 04:00:00,False
ADAUSDT,high,2023-04-03,Инверсия последнего H1 FVG перед экстремумом,верх FVG ниже L,rev,2023-04-14 13:00:00,False
ADAUSDT,high,2023-04-03,Инверсия последнего D1 FVG перед экстремумом,верх FVG ниже L,rev,2023-04-20 00:00:00,False
ADAUSDT,high,2023-06-26,Инверсия последнего H4 FVG перед экстремумом,верх FVG ниже L,rev,2023-07-17 12:00:00,False
ADAUSDT,high,2023-06-26,Инверсия последнего H1 FVG перед экстремумом,верх FVG ниже L,rev,2023-07-14 13:00:00,False
ADAUSDT,high,2023-11-20,Инверсия последнего H4 FVG перед экстремумом,верх FVG ниже L,rev,2023-12-07 12:00:00,False
ADAUSDT,high,2023-11-20,Инверсия последнего H1 FVG перед экстремумом,верх FVG ниже L,rev,2023-12-07 11:00:00,False
ADAUSDT,high,2024-08-12,Инверсия последнего H4 FVG перед экстремумом,верх FVG ниже L,rev,2024-08-25 08:00:00,False
ADAUSDT,high,2024-08-12,Инверсия последнего H1 FVG перед экстремумом,верх FVG ниже L,rev,2024-08-24 22:00:00,False
ADAUSDT,high,2024-08-12,Инверсия последнего D1 FVG перед экстремумом,верх FVG ниже L,rev,2024-08-27 00:00:00,False
ADAUSDT,high,2024-10-28,Инверсия последнего H4 FVG перед экстремумом,верх FVG ниже L,rev,2024-11-13 04:00:00,False
ADAUSDT,high,2024-10-28,Инверсия последнего H1 FVG перед экстремумом,верх FVG ниже L,rev,2024-11-08 08:00:00,False
ADAUSDT,high,2025-04-14,Инверсия последнего H4 FVG перед экстремумом,верх FVG ниже L,rev,2025-04-28 16:00:00,False
ADAUSDT,high,2025-04-14,Инверсия последнего H1 FVG перед экстремумом,верх FVG ниже L,rev,2025-04-24 23:00:00,False
ADAUSDT,high,2025-04-28,Инверсия последнего H1 FVG перед экстремумом,верх FVG ниже L,rev,2025-05-11 02:00:00,False
ADAUSDT,high,2025-06-23,Инверсия последнего H4 FVG перед экстремумом,верх FVG ниже L,rev,2025-07-12 16:00:00,False
ADAUSDT,high,2025-06-23,Инверсия последнего H1 FVG перед экстремумом,верх FVG ниже L,rev,2025-07-11 17:00:00,False
ADAUSDT,high,2025-08-04,Инверсия последнего H4 FVG перед экстремумом,верх FVG ниже L,rev,2025-08-14 20:00:00,False
ADAUSDT,high,2025-08-04,Инверсия последнего H1 FVG перед экстремумом,верх FVG ниже L,rev,2025-08-14 11:00:00,False
ADAUSDT,high,2025-08-04,Инверсия последнего D1 FVG перед экстремумом,верх FVG ниже L,rev,2025-08-20 00:00:00,False
ADAUSDT,high,2026-04-20,Инверсия последнего H4 FVG перед экстремумом,верх FVG ниже L,rev,2026-05-12 16:00:00,False
ADAUSDT,high,2026-04-20,Инверсия последнего H1 FVG перед экстремумом,верх FVG ниже L,rev,2026-05-10 21:00:00,False
ADAUSDT,high,2026-04-20,Инверсия последнего D1 FVG перед экстремумом,верх FVG выше L,rev,2026-05-17 00:00:00,False
BNBUSDT,low,2021-06-07,Инверсия последнего H4 FVG перед экстремумом,верх FVG ниже L,rev,2021-06-23 04:00:00,False
BNBUSDT,low,2021-06-07,Инверсия последнего H1 FVG перед экстремумом,верх FVG ниже L,rev,2021-06-22 16:00:00,False
BNBUSDT,low,2021-12-06,Инверсия последнего H4 FVG перед экстремумом,верх FVG ниже L,rev,2022-01-11 08:00:00,False
BNBUSDT,low,2021-12-06,Инверсия последнего H1 FVG перед экстремумом,верх FVG ниже L,rev,2022-01-09 20:00:00,False
BNBUSDT,low,2022-05-30,Инверсия последнего H4 FVG перед экстремумом,верх FVG ниже L,rev,2022-06-15 20:00:00,False
BNBUSDT,low,2022-05-30,Инверсия последнего H1 FVG перед экстремумом,верх FVG ниже L,rev,2022-06-12 18:00:00,False
BNBUSDT,low,2022-11-28,Инверсия последнего H4 FVG перед экстремумом,верх FVG ниже L,rev,2022-12-18 00:00:00,False
BNBUSDT,low,2022-11-28,Инверсия последнего H1 FVG перед экстремумом,верх FVG ниже L,rev,2022-12-17 05:00:00,False
BNBUSDT,low,2023-02-06,Инверсия последнего H4 FVG перед экстремумом,верх FVG выше L,rev,2023-02-15 20:00:00,False
BNBUSDT,low,2023-02-06,Инверсия последнего H1 FVG перед экстремумом,верх FVG выше L,rev,2023-02-15 20:00:00,False
BNBUSDT,low,2023-05-01,Инверсия последнего H4 FVG перед экстремумом,верх FVG ниже L,rev,2023-05-14 16:00:00,False
BNBUSDT,low,2023-05-01,Инверсия последнего H1 FVG перед экстремумом,верх FVG ниже L,rev,2023-05-10 21:00:00,False
BNBUSDT,low,2023-05-15,Инверсия последнего H1 FVG перед экстремумом,верх FVG ниже L,rev,2023-06-12 10:00:00,False
BNBUSDT,low,2023-07-17,Инверсия последнего H4 FVG перед экстремумом,верх FVG ниже L,rev,2023-08-23 00:00:00,False
BNBUSDT,low,2023-07-17,Инверсия последнего H1 FVG перед экстремумом,верх FVG ниже L,rev,2023-08-22 21:00:00,False
BNBUSDT,low,2023-07-17,Инверсия последнего D1 FVG перед экстремумом,верх FVG ниже L,rev,2023-08-24 00:00:00,False
BNBUSDT,low,2023-08-07,Инверсия последнего H4 FVG перед экстремумом,верх FVG ниже L,rev,2023-08-23 00:00:00,False
BNBUSDT,low,2023-08-07,Инверсия последнего H1 FVG перед экстремумом,верх FVG ниже L,rev,2023-08-22 21:00:00,False
BNBUSDT,low,2023-08-07,Инверсия последнего D1 FVG перед экстремумом,верх FVG ниже L,rev,2023-08-24 00:00:00,False
BNBUSDT,low,2025-01-20,Инверсия последнего H1 FVG перед экстремумом,верх FVG ниже L,rev,2025-02-03 18:00:00,False
BNBUSDT,low,2025-10-20,Инверсия последнего H4 FVG перед экстремумом,верх FVG ниже L,rev,2025-11-07 20:00:00,False
BNBUSDT,low,2025-10-20,Инверсия последнего H1 FVG перед экстремумом,верх FVG ниже L,rev,2025-11-05 03:00:00,False
BNBUSDT,low,2025-11-10,Инверсия последнего H4 FVG перед экстремумом,верх FVG ниже L,rev,2025-11-24 20:00:00,False
BNBUSDT,low,2025-11-10,Инверсия последнего H1 FVG перед экстремумом,верх FVG ниже L,rev,2025-11-21 15:00:00,False
BNBUSDT,high,2020-06-29,Инверсия последнего H4 FVG перед экстремумом,верх FVG ниже L,rev,2020-07-13 04:00:00,False
BNBUSDT,high,2020-06-29,Инверсия последнего H1 FVG перед экстремумом,верх FVG ниже L,rev,2020-07-09 02:00:00,False
BNBUSDT,high,2020-10-05,Инверсия последнего H4 FVG перед экстремумом,верх FVG ниже L,rev,2020-10-16 08:00:00,False
BNBUSDT,high,2020-10-05,Инверсия последнего H1 FVG перед экстремумом,верх FVG ниже L,rev,2020-10-13 11:00:00,False
BNBUSDT,high,2020-11-09,Инверсия последнего H4 FVG перед экстремумом,верх FVG ниже L,rev,2020-11-26 04:00:00,False
BNBUSDT,high,2020-11-09,Инверсия последнего H1 FVG перед экстремумом,верх FVG ниже L,rev,2020-11-24 15:00:00,False
BNBUSDT,high,2020-12-21,Инверсия последнего H4 FVG перед экстремумом,верх FVG ниже L,rev,2021-01-04 12:00:00,False
BNBUSDT,high,2020-12-21,Инверсия последнего H1 FVG перед экстремумом,верх FVG ниже L,rev,2020-12-30 09:00:00,False
BNBUSDT,high,2021-01-25,Инверсия последнего H4 FVG перед экстремумом,верх FVG ниже L,rev,2021-02-07 16:00:00,False
BNBUSDT,high,2021-01-25,Инверсия последнего H1 FVG перед экстремумом,верх FVG ниже L,rev,2021-02-02 14:00:00,False
BNBUSDT,high,2022-10-17,Инверсия последнего H1 FVG перед экстремумом,верх FVG ниже L,rev,2022-10-26 14:00:00,False
BNBUSDT,high,2022-12-19,Инверсия последнего H4 FVG перед экстремумом,верх FVG ниже L,rev,2023-01-18 16:00:00,False
BNBUSDT,high,2022-12-19,Инверсия последнего H1 FVG перед экстремумом,верх FVG ниже L,rev,2023-01-18 17:00:00,False
BNBUSDT,high,2022-12-19,Инверсия последнего D1 FVG перед экстремумом,верх FVG ниже L,rev,2023-01-19 00:00:00,False
BNBUSDT,high,2022-12-26,Инверсия последнего H1 FVG перед экстремумом,верх FVG ниже L,rev,2023-01-09 21:00:00,False
BNBUSDT,high,2024-01-01,Инверсия последнего H4 FVG перед экстремумом,верх FVG ниже L,rev,2024-02-23 16:00:00,False
BNBUSDT,high,2024-01-01,Инверсия последнего H1 FVG перед экстремумом,верх FVG ниже L,rev,2024-02-22 04:00:00,False
BNBUSDT,high,2024-01-08,Инверсия последнего H1 FVG перед экстремумом,верх FVG ниже L,rev,2024-02-15 18:00:00,False
BNBUSDT,high,2024-01-29,Инверсия последнего H1 FVG перед экстремумом,верх FVG ниже L,rev,2024-02-14 18:00:00,False
BNBUSDT,high,2024-05-27,Инверсия последнего H4 FVG перед экстремумом,верх FVG ниже L,rev,2024-06-07 20:00:00,False
BNBUSDT,high,2024-05-27,Инверсия последнего H1 FVG перед экстремумом,верх FVG ниже L,rev,2024-06-07 08:00:00,False
BNBUSDT,high,2024-05-27,Инверсия последнего D1 FVG перед экстремумом,верх FVG ниже L,rev,2024-06-08 00:00:00,False
BNBUSDT,high,2024-11-25,Инверсия последнего H4 FVG перед экстремумом,верх FVG ниже L,rev,2024-12-10 00:00:00,False
BNBUSDT,high,2024-11-25,Инверсия последнего H1 FVG перед экстремумом,верх FVG ниже L,rev,2024-12-04 03:00:00,False
BNBUSDT,high,2025-08-25,Инверсия последнего H4 FVG перед экстремумом,верх FVG ниже L,rev,2025-09-14 16:00:00,False
BNBUSDT,high,2025-08-25,Инверсия последнего H1 FVG перед экстремумом,верх FVG ниже L,rev,2025-09-13 17:00:00,False
BNBUSDT,high,2025-09-22,Инверсия последнего H1 FVG перед экстремумом,верх FVG ниже L,rev,2025-10-04 09:00:00,False
BNBUSDT,high,2026-07-20,Инверсия последнего H4 FVG перед экстремумом,верх FVG ниже L,rev,2026-08-06 20:00:00,False
BNBUSDT,high,2026-07-20,Инверсия последнего H1 FVG перед экстремумом,верх FVG ниже L,rev,2026-08-05 23:00:00,False
BNBUSDT,high,2026-08-24,Инверсия последнего H4 FVG перед экстремумом,верх FVG ниже L,rev,2026-09-06 08:00:00,False
BNBUSDT,high,2026-08-24,Инверсия последнего H1 FVG перед экстремумом,верх FVG ниже L,rev,2026-09-05 21:00:00,False
BTCUSDT,low,2022-05-16,Инверсия последнего H4 FVG перед экстремумом,верх FVG ниже L,rev,2022-06-15 16:00:00,False
BTCUSDT,low,2022-05-16,Инверсия последнего H1 FVG перед экстремумом,верх FVG ниже L,rev,2022-06-14 04:00:00,False
BTCUSDT,low,2022-08-29,Инверсия последнего H4 FVG перед экстремумом,верх FVG выше L,rev,2022-09-09 04:00:00,False
BTCUSDT,low,2022-08-29,Инверсия последнего H1 FVG перед экстремумом,верх FVG ниже L,rev,2022-09-07 15:00:00,False
BTCUSDT,low,2022-08-29,Инверсия последнего D1 FVG перед экстремумом,верх FVG выше L,rev,2022-09-10 00:00:00,False
BTCUSDT,low,2025-02-10,Инверсия последнего H4 FVG перед экстремумом,верх FVG ниже L,rev,2025-02-28 16:00:00,False
BTCUSDT,low,2025-02-10,Инверсия последнего H1 FVG перед экстремумом,верх FVG ниже L,rev,2025-02-25 22:00:00,False
BTCUSDT,low,2025-02-10,Инверсия последнего D1 FVG перед экстремумом,верх FVG выше L,rev,2025-03-03 00:00:00,False
BTCUSDT,low,2026-02-16,Инверсия последнего H4 FVG перед экстремумом,верх FVG выше L,rev,2026-02-25 16:00:00,False
BTCUSDT,low,2026-02-16,Инверсия последнего H1 FVG перед экстремумом,верх FVG ниже L,rev,2026-02-24 17:00:00,False
BTCUSDT,low,2026-02-16,Инверсия последнего D1 FVG перед экстремумом,верх FVG выше L,rev,2026-02-26 00:00:00,False
BTCUSDT,high,2020-06-29,Инверсия последнего H1 FVG перед экстремумом,верх FVG ниже L,rev,2020-07-28 09:00:00,False
BTCUSDT,high,2020-09-07,Инверсия последнего H4 FVG перед экстремумом,верх FVG ниже L,rev,2020-10-25 12:00:00,False
BTCUSDT,high,2020-09-07,Инверсия последнего H1 FVG перед экстремумом,верх FVG ниже L,rev,2020-10-25 06:00:00,False
BTCUSDT,high,2021-01-11,Инверсия последнего H4 FVG перед экстремумом,верх FVG ниже L,rev,2021-02-15 04:00:00,False
BTCUSDT,high,2021-01-11,Инверсия последнего H1 FVG перед экстремумом,верх FVG ниже L,rev,2021-02-09 09:00:00,False
BTCUSDT,high,2022-03-14,Инверсия последнего H4 FVG перед экстремумом,верх FVG ниже L,rev,2022-04-01 04:00:00,False
BTCUSDT,high,2022-03-14,Инверсия последнего H1 FVG перед экстремумом,верх FVG ниже L,rev,2022-03-25 16:00:00,False
BTCUSDT,high,2022-10-17,Инверсия последнего H1 FVG перед экстремумом,верх FVG ниже L,rev,2022-10-27 23:00:00,False
BTCUSDT,high,2022-12-26,Инверсия последнего H4 FVG перед экстремумом,верх FVG ниже L,rev,2023-01-11 16:00:00,False
BTCUSDT,high,2022-12-26,Инверсия последнего H1 FVG перед экстремумом,верх FVG ниже L,rev,2023-01-11 16:00:00,False
BTCUSDT,high,2023-04-03,Инверсия последнего H4 FVG перед экстремумом,верх FVG ниже L,rev,2023-04-14 16:00:00,False
BTCUSDT,high,2023-04-03,Инверсия последнего H1 FVG перед экстремумом,верх FVG ниже L,rev,2023-04-14 16:00:00,False
BTCUSDT,high,2023-12-11,Инверсия последнего H4 FVG перед экстремумом,верх FVG ниже L,rev,2024-01-12 16:00:00,False
BTCUSDT,high,2023-12-11,Инверсия последнего H1 FVG перед экстремумом,верх FVG ниже L,rev,2024-01-10 13:00:00,False
BTCUSDT,high,2024-07-08,Инверсия последнего H4 FVG перед экстремумом,верх FVG ниже L,rev,2024-07-23 20:00:00,False
BTCUSDT,high,2024-07-08,Инверсия последнего H1 FVG перед экстремумом,верх FVG ниже L,rev,2024-07-23 20:00:00,False
BTCUSDT,high,2024-11-25,Инверсия последнего H4 FVG перед экстремумом,верх FVG выше L,rev,2024-12-06 00:00:00,False
BTCUSDT,high,2024-11-25,Инверсия последнего H1 FVG перед экстремумом,верх FVG выше L,rev,2024-12-05 23:00:00,False
BTCUSDT,high,2025-08-04,Инверсия последнего H4 FVG перед экстремумом,верх FVG ниже L,rev,2025-08-14 08:00:00,False
BTCUSDT,high,2025-08-04,Инверсия последнего H1 FVG перед экстремумом,верх FVG ниже L,rev,2025-08-14 07:00:00,False
BTCUSDT,high,2025-08-04,Инверсия последнего D1 FVG перед экстремумом,верх FVG выше L,rev,2025-08-16 00:00:00,False
BTCUSDT,high,2026-03-30,Инверсия последнего H4 FVG перед экстремумом,верх FVG ниже L,rev,2026-04-18 12:00:00,False
BTCUSDT,high,2026-03-30,Инверсия последнего H1 FVG перед экстремумом,верх FVG ниже L,rev,2026-04-14 19:00:00,False
BTCUSDT,high,2026-08-03,Инверсия последнего H1 FVG перед экстремумом,верх FVG ниже L,rev,2026-08-25 13:00:00,False
BTCUSDT,high,2026-08-10,Инверсия последнего H1 FVG перед экстремумом,верх FVG ниже L,rev,2026-08-25 13:00:00,False
DOGEUSDT,low,2021-06-07,Инверсия последнего H4 FVG перед экстремумом,верх FVG ниже L,rev,2021-06-24 20:00:00,False
DOGEUSDT,low,2021-06-07,Инверсия последнего H1 FVG перед экстремумом,верх FVG ниже L,rev,2021-06-22 03:00:00,False
DOGEUSDT,low,2021-06-07,Инверсия последнего D1 FVG перед экстремумом,верх FVG ниже L,rev,2021-06-25 00:00:00,False
DOGEUSDT,low,2021-12-27,Инверсия последнего H4 FVG перед экстремумом,верх FVG ниже L,rev,2022-01-11 12:00:00,False
DOGEUSDT,low,2021-12-27,Инверсия последнего H1 FVG перед экстремумом,верх FVG ниже L,rev,2022-01-08 22:00:00,False
DOGEUSDT,low,2021-12-27,Инверсия последнего D1 FVG перед экстремумом,верх FVG выше L,rev,2022-01-14 00:00:00,False
DOGEUSDT,low,2022-05-30,Инверсия последнего H4 FVG перед экстремумом,верх FVG ниже L,rev,2022-06-16 00:00:00,False
DOGEUSDT,low,2022-05-30,Инверсия последнего H1 FVG перед экстремумом,верх FVG ниже L,rev,2022-06-11 19:00:00,False
DOGEUSDT,low,2023-05-01,Инверсия последнего H1 FVG перед экстремумом,верх FVG ниже L,rev,2023-05-10 13:00:00,False
DOGEUSDT,low,2024-04-22,Инверсия последнего H4 FVG перед экстремумом,верх FVG ниже L,rev,2024-05-02 00:00:00,False
DOGEUSDT,low,2024-04-22,Инверсия последнего H1 FVG перед экстремумом,верх FVG ниже L,rev,2024-05-01 18:00:00,False
DOGEUSDT,low,2024-04-22,Инверсия последнего D1 FVG перед экстремумом,верх FVG выше L,rev,2024-05-04 00:00:00,False
DOGEUSDT,low,2024-05-27,Инверсия последнего H4 FVG перед экстремумом,верх FVG ниже L,rev,2024-06-12 16:00:00,False
DOGEUSDT,low,2024-05-27,Инверсия последнего H1 FVG перед экстремумом,верх FVG ниже L,rev,2024-06-12 08:00:00,False
DOGEUSDT,low,2024-06-24,Инверсия последнего H4 FVG перед экстремумом,верх FVG ниже L,rev,2024-07-06 08:00:00,False
DOGEUSDT,low,2024-06-24,Инверсия последнего H1 FVG перед экстремумом,верх FVG ниже L,rev,2024-07-05 12:00:00,False
DOGEUSDT,low,2024-07-22,Инверсия последнего H4 FVG перед экстремумом,верх FVG ниже L,rev,2024-08-08 16:00:00,False
DOGEUSDT,low,2024-07-22,Инверсия последнего H1 FVG перед экстремумом,верх FVG ниже L,rev,2024-08-04 19:00:00,False
DOGEUSDT,low,2024-07-22,Инверсия последнего D1 FVG перед экстремумом,верх FVG ниже L,rev,2024-08-09 00:00:00,False
DOGEUSDT,low,2025-01-20,Инверсия последнего H1 FVG перед экстремумом,верх FVG ниже L,rev,2025-02-03 07:00:00,False
DOGEUSDT,low,2025-10-20,Инверсия последнего H4 FVG перед экстремумом,верх FVG выше L,rev,2025-11-10 12:00:00,False
DOGEUSDT,low,2025-10-20,Инверсия последнего H1 FVG перед экстремумом,верх FVG ниже L,rev,2025-11-04 23:00:00,False
DOGEUSDT,low,2025-10-20,Инверсия последнего D1 FVG перед экстремумом,верх FVG выше L,rev,2025-11-11 00:00:00,False
DOGEUSDT,low,2025-11-10,Инверсия последнего H4 FVG перед экстремумом,верх FVG ниже L,rev,2025-11-23 16:00:00,False
DOGEUSDT,low,2025-11-10,Инверсия последнего H1 FVG перед экстремумом,верх FVG ниже L,rev,2025-11-21 14:00:00,False
DOGEUSDT,low,2025-12-08,Инверсия последнего H4 FVG перед экстремумом,верх FVG ниже L,rev,2025-12-19 20:00:00,False
DOGEUSDT,low,2025-12-08,Инверсия последнего H1 FVG перед экстремумом,верх FVG ниже L,rev,2025-12-19 13:00:00,False
DOGEUSDT,low,2026-06-15,Инверсия последнего H4 FVG перед экстремумом,верх FVG ниже L,rev,2026-06-30 20:00:00,False
DOGEUSDT,low,2026-06-15,Инверсия последнего H1 FVG перед экстремумом,верх FVG ниже L,rev,2026-06-25 05:00:00,False
DOGEUSDT,high,2020-09-28,Инверсия последнего H1 FVG перед экстремумом,верх FVG выше L,rev,2020-10-26 18:00:00,False
DOGEUSDT,high,2020-09-28,Инверсия последнего D1 FVG перед экстремумом,верх FVG выше L,rev,2020-10-29 00:00:00,False
DOGEUSDT,high,2020-10-05,Инверсия последнего H1 FVG перед экстремумом,верх FVG выше L,rev,2020-10-26 18:00:00,False
DOGEUSDT,high,2020-10-05,Инверсия последнего D1 FVG перед экстремумом,верх FVG выше L,rev,2020-10-29 00:00:00,False
DOGEUSDT,high,2020-10-12,Инверсия последнего H1 FVG перед экстремумом,верх FVG выше L,rev,2020-10-26 18:00:00,False
DOGEUSDT,high,2020-10-12,Инверсия последнего D1 FVG перед экстремумом,верх FVG выше L,rev,2020-10-29 00:00:00,False
DOGEUSDT,high,2020-10-19,Инверсия последнего H1 FVG перед экстремумом,верх FVG выше L,rev,2020-10-26 18:00:00,False
DOGEUSDT,high,2020-10-19,Инверсия последнего D1 FVG перед экстремумом,верх FVG выше L,rev,2020-10-29 00:00:00,False
DOGEUSDT,high,2020-11-30,Инверсия последнего H4 FVG перед экстремумом,верх FVG выше L,rev,2020-12-24 00:00:00,False
DOGEUSDT,high,2020-11-30,Инверсия последнего H1 FVG перед экстремумом,верх FVG ниже L,rev,2020-12-21 11:00:00,False
DOGEUSDT,high,2020-11-30,Инверсия последнего D1 FVG перед экстремумом,верх FVG выше L,rev,2020-12-24 00:00:00,False
DOGEUSDT,high,2021-01-04,Инверсия последнего H4 FVG перед экстремумом,верх FVG ниже L,rev,2021-01-30 20:00:00,False
DOGEUSDT,high,2021-01-04,Инверсия последнего H1 FVG перед экстремумом,верх FVG ниже L,rev,2021-01-29 10:00:00,False
DOGEUSDT,high,2021-01-18,Инверсия последнего H4 FVG перед экстремумом,верх FVG ниже L,rev,2021-01-30 20:00:00,False
DOGEUSDT,high,2021-01-18,Инверсия последнего H1 FVG перед экстремумом,верх FVG ниже L,rev,2021-01-29 10:00:00,False
DOGEUSDT,high,2021-04-19,Инверсия последнего H4 FVG перед экстремумом,верх FVG ниже L,rev,2021-05-07 04:00:00,False
DOGEUSDT,high,2021-04-19,Инверсия последнего H1 FVG перед экстремумом,верх FVG ниже L,rev,2021-05-05 16:00:00,False
DOGEUSDT,high,2021-04-26,Инверсия последнего H4 FVG перед экстремумом,верх FVG ниже L,rev,2021-05-07 04:00:00,False
DOGEUSDT,high,2021-04-26,Инверсия последнего H1 FVG перед экстремумом,верх FVG ниже L,rev,2021-05-05 16:00:00,False
DOGEUSDT,high,2021-09-27,Инверсия последнего H4 FVG перед экстремумом,верх FVG ниже L,rev,2021-10-07 04:00:00,False
DOGEUSDT,high,2021-09-27,Инверсия последнего H1 FVG перед экстремумом,верх FVG ниже L,rev,2021-10-07 04:00:00,False
DOGEUSDT,high,2022-08-01,Инверсия последнего H4 FVG перед экстремумом,верх FVG ниже L,rev,2022-08-17 16:00:00,False
DOGEUSDT,high,2022-08-01,Инверсия последнего H1 FVG перед экстремумом,верх FVG ниже L,rev,2022-08-15 07:00:00,False
DOGEUSDT,high,2022-10-17,Инверсия последнего H1 FVG перед экстремумом,верх FVG ниже L,rev,2022-10-27 10:00:00,False
DOGEUSDT,high,2023-01-02,Инверсия последнего H4 FVG перед экстремумом,верх FVG ниже L,rev,2023-01-12 16:00:00,False
DOGEUSDT,high,2023-01-02,Инверсия последнего H1 FVG перед экстремумом,верх FVG ниже L,rev,2023-01-12 15:00:00,False
DOGEUSDT,high,2023-01-02,Инверсия последнего D1 FVG перед экстремумом,верх FVG ниже L,rev,2023-01-19 00:00:00,False
DOGEUSDT,high,2023-10-30,Инверсия последнего H4 FVG перед экстремумом,верх FVG ниже L,rev,2023-11-13 04:00:00,False
DOGEUSDT,high,2023-10-30,Инверсия последнего H1 FVG перед экстремумом,верх FVG ниже L,rev,2023-11-12 01:00:00,False
DOGEUSDT,high,2023-11-20,Инверсия последнего H1 FVG перед экстремумом,верх FVG ниже L,rev,2023-12-06 18:00:00,False
DOGEUSDT,high,2024-01-08,Инверсия последнего H4 FVG перед экстремумом,верх FVG ниже L,rev,2024-03-01 00:00:00,False
DOGEUSDT,high,2024-01-08,Инверсия последнего H1 FVG перед экстремумом,верх FVG ниже L,rev,2024-03-02 10:00:00,False
DOGEUSDT,high,2024-01-29,Инверсия последнего H4 FVG перед экстремумом,верх FVG выше L,rev,2024-02-21 12:00:00,False
DOGEUSDT,high,2024-01-29,Инверсия последнего H1 FVG перед экстремумом,верх FVG ниже L,rev,2024-02-20 04:00:00,False
DOGEUSDT,high,2024-07-08,Инверсия последнего H4 FVG перед экстремумом,верх FVG ниже L,rev,2024-07-23 16:00:00,False
DOGEUSDT,high,2024-07-08,Инверсия последнего H1 FVG перед экстремумом,верх FVG ниже L,rev,2024-07-23 17:00:00,False
DOGEUSDT,high,2024-10-07,Инверсия последнего H4 FVG перед экстремумом,верх FVG ниже L,rev,2024-10-21 16:00:00,False
DOGEUSDT,high,2024-10-07,Инверсия последнего H1 FVG перед экстремумом,верх FVG ниже L,rev,2024-10-20 13:00:00,False
DOGEUSDT,high,2025-03-17,Инверсия последнего H4 FVG перед экстремумом,верх FVG ниже L,rev,2025-03-26 20:00:00,False
DOGEUSDT,high,2025-03-17,Инверсия последнего H1 FVG перед экстремумом,верх FVG ниже L,rev,2025-03-26 14:00:00,False
DOGEUSDT,high,2025-03-17,Инверсия последнего D1 FVG перед экстремумом,верх FVG ниже L,rev,2025-03-29 00:00:00,False
DOGEUSDT,high,2025-04-28,Инверсия последнего H4 FVG перед экстремумом,верх FVG ниже L,rev,2025-05-11 16:00:00,False
DOGEUSDT,high,2025-04-28,Инверсия последнего H1 FVG перед экстремумом,верх FVG ниже L,rev,2025-05-11 02:00:00,False
DOGEUSDT,high,2025-06-23,Инверсия последнего H1 FVG перед экстремумом,верх FVG ниже L,rev,2025-07-11 22:00:00,False
DOGEUSDT,high,2026-03-30,Инверсия последнего H4 FVG перед экстремумом,верх FVG ниже L,rev,2026-04-18 00:00:00,False
DOGEUSDT,high,2026-03-30,Инверсия последнего H1 FVG перед экстремумом,верх FVG ниже L,rev,2026-04-17 19:00:00,False
DOGEUSDT,high,2026-04-20,Инверсия последнего H4 FVG перед экстремумом,верх FVG выше L,rev,2026-04-29 20:00:00,False
DOGEUSDT,high,2026-04-20,Инверсия последнего H1 FVG перед экстремумом,верх FVG ниже L,rev,2026-04-29 17:00:00,False
DOGEUSDT,high,2026-08-03,Инверсия последнего H4 FVG перед экстремумом,верх FVG ниже L,rev,2026-08-26 16:00:00,False
DOGEUSDT,high,2026-08-03,Инверсия последнего H1 FVG перед экстремумом,верх FVG ниже L,rev,2026-08-20 19:00:00,False
ETHUSDT,low,2021-03-15,Инверсия последнего H4 FVG перед экстремумом,верх FVG выше L,rev,2021-03-28 08:00:00,False
ETHUSDT,low,2021-03-15,Инверсия последнего H1 FVG перед экстремумом,верх FVG ниже L,rev,2021-03-26 02:00:00,False
ETHUSDT,low,2021-03-15,Инверсия последнего D1 FVG перед экстремумом,верх FVG выше L,rev,2021-03-30 00:00:00,False
ETHUSDT,low,2021-05-31,Инверсия последнего H4 FVG перед экстремумом,верх FVG ниже L,rev,2021-06-23 04:00:00,False
ETHUSDT,low,2021-05-31,Инверсия последнего H1 FVG перед экстремумом,верх FVG ниже L,rev,2021-06-22 17:00:00,False
ETHUSDT,low,2021-05-31,Инверсия последнего D1 FVG перед экстремумом,верх FVG ниже L,rev,2021-06-29 00:00:00,False
ETHUSDT,low,2022-05-30,Инверсия последнего H4 FVG перед экстремумом,верх FVG ниже L,rev,2022-06-12 16:00:00,False
ETHUSDT,low,2022-05-30,Инверсия последнего H1 FVG перед экстремумом,верх FVG ниже L,rev,2022-06-11 19:00:00,False
ETHUSDT,low,2022-10-03,Инверсия последнего H4 FVG перед экстремумом,верх FVG выше L,rev,2022-10-13 20:00:00,False
ETHUSDT,low,2022-10-03,Инверсия последнего H1 FVG перед экстремумом,верх FVG выше L,rev,2022-10-13 18:00:00,False
ETHUSDT,low,2022-10-03,Инверсия последнего D1 FVG перед экстремумом,верх FVG выше L,rev,2022-10-18 00:00:00,False
ETHUSDT,low,2023-05-29,Инверсия последнего H4 FVG перед экстремумом,верх FVG ниже L,rev,2023-06-17 08:00:00,False
ETHUSDT,low,2023-05-29,Инверсия последнего H1 FVG перед экстремумом,верх FVG выше L,rev,2023-06-20 18:00:00,False
ETHUSDT,low,2025-01-20,Инверсия последнего H1 FVG перед экстремумом,верх FVG ниже L,rev,2025-02-03 20:00:00,False
ETHUSDT,low,2025-03-17,Инверсия последнего H4 FVG перед экстремумом,верх FVG ниже L,rev,2025-04-09 20:00:00,False
ETHUSDT,low,2025-03-17,Инверсия последнего H1 FVG перед экстремумом,верх FVG ниже L,rev,2025-04-07 23:00:00,False
ETHUSDT,low,2025-09-15,Инверсия последнего H4 FVG перед экстремумом,верх FVG ниже L,rev,2025-09-29 00:00:00,False
ETHUSDT,low,2025-09-15,Инверсия последнего H1 FVG перед экстремумом,верх FVG ниже L,rev,2025-09-26 17:00:00,False
ETHUSDT,low,2025-10-20,Инверсия последнего H4 FVG перед экстремумом,верх FVG ниже L,rev,2025-11-09 16:00:00,False
ETHUSDT,low,2025-10-20,Инверсия последнего H1 FVG перед экстремумом,верх FVG ниже L,rev,2025-11-04 23:00:00,False
ETHUSDT,low,2026-04-20,Инверсия последнего H4 FVG перед экстремумом,верх FVG ниже L,rev,2026-05-24 00:00:00,False
ETHUSDT,low,2026-04-20,Инверсия последнего H1 FVG перед экстремумом,верх FVG ниже L,rev,2026-05-23 19:00:00,False
ETHUSDT,high,2020-01-20,Инверсия последнего H4 FVG перед экстремумом,верх FVG ниже L,rev,2020-02-03 16:00:00,False
ETHUSDT,high,2020-01-20,Инверсия последнего H1 FVG перед экстремумом,верх FVG ниже L,rev,2020-02-03 10:00:00,False
ETHUSDT,high,2020-03-23,Инверсия последнего H4 FVG перед экстремумом,верх FVG ниже L,rev,2020-04-08 00:00:00,False
ETHUSDT,high,2020-03-23,Инверсия последнего H1 FVG перед экстремумом,верх FVG ниже L,rev,2020-04-07 21:00:00,False
ETHUSDT,high,2020-06-29,Инверсия последнего H1 FVG перед экстремумом,верх FVG ниже L,rev,2020-07-24 23:00:00,False
ETHUSDT,high,2020-07-13,Инверсия последнего H1 FVG перед экстремумом,верх FVG ниже L,rev,2020-07-24 23:00:00,False
ETHUSDT,high,2020-10-26,Инверсия последнего H4 FVG перед экстремумом,верх FVG ниже L,rev,2020-11-07 20:00:00,False
ETHUSDT,high,2020-10-26,Инверсия последнего H1 FVG перед экстремумом,верх FVG ниже L,rev,2020-11-07 07:00:00,False
ETHUSDT,high,2022-08-01,Инверсия последнего H4 FVG перед экстремумом,верх FVG ниже L,rev,2022-08-14 20:00:00,False
ETHUSDT,high,2022-08-01,Инверсия последнего H1 FVG перед экстремумом,верх FVG ниже L,rev,2022-08-13 13:00:00,False
ETHUSDT,high,2022-12-26,Инверсия последнего H4 FVG перед экстремумом,верх FVG ниже L,rev,2023-01-10 00:00:00,False
ETHUSDT,high,2022-12-26,Инверсия последнего H1 FVG перед экстремумом,верх FVG ниже L,rev,2023-01-09 20:00:00,False
ETHUSDT,high,2023-11-13,Инверсия последнего H4 FVG перед экстремумом,верх FVG ниже L,rev,2023-12-07 00:00:00,False
ETHUSDT,high,2023-11-13,Инверсия последнего H1 FVG перед экстремумом,верх FVG ниже L,rev,2023-12-04 15:00:00,False
ETHUSDT,high,2023-12-18,Инверсия последнего H4 FVG перед экстремумом,верх FVG выше L,rev,2023-12-30 12:00:00,False
ETHUSDT,high,2023-12-18,Инверсия последнего H1 FVG перед экстремумом,верх FVG ниже L,rev,2023-12-28 15:00:00,False
ETHUSDT,high,2023-12-18,Инверсия последнего D1 FVG перед экстремумом,верх FVG выше L,rev,2024-01-04 00:00:00,False
ETHUSDT,high,2024-01-15,Инверсия последнего H4 FVG перед экстремумом,верх FVG ниже L,rev,2024-02-20 04:00:00,False
ETHUSDT,high,2024-01-15,Инверсия последнего H1 FVG перед экстремумом,верх FVG ниже L,rev,2024-02-20 01:00:00,False
ETHUSDT,high,2024-01-29,Инверсия последнего H4 FVG перед экстремумом,верх FVG ниже L,rev,2024-02-16 20:00:00,False
ETHUSDT,high,2024-01-29,Инверсия последнего H1 FVG перед экстремумом,верх FVG ниже L,rev,2024-02-16 16:00:00,False
ETHUSDT,high,2024-05-06,Инверсия последнего H4 FVG перед экстремумом,верх FVG ниже L,rev,2024-05-22 12:00:00,False
ETHUSDT,high,2024-05-06,Инверсия последнего H1 FVG перед экстремумом,верх FVG ниже L,rev,2024-05-21 19:00:00,False
ETHUSDT,high,2025-06-23,Инверсия последнего H4 FVG перед экстремумом,верх FVG ниже L,rev,2025-07-15 04:00:00,False
ETHUSDT,high,2025-06-23,Инверсия последнего H1 FVG перед экстремумом,верх FVG ниже L,rev,2025-07-14 16:00:00,False
ETHUSDT,high,2026-03-30,Инверсия последнего H4 FVG перед экстремумом,верх FVG ниже L,rev,2026-04-12 16:00:00,False
ETHUSDT,high,2026-03-30,Инверсия последнего H1 FVG перед экстремумом,верх FVG ниже L,rev,2026-04-12 02:00:00,False
ETHUSDT,high,2026-08-03,Инверсия последнего H1 FVG перед экстремумом,верх FVG ниже L,rev,2026-08-22 06:00:00,False
ETHUSDT,high,2026-08-10,Инверсия последнего H1 FVG перед экстремумом,верх FVG ниже L,rev,2026-08-22 06:00:00,False
LINKUSDT,low,2020-08-24,Инверсия последнего H4 FVG перед экстремумом,верх FVG ниже L,rev,2020-09-06 20:00:00,False
LINKUSDT,low,2020-08-24,Инверсия последнего H1 FVG перед экстремумом,верх FVG ниже L,rev,2020-09-06 12:00:00,False
LINKUSDT,low,2020-11-30,Инверсия последнего H4 FVG перед экстремумом,верх FVG выше L,rev,2020-12-27 16:00:00,False
LINKUSDT,low,2020-11-30,Инверсия последнего H1 FVG перед экстремумом,верх FVG выше L,rev,2020-12-25 12:00:00,False
LINKUSDT,low,2022-01-10,Инверсия последнего H4 FVG перед экстремумом,верх FVG ниже L,rev,2022-01-25 00:00:00,False
LINKUSDT,low,2022-01-10,Инверсия последнего H1 FVG перед экстремумом,верх FVG ниже L,rev,2022-01-22 13:00:00,False
LINKUSDT,low,2022-12-05,Инверсия последнего H4 FVG перед экстремумом,верх FVG ниже L,rev,2022-12-20 04:00:00,False
LINKUSDT,low,2022-12-05,Инверсия последнего H1 FVG перед экстремумом,верх FVG ниже L,rev,2022-12-20 03:00:00,False
LINKUSDT,low,2023-05-01,Инверсия последнего H4 FVG перед экстремумом,верх FVG ниже L,rev,2023-05-12 20:00:00,False
LINKUSDT,low,2023-05-01,Инверсия последнего H1 FVG перед экстремумом,верх FVG ниже L,rev,2023-05-12 09:00:00,False
LINKUSDT,low,2025-09-15,Инверсия последнего H4 FVG перед экстремумом,верх FVG ниже L,rev,2025-09-29 00:00:00,False
LINKUSDT,low,2025-09-15,Инверсия последнего H1 FVG перед экстремумом,верх FVG ниже L,rev,2025-09-26 17:00:00,False
LINKUSDT,low,2025-10-20,Инверсия последнего H4 FVG перед экстремумом,верх FVG выше L,rev,2025-11-10 08:00:00,False
LINKUSDT,low,2025-10-20,Инверсия последнего H1 FVG перед экстремумом,верх FVG ниже L,rev,2025-11-04 23:00:00,False
LINKUSDT,high,2020-03-23,Инверсия последнего H4 FVG перед экстремумом,верх FVG ниже L,rev,2020-04-10 04:00:00,False
LINKUSDT,high,2020-03-23,Инверсия последнего H1 FVG перед экстремумом,верх FVG ниже L,rev,2020-04-10 02:00:00,False
LINKUSDT,high,2020-06-29,Инверсия последнего H4 FVG перед экстремумом,верх FVG ниже L,rev,2020-07-09 16:00:00,False
LINKUSDT,high,2020-06-29,Инверсия последнего H1 FVG перед экстремумом,верх FVG ниже L,rev,2020-07-09 15:00:00,False
LINKUSDT,high,2020-11-09,Инверсия последнего H4 FVG перед экстремумом,верх FVG ниже L,rev,2020-11-22 12:00:00,False
LINKUSDT,high,2020-11-09,Инверсия последнего H1 FVG перед экстремумом,верх FVG ниже L,rev,2020-11-22 12:00:00,False
LINKUSDT,high,2021-04-19,Инверсия последнего H4 FVG перед экстремумом,верх FVG ниже L,rev,2021-05-08 12:00:00,False
LINKUSDT,high,2021-04-19,Инверсия последнего H1 FVG перед экстремумом,верх FVG ниже L,rev,2021-05-05 15:00:00,False
LINKUSDT,high,2021-04-26,Инверсия последнего H4 FVG перед экстремумом,верх FVG ниже L,rev,2021-05-08 12:00:00,False
LINKUSDT,high,2021-04-26,Инверсия последнего H1 FVG перед экстремумом,верх FVG ниже L,rev,2021-05-05 00:00:00,False
LINKUSDT,high,2021-11-01,Инверсия последнего H4 FVG перед экстремумом,верх FVG ниже L,rev,2021-11-11 00:00:00,False
LINKUSDT,high,2021-11-01,Инверсия последнего H1 FVG перед экстремумом,верх FVG ниже L,rev,2021-11-10 20:00:00,False
LINKUSDT,high,2021-11-01,Инверсия последнего D1 FVG перед экстремумом,верх FVG выше L,rev,2021-11-16 00:00:00,False
LINKUSDT,high,2022-10-17,Инверсия последнего H4 FVG перед экстремумом,верх FVG выше L,rev,2022-11-02 20:00:00,False
LINKUSDT,high,2022-10-17,Инверсия последнего H1 FVG перед экстремумом,верх FVG ниже L,rev,2022-10-31 20:00:00,False
LINKUSDT,high,2022-10-17,Инверсия последнего D1 FVG перед экстремумом,верх FVG выше L,rev,2022-11-03 00:00:00,False
LINKUSDT,high,2023-01-02,Инверсия последнего H4 FVG перед экстремумом,верх FVG ниже L,rev,2023-01-16 16:00:00,False
LINKUSDT,high,2023-01-02,Инверсия последнего H1 FVG перед экстремумом,верх FVG ниже L,rev,2023-01-12 06:00:00,False
LINKUSDT,high,2023-01-02,Инверсия последнего D1 FVG перед экстремумом,верх FVG ниже L,rev,2023-01-19 00:00:00,False
LINKUSDT,high,2023-04-03,Инверсия последнего H4 FVG перед экстремумом,верх FVG ниже L,rev,2023-04-19 08:00:00,False
LINKUSDT,high,2023-04-03,Инверсия последнего H1 FVG перед экстремумом,верх FVG ниже L,rev,2023-04-17 01:00:00,False
LINKUSDT,high,2023-04-03,Инверсия последнего D1 FVG перед экстремумом,верх FVG выше L,rev,2023-04-21 00:00:00,False
LINKUSDT,high,2023-10-02,Инверсия последнего H4 FVG перед экстремумом,верх FVG ниже L,rev,2023-10-23 16:00:00,False
LINKUSDT,high,2023-10-02,Инверсия последнего H1 FVG перед экстремумом,верх FVG ниже L,rev,2023-10-22 08:00:00,False
LINKUSDT,high,2024-08-12,Инверсия последнего H4 FVG перед экстремумом,верх FVG ниже L,rev,2024-08-25 04:00:00,False
LINKUSDT,high,2024-08-12,Инверсия последнего H1 FVG перед экстремумом,верх FVG ниже L,rev,2024-08-24 22:00:00,False
LINKUSDT,high,2024-08-12,Инверсия последнего D1 FVG перед экстремумом,верх FVG ниже L,rev,2024-08-28 00:00:00,False
LINKUSDT,high,2025-04-28,Инверсия последнего H4 FVG перед экстремумом,верх FVG ниже L,rev,2025-05-11 08:00:00,False
LINKUSDT,high,2025-04-28,Инверсия последнего H1 FVG перед экстремумом,верх FVG ниже L,rev,2025-05-09 17:00:00,False
LINKUSDT,high,2025-06-23,Инверсия последнего H4 FVG перед экстремумом,верх FVG ниже L,rev,2025-07-14 20:00:00,False
LINKUSDT,high,2025-06-23,Инверсия последнего H1 FVG перед экстремумом,верх FVG ниже L,rev,2025-07-11 07:00:00,False
LINKUSDT,high,2026-04-20,Инверсия последнего H4 FVG перед экстремумом,верх FVG ниже L,rev,2026-05-09 16:00:00,False
LINKUSDT,high,2026-04-20,Инверсия последнего H1 FVG перед экстремумом,верх FVG ниже L,rev,2026-05-09 10:00:00,False
LINKUSDT,high,2026-07-06,Инверсия последнего H4 FVG перед экстремумом,верх FVG ниже L,rev,2026-07-21 20:00:00,False
LINKUSDT,high,2026-07-06,Инверсия последнего H1 FVG перед экстремумом,верх FVG ниже L,rev,2026-07-16 10:00:00,False
LTCUSDT,low,2020-09-14,Инверсия последнего H1 FVG перед экстремумом,верх FVG ниже L,rev,2020-09-24 21:00:00,False
LTCUSDT,low,2021-05-31,Инверсия последнего H4 FVG перед экстремумом,верх FVG ниже L,rev,2021-06-23 04:00:00,False
LTCUSDT,low,2021-05-31,Инверсия последнего H1 FVG перед экстремумом,верх FVG ниже L,rev,2021-06-22 15:00:00,False
LTCUSDT,low,2022-04-18,Инверсия последнего H1 FVG перед экстремумом,верх FVG выше L,rev,2022-04-28 11:00:00,False
LTCUSDT,low,2022-05-30,Инверсия последнего H4 FVG перед экстремумом,верх FVG ниже L,rev,2022-06-15 20:00:00,False
LTCUSDT,low,2022-05-30,Инверсия последнего H1 FVG перед экстремумом,верх FVG ниже L,rev,2022-06-12 15:00:00,False
LTCUSDT,low,2022-05-30,Инверсия последнего D1 FVG перед экстремумом,верх FVG ниже L,rev,2022-06-16 00:00:00,False
LTCUSDT,low,2023-02-20,Инверсия последнего H4 FVG перед экстремумом,верх FVG ниже L,rev,2023-03-13 00:00:00,False
LTCUSDT,low,2023-02-20,Инверсия последнего H1 FVG перед экстремумом,верх FVG ниже L,rev,2023-03-11 02:00:00,False
LTCUSDT,low,2023-02-20,Инверсия последнего D1 FVG перед экстремумом,верх FVG ниже L,rev,2023-03-13 00:00:00,False
LTCUSDT,low,2023-04-24,Инверсия последнего H4 FVG перед экстремумом,верх FVG ниже L,rev,2023-05-14 16:00:00,False
LTCUSDT,low,2023-04-24,Инверсия последнего H1 FVG перед экстремумом,верх FVG ниже L,rev,2023-05-10 01:00:00,False
LTCUSDT,low,2024-06-10,Инверсия последнего H4 FVG перед экстремумом,верх FVG ниже L,rev,2024-06-25 04:00:00,False
LTCUSDT,low,2024-06-10,Инверсия последнего H1 FVG перед экстремумом,верх FVG ниже L,rev,2024-06-25 15:00:00,False
LTCUSDT,low,2024-06-10,Инверсия последнего D1 FVG перед экстремумом,верх FVG ниже L,rev,2024-06-30 00:00:00,False
LTCUSDT,low,2025-03-17,Инверсия последнего H4 FVG перед экстремумом,верх FVG ниже L,rev,2025-04-12 16:00:00,False
LTCUSDT,low,2025-03-17,Инверсия последнего H1 FVG перед экстремумом,верх FVG ниже L,rev,2025-04-07 02:00:00,False
LTCUSDT,low,2025-09-15,Инверсия последнего H4 FVG перед экстремумом,верх FVG ниже L,rev,2025-09-28 20:00:00,False
LTCUSDT,low,2025-09-15,Инверсия последнего H1 FVG перед экстремумом,верх FVG ниже L,rev,2025-09-26 18:00:00,False
LTCUSDT,high,2020-01-20,Инверсия последнего H4 FVG перед экстремумом,верх FVG ниже L,rev,2020-02-02 04:00:00,False
LTCUSDT,high,2020-01-20,Инверсия последнего H1 FVG перед экстремумом,верх FVG ниже L,rev,2020-02-02 17:00:00,False
LTCUSDT,high,2020-11-30,Инверсия последнего H4 FVG перед экстремумом,верх FVG ниже L,rev,2020-12-21 12:00:00,False
LTCUSDT,high,2020-11-30,Инверсия последнего H1 FVG перед экстремумом,верх FVG ниже L,rev,2020-12-17 18:00:00,False
LTCUSDT,high,2021-01-18,Инверсия последнего H4 FVG перед экстремумом,верх FVG ниже L,rev,2021-02-10 16:00:00,False
LTCUSDT,high,2021-01-18,Инверсия последнего H1 FVG перед экстремумом,верх FVG ниже L,rev,2021-02-10 13:00:00,False
LTCUSDT,high,2021-04-26,Инверсия последнего H4 FVG перед экстремумом,верх FVG ниже L,rev,2021-05-10 20:00:00,False
LTCUSDT,high,2021-04-26,Инверсия последнего H1 FVG перед экстремумом,верх FVG ниже L,rev,2021-05-06 07:00:00,False
LTCUSDT,high,2022-10-17,Инверсия последнего H4 FVG перед экстремумом,верх FVG выше L,rev,2022-10-28 08:00:00,False
LTCUSDT,high,2022-10-17,Инверсия последнего H1 FVG перед экстремумом,верх FVG ниже L,rev,2022-10-26 17:00:00,False
LTCUSDT,high,2023-10-30,Инверсия последнего H4 FVG перед экстремумом,верх FVG ниже L,rev,2023-11-09 20:00:00,False
LTCUSDT,high,2023-10-30,Инверсия последнего H1 FVG перед экстремумом,верх FVG ниже L,rev,2023-11-09 17:00:00,False
LTCUSDT,high,2024-01-15,Инверсия последнего H4 FVG перед экстремумом,верх FVG ниже L,rev,2024-03-01 16:00:00,False
LTCUSDT,high,2024-01-15,Инверсия последнего H1 FVG перед экстремумом,верх FVG ниже L,rev,2024-03-01 16:00:00,False
LTCUSDT,high,2024-03-04,Инверсия последнего H4 FVG перед экстремумом,верх FVG ниже L,rev,2024-03-14 08:00:00,False
LTCUSDT,high,2024-03-04,Инверсия последнего H1 FVG перед экстремумом,верх FVG ниже L,rev,2024-03-12 09:00:00,False
LTCUSDT,high,2024-10-07,Инверсия последнего H4 FVG перед экстремумом,верх FVG ниже L,rev,2024-10-18 08:00:00,False
LTCUSDT,high,2024-10-07,Инверсия последнего H1 FVG перед экстремумом,верх FVG ниже L,rev,2024-10-16 14:00:00,False
LTCUSDT,high,2024-10-21,Инверсия последнего H4 FVG перед экстремумом,верх FVG выше L,rev,2024-11-13 04:00:00,False
LTCUSDT,high,2024-10-21,Инверсия последнего H1 FVG перед экстремумом,верх FVG ниже L,rev,2024-11-12 13:00:00,False
SOLUSDT,low,2020-12-14,Инверсия последнего H4 FVG перед экстремумом,верх FVG выше L,rev,2020-12-29 00:00:00,False
SOLUSDT,low,2020-12-14,Инверсия последнего H1 FVG перед экстремумом,верх FVG ниже L,rev,2020-12-24 02:00:00,False
SOLUSDT,low,2020-12-14,Инверсия последнего D1 FVG перед экстремумом,верх FVG выше L,rev,2020-12-30 00:00:00,False
SOLUSDT,low,2022-10-03,Инверсия последнего H4 FVG перед экстремумом,верх FVG ниже L,rev,2022-10-13 20:00:00,False
SOLUSDT,low,2022-10-03,Инверсия последнего H1 FVG перед экстремумом,верх FVG ниже L,rev,2022-10-13 16:00:00,False
SOLUSDT,low,2022-11-28,Инверсия последнего H4 FVG перед экстремумом,верх FVG ниже L,rev,2023-01-02 08:00:00,False
SOLUSDT,low,2022-11-28,Инверсия последнего H1 FVG перед экстремумом,верх FVG ниже L,rev,2022-12-29 23:00:00,False
SOLUSDT,low,2022-11-28,Инверсия последнего D1 FVG перед экстремумом,верх FVG выше L,rev,2023-01-04 00:00:00,False
SOLUSDT,low,2023-01-30,Инверсия последнего H4 FVG перед экстремумом,верх FVG ниже L,rev,2023-02-12 20:00:00,False
SOLUSDT,low,2023-01-30,Инверсия последнего H1 FVG перед экстремумом,верх FVG ниже L,rev,2023-02-11 23:00:00,False
SOLUSDT,low,2023-01-30,Инверсия последнего D1 FVG перед экстремумом,верх FVG выше L,rev,2023-02-16 00:00:00,False
SOLUSDT,low,2024-03-25,Инверсия последнего H4 FVG перед экстремумом,верх FVG ниже L,rev,2024-04-15 00:00:00,False
SOLUSDT,low,2024-03-25,Инверсия последнего H1 FVG перед экстремумом,верх FVG ниже L,rev,2024-04-13 23:00:00,False
SOLUSDT,low,2024-05-27,Инверсия последнего H4 FVG перед экстремумом,верх FVG ниже L,rev,2024-06-12 16:00:00,False
SOLUSDT,low,2024-05-27,Инверсия последнего H1 FVG перед экстремумом,верх FVG ниже L,rev,2024-06-12 05:00:00,False
SOLUSDT,low,2025-02-10,Инверсия последнего H4 FVG перед экстремумом,верх FVG ниже L,rev,2025-02-28 16:00:00,False
SOLUSDT,low,2025-02-10,Инверсия последнего H1 FVG перед экстремумом,верх FVG ниже L,rev,2025-02-27 04:00:00,False
SOLUSDT,low,2025-02-10,Инверсия последнего D1 FVG перед экстремумом,верх FVG ниже L,rev,2025-03-03 00:00:00,False
SOLUSDT,low,2025-10-20,Инверсия последнего H4 FVG перед экстремумом,верх FVG ниже L,rev,2025-11-05 16:00:00,False
SOLUSDT,low,2025-10-20,Инверсия последнего H1 FVG перед экстремумом,верх FVG ниже L,rev,2025-11-04 23:00:00,False
SOLUSDT,low,2026-07-20,Инверсия последнего H4 FVG перед экстремумом,верх FVG выше L,rev,2026-08-03 20:00:00,False
SOLUSDT,low,2026-07-20,Инверсия последнего H1 FVG перед экстремумом,верх FVG ниже L,rev,2026-08-02 02:00:00,False
SOLUSDT,high,2021-03-01,Инверсия последнего H1 FVG перед экстремумом,верх FVG ниже L,rev,2021-04-03 15:00:00,False
SOLUSDT,high,2021-10-04,Инверсия последнего H4 FVG перед экстремумом,верх FVG ниже L,rev,2021-10-24 12:00:00,False
SOLUSDT,high,2021-10-04,Инверсия последнего H1 FVG перед экстремумом,верх FVG ниже L,rev,2021-10-22 18:00:00,False
SOLUSDT,high,2022-07-04,Инверсия последнего H4 FVG перед экстремумом,верх FVG ниже L,rev,2022-07-20 20:00:00,False
SOLUSDT,high,2022-07-04,Инверсия последнего H1 FVG перед экстремумом,верх FVG ниже L,rev,2022-07-19 20:00:00,False
SOLUSDT,high,2022-07-04,Инверсия последнего D1 FVG перед экстремумом,верх FVG выше L,rev,2022-07-23 00:00:00,False
SOLUSDT,high,2023-04-03,Инверсия последнего H4 FVG перед экстремумом,верх FVG ниже L,rev,2023-04-12 04:00:00,False
SOLUSDT,high,2023-04-03,Инверсия последнего H1 FVG перед экстремумом,верх FVG ниже L,rev,2023-04-12 03:00:00,False
SOLUSDT,high,2023-11-20,Инверсия последнего H4 FVG перед экстремумом,верх FVG ниже L,rev,2023-12-11 08:00:00,False
SOLUSDT,high,2023-11-20,Инверсия последнего H1 FVG перед экстремумом,верх FVG ниже L,rev,2023-12-09 02:00:00,False
SOLUSDT,high,2023-11-20,Инверсия последнего D1 FVG перед экстремумом,верх FVG ниже L,rev,2023-12-13 00:00:00,False
SOLUSDT,high,2024-07-08,Инверсия последнего H4 FVG перед экстремумом,верх FVG ниже L,rev,2024-07-23 08:00:00,False
SOLUSDT,high,2024-07-08,Инверсия последнего H1 FVG перед экстремумом,верх FVG ниже L,rev,2024-07-22 09:00:00,False
SOLUSDT,high,2024-10-07,Инверсия последнего H4 FVG перед экстремумом,верх FVG ниже L,rev,2024-10-21 12:00:00,False
SOLUSDT,high,2024-10-07,Инверсия последнего H1 FVG перед экстремумом,верх FVG ниже L,rev,2024-10-21 09:00:00,False
SOLUSDT,high,2025-03-17,Инверсия последнего H4 FVG перед экстремумом,верх FVG ниже L,rev,2025-03-26 16:00:00,False
SOLUSDT,high,2025-03-17,Инверсия последнего H1 FVG перед экстремумом,верх FVG ниже L,rev,2025-03-26 03:00:00,False
SOLUSDT,high,2025-03-17,Инверсия последнего D1 FVG перед экстремумом,верх FVG выше L,rev,2025-03-29 00:00:00,False
SOLUSDT,high,2025-04-28,Инверсия последнего H4 FVG перед экстремумом,верх FVG ниже L,rev,2025-05-13 04:00:00,False
SOLUSDT,high,2025-04-28,Инверсия последнего H1 FVG перед экстремумом,верх FVG ниже L,rev,2025-05-11 08:00:00,False
SOLUSDT,high,2025-09-01,Инверсия последнего H4 FVG перед экстремумом,верх FVG ниже L,rev,2025-09-15 08:00:00,False
SOLUSDT,high,2025-09-01,Инверсия последнего H1 FVG перед экстремумом,верх FVG ниже L,rev,2025-09-13 17:00:00,False
SOLUSDT,high,2025-12-22,Инверсия последнего H4 FVG перед экстремумом,верх FVG ниже L,rev,2026-01-07 16:00:00,False
SOLUSDT,high,2025-12-22,Инверсия последнего H1 FVG перед экстремумом,верх FVG ниже L,rev,2026-01-06 18:00:00,False
SOLUSDT,high,2026-07-06,Инверсия последнего H4 FVG перед экстремумом,верх FVG ниже L,rev,2026-08-25 12:00:00,False
SOLUSDT,high,2026-07-06,Инверсия последнего H1 FVG перед экстремумом,верх FVG ниже L,rev,2026-08-22 06:00:00,False
SOLUSDT,high,2026-08-10,Инверсия последнего H4 FVG перед экстремумом,верх FVG ниже L,rev,2026-08-25 12:00:00,False
SOLUSDT,high,2026-08-10,Инверсия последнего H1 FVG перед экстремумом,верх FVG ниже L,rev,2026-08-22 06:00:00,False
SOLUSDT,high,2026-08-31,Инверсия последнего H4 FVG перед экстремумом,верх FVG ниже L,rev,2026-09-28 04:00:00,True
SOLUSDT,high,2026-08-31,Инверсия последнего H1 FVG перед экстремумом,верх FVG ниже L,rev,2026-09-22 01:00:00,True
XRPUSDT,low,2020-11-30,Инверсия последнего H1 FVG перед экстремумом,верх FVG ниже L,rev,2020-12-24 23:00:00,False
XRPUSDT,low,2021-10-18,Инверсия последнего H4 FVG перед экстремумом,верх FVG выше L,rev,2021-10-31 04:00:00,False
XRPUSDT,low,2021-10-18,Инверсия последнего H1 FVG перед экстремумом,верх FVG выше L,rev,2021-10-30 06:00:00,False
XRPUSDT,low,2022-04-18,Инверсия последнего H1 FVG перед экстремумом,верх FVG ниже L,rev,2022-04-27 02:00:00,False
XRPUSDT,low,2023-05-01,Инверсия последнего H1 FVG перед экстремумом,верх FVG ниже L,rev,2023-05-10 02:00:00,False
XRPUSDT,low,2023-09-04,Инверсия последнего H4 FVG перед экстремумом,верх FVG выше L,rev,2023-09-14 20:00:00,False
XRPUSDT,low,2023-09-04,Инверсия последнего H1 FVG перед экстремумом,верх FVG ниже L,rev,2023-09-12 11:00:00,False
XRPUSDT,low,2024-06-10,Инверсия последнего H4 FVG перед экстремумом,верх FVG ниже L,rev,2024-07-06 16:00:00,False
XRPUSDT,low,2024-06-10,Инверсия последнего H1 FVG перед экстремумом,верх FVG ниже L,rev,2024-07-05 14:00:00,False
XRPUSDT,low,2025-01-20,Инверсия последнего H4 FVG перед экстремумом,верх FVG выше L,rev,2025-02-03 20:00:00,False
XRPUSDT,low,2025-01-20,Инверсия последнего H1 FVG перед экстремумом,верх FVG ниже L,rev,2025-02-03 04:00:00,False
XRPUSDT,low,2025-02-17,Инверсия последнего H4 FVG перед экстремумом,верх FVG ниже L,rev,2025-02-28 16:00:00,False
XRPUSDT,low,2025-02-17,Инверсия последнего H1 FVG перед экстремумом,верх FVG ниже L,rev,2025-02-25 13:00:00,False
XRPUSDT,low,2025-02-17,Инверсия последнего D1 FVG перед экстремумом,верх FVG выше L,rev,2025-03-03 00:00:00,False
XRPUSDT,low,2025-09-15,Инверсия последнего H4 FVG перед экстремумом,верх FVG выше L,rev,2025-09-24 20:00:00,False
XRPUSDT,low,2025-09-15,Инверсия последнего H1 FVG перед экстремумом,верх FVG выше L,rev,2025-09-24 15:00:00,False
XRPUSDT,high,2020-01-20,Инверсия последнего H1 FVG перед экстремумом,верх FVG ниже L,rev,2020-02-05 11:00:00,False
XRPUSDT,high,2020-03-30,Инверсия последнего H4 FVG перед экстремумом,верх FVG ниже L,rev,2020-04-10 08:00:00,False
XRPUSDT,high,2020-03-30,Инверсия последнего H1 FVG перед экстремумом,верх FVG ниже L,rev,2020-04-07 21:00:00,False
XRPUSDT,high,2020-06-08,Инверсия последнего H1 FVG перед экстремумом,верх FVG ниже L,rev,2020-07-30 02:00:00,False
XRPUSDT,high,2020-06-29,Инверсия последнего H1 FVG перед экстремумом,верх FVG ниже L,rev,2020-07-09 02:00:00,False
XRPUSDT,high,2020-07-13,Инверсия последнего H1 FVG перед экстремумом,верх FVG ниже L,rev,2020-07-28 04:00:00,False
XRPUSDT,high,2021-01-11,Инверсия последнего H4 FVG перед экстремумом,верх FVG ниже L,rev,2021-02-01 16:00:00,False
XRPUSDT,high,2021-01-11,Инверсия последнего H1 FVG перед экстремумом,верх FVG ниже L,rev,2021-02-01 13:00:00,False
XRPUSDT,high,2021-02-08,Инверсия последнего H1 FVG перед экстремумом,верх FVG ниже L,rev,2021-04-07 07:00:00,False
XRPUSDT,high,2021-03-01,Инверсия последнего H1 FVG перед экстремумом,верх FVG ниже L,rev,2021-04-07 07:00:00,False
XRPUSDT,high,2021-03-08,Инверсия последнего H4 FVG перед экстремумом,верх FVG ниже L,rev,2021-03-24 20:00:00,False
XRPUSDT,high,2021-03-08,Инверсия последнего H1 FVG перед экстремумом,верх FVG ниже L,rev,2021-03-22 21:00:00,False
XRPUSDT,high,2021-06-28,Инверсия последнего H4 FVG перед экстремумом,верх FVG ниже L,rev,2021-08-15 08:00:00,False
XRPUSDT,high,2021-06-28,Инверсия последнего H1 FVG перед экстремумом,верх FVG ниже L,rev,2021-08-11 12:00:00,False
XRPUSDT,high,2021-12-13,Инверсия последнего H4 FVG перед экстремумом,верх FVG выше L,rev,2021-12-24 20:00:00,False
XRPUSDT,high,2021-12-13,Инверсия последнего H1 FVG перед экстремумом,верх FVG ниже L,rev,2021-12-23 12:00:00,False
XRPUSDT,high,2021-12-13,Инверсия последнего D1 FVG перед экстремумом,верх FVG выше L,rev,2021-12-25 00:00:00,False
XRPUSDT,high,2022-01-24,Инверсия последнего H4 FVG перед экстремумом,верх FVG ниже L,rev,2022-02-08 16:00:00,False
XRPUSDT,high,2022-01-24,Инверсия последнего H1 FVG перед экстремумом,верх FVG ниже L,rev,2022-02-08 15:00:00,False
XRPUSDT,high,2022-01-24,Инверсия последнего D1 FVG перед экстремумом,верх FVG ниже L,rev,2022-02-11 00:00:00,False
XRPUSDT,high,2022-03-14,Инверсия последнего H4 FVG перед экстремумом,верх FVG ниже L,rev,2022-03-29 00:00:00,False
XRPUSDT,high,2022-03-14,Инверсия последнего H1 FVG перед экстремумом,верх FVG ниже L,rev,2022-03-29 00:00:00,False
XRPUSDT,high,2022-03-14,Инверсия последнего D1 FVG перед экстремумом,верх FVG выше L,rev,2022-04-01 00:00:00,False
XRPUSDT,high,2022-10-24,Инверсия последнего H4 FVG перед экстремумом,верх FVG выше L,rev,2022-11-07 08:00:00,False
XRPUSDT,high,2022-10-24,Инверсия последнего H1 FVG перед экстремумом,верх FVG ниже L,rev,2022-11-05 10:00:00,False
XRPUSDT,high,2022-10-24,Инверсия последнего D1 FVG перед экстремумом,верх FVG выше L,rev,2022-11-09 00:00:00,False
XRPUSDT,high,2023-03-13,Инверсия последнего H4 FVG перед экстремумом,верх FVG ниже L,rev,2023-03-22 20:00:00,False
XRPUSDT,high,2023-03-13,Инверсия последнего H1 FVG перед экстремумом,верх FVG ниже L,rev,2023-03-22 02:00:00,False
XRPUSDT,high,2024-02-05,Инверсия последнего H4 FVG перед экстремумом,верх FVG ниже L,rev,2024-02-17 12:00:00,False
XRPUSDT,high,2024-02-05,Инверсия последнего H1 FVG перед экстремумом,верх FVG ниже L,rev,2024-02-16 08:00:00,False
XRPUSDT,high,2024-02-19,Инверсия последнего H4 FVG перед экстремумом,верх FVG ниже L,rev,2024-03-01 00:00:00,False
XRPUSDT,high,2024-02-19,Инверсия последнего H1 FVG перед экстремумом,верх FVG выше L,rev,2024-02-28 19:00:00,False
XRPUSDT,high,2024-10-28,Инверсия последнего H1 FVG перед экстремумом,верх FVG ниже L,rev,2024-11-10 21:00:00,False
XRPUSDT,high,2024-12-23,Инверсия последнего H4 FVG перед экстремумом,верх FVG ниже L,rev,2025-01-17 16:00:00,False
XRPUSDT,high,2024-12-23,Инверсия последнего H1 FVG перед экстремумом,верх FVG ниже L,rev,2025-01-16 01:00:00,False
XRPUSDT,high,2025-06-23,Инверсия последнего H4 FVG перед экстремумом,верх FVG ниже L,rev,2025-07-15 04:00:00,False
XRPUSDT,high,2025-06-23,Инверсия последнего H1 FVG перед экстремумом,верх FVG ниже L,rev,2025-07-12 16:00:00,False
XRPUSDT,high,2025-12-22,Инверсия последнего H4 FVG перед экстремумом,верх FVG ниже L,rev,2026-01-06 20:00:00,False
XRPUSDT,high,2025-12-22,Инверсия последнего H1 FVG перед экстремумом,верх FVG ниже L,rev,2026-01-06 17:00:00,False
XRPUSDT,high,2025-12-22,Инверсия последнего D1 FVG перед экстремумом,верх FVG ниже L,rev,2026-01-10 00:00:00,False
XRPUSDT,high,2026-03-02,Инверсия последнего H4 FVG перед экстремумом,верх FVG ниже L,rev,2026-03-17 12:00:00,False
XRPUSDT,high,2026-03-02,Инверсия последнего H1 FVG перед экстремумом,верх FVG ниже L,rev,2026-03-17 04:00:00,False
XRPUSDT,high,2026-03-02,Инверсия последнего D1 FVG перед экстремумом,верх FVG выше L,rev,2026-03-19 00:00:00,False
XRPUSDT,high,2026-03-09,Инверсия последнего H4 FVG перед экстремумом,верх FVG ниже L,rev,2026-03-17 12:00:00,False
XRPUSDT,high,2026-03-09,Инверсия последнего H1 FVG перед экстремумом,верх FVG ниже L,rev,2026-03-17 04:00:00,False
XRPUSDT,high,2026-03-09,Инверсия последнего D1 FVG перед экстремумом,верх FVG выше L,rev,2026-03-19 00:00:00,False
