sym,side,ib_week,open,status
ADAUSDT,low,2020-03-02,False,invalidated
ADAUSDT,low,2020-06-08,False,signal
ADAUSDT,low,2020-07-27,False,invalidated
ADAUSDT,low,2020-09-07,False,signal
ADAUSDT,low,2020-09-14,False,signal
ADAUSDT,low,2021-07-05,False,invalidated
ADAUSDT,low,2021-09-13,False,invalidated
ADAUSDT,low,2021-09-27,False,invalidated
ADAUSDT,low,2021-12-06,False,invalidated
ADAUSDT,low,2022-01-24,False,invalidated
ADAUSDT,low,2022-06-06,False,signal
ADAUSDT,low,2022-06-20,False,invalidated
ADAUSDT,low,2022-07-04,False,signal
ADAUSDT,low,2022-09-26,False,invalidated
ADAUSDT,low,2022-10-31,False,invalidated
ADAUSDT,low,2022-11-14,False,signal
ADAUSDT,low,2023-02-20,False,invalidated
ADAUSDT,low,2023-07-17,False,invalidated
ADAUSDT,low,2023-07-24,False,invalidated
ADAUSDT,low,2023-12-18,False,invalidated
ADAUSDT,low,2024-01-15,False,signal
ADAUSDT,low,2024-03-25,False,invalidated
ADAUSDT,low,2025-01-20,False,signal
ADAUSDT,low,2025-02-17,False,signal
ADAUSDT,low,2025-03-17,False,signal
ADAUSDT,low,2025-08-18,False,invalidated
ADAUSDT,low,2025-09-15,False,invalidated
ADAUSDT,low,2025-10-20,False,invalidated
ADAUSDT,low,2025-11-24,False,signal
ADAUSDT,low,2026-06-08,False,invalidated
ADAUSDT,high,2020-03-16,False,invalidated
ADAUSDT,high,2020-03-23,False,invalidated
ADAUSDT,high,2020-05-11,False,signal
ADAUSDT,high,2020-07-13,False,invalidated
ADAUSDT,high,2020-11-09,False,invalidated
ADAUSDT,high,2020-11-30,False,signal
ADAUSDT,high,2021-01-18,False,invalidated
ADAUSDT,high,2021-01-25,False,invalidated
ADAUSDT,high,2021-03-01,False,signal
ADAUSDT,high,2021-03-22,False,signal
ADAUSDT,high,2021-03-29,False,signal
ADAUSDT,high,2021-11-01,False,signal
ADAUSDT,high,2022-08-01,False,invalidated
ADAUSDT,high,2023-04-03,False,signal
ADAUSDT,high,2023-06-12,False,invalidated
ADAUSDT,high,2023-06-26,False,invalidated
ADAUSDT,high,2023-11-20,False,signal
ADAUSDT,high,2024-06-24,False,signal
ADAUSDT,high,2024-08-12,False,invalidated
ADAUSDT,high,2024-10-28,False,invalidated
ADAUSDT,high,2024-12-23,False,invalidated
ADAUSDT,high,2025-04-14,False,invalidated
ADAUSDT,high,2025-04-28,False,invalidated
ADAUSDT,high,2025-06-23,False,invalidated
ADAUSDT,high,2025-08-04,False,invalidated
ADAUSDT,high,2026-02-09,False,signal
ADAUSDT,high,2026-02-16,False,signal
ADAUSDT,high,2026-03-09,False,signal
ADAUSDT,high,2026-03-30,False,invalidated
ADAUSDT,high,2026-04-20,False,invalidated
ADAUSDT,high,2026-07-06,False,invalidated
ADAUSDT,high,2026-08-24,True,invalidated
ADAUSDT,high,2026-08-31,False,signal
BNBUSDT,low,2021-03-15,False,signal
BNBUSDT,low,2021-06-07,False,invalidated
BNBUSDT,low,2021-08-30,False,invalidated
BNBUSDT,low,2021-09-13,False,invalidated
BNBUSDT,low,2021-11-08,False,invalidated
BNBUSDT,low,2021-11-22,False,signal
BNBUSDT,low,2021-12-06,False,invalidated
BNBUSDT,low,2022-01-24,False,signal
BNBUSDT,low,2022-05-16,False,invalidated
BNBUSDT,low,2022-05-30,False,invalidated
BNBUSDT,low,2022-11-14,False,signal
BNBUSDT,low,2022-11-28,False,invalidated
BNBUSDT,low,2023-02-06,False,signal
BNBUSDT,low,2023-02-20,False,invalidated
BNBUSDT,low,2023-04-17,False,invalidated
BNBUSDT,low,2023-04-24,False,invalidated
BNBUSDT,low,2023-05-01,False,invalidated
BNBUSDT,low,2023-05-15,False,invalidated
BNBUSDT,low,2023-07-17,False,invalidated
BNBUSDT,low,2023-08-07,False,invalidated
BNBUSDT,low,2024-12-09,False,signal
BNBUSDT,low,2025-01-20,False,signal
BNBUSDT,low,2025-02-17,False,invalidated
BNBUSDT,low,2025-10-20,False,invalidated
BNBUSDT,low,2025-11-10,False,invalidated
BNBUSDT,low,2026-02-09,False,signal
BNBUSDT,low,2026-02-16,False,signal
BNBUSDT,low,2026-06-08,False,invalidated
BNBUSDT,high,2020-03-16,False,invalidated
BNBUSDT,high,2020-03-23,False,invalidated
BNBUSDT,high,2020-04-20,False,invalidated
BNBUSDT,high,2020-05-11,False,invalidated
BNBUSDT,high,2020-06-29,False,invalidated
BNBUSDT,high,2020-10-05,False,invalidated
BNBUSDT,high,2020-10-19,False,signal
BNBUSDT,high,2020-11-09,False,invalidated
BNBUSDT,high,2020-11-30,False,invalidated
BNBUSDT,high,2020-12-21,False,invalidated
BNBUSDT,high,2021-01-25,False,invalidated
BNBUSDT,high,2021-02-22,False,invalidated
BNBUSDT,high,2021-03-01,False,signal
BNBUSDT,high,2021-04-19,False,signal
BNBUSDT,high,2021-06-28,False,invalidated
BNBUSDT,high,2021-12-20,False,signal
BNBUSDT,high,2022-03-07,False,invalidated
BNBUSDT,high,2022-06-20,False,invalidated
BNBUSDT,high,2022-06-27,False,signal
BNBUSDT,high,2022-10-17,False,invalidated
BNBUSDT,high,2022-12-19,False,invalidated
BNBUSDT,high,2022-12-26,False,invalidated
BNBUSDT,high,2023-01-16,False,invalidated
BNBUSDT,high,2023-03-20,False,invalidated
BNBUSDT,high,2023-09-25,False,signal
BNBUSDT,high,2024-01-01,False,invalidated
BNBUSDT,high,2024-01-08,False,invalidated
BNBUSDT,high,2024-01-29,False,invalidated
BNBUSDT,high,2024-04-15,False,invalidated
BNBUSDT,high,2024-05-27,False,invalidated
BNBUSDT,high,2024-07-08,False,invalidated
BNBUSDT,high,2024-10-07,False,invalidated
BNBUSDT,high,2024-11-25,False,invalidated
BNBUSDT,high,2024-12-23,False,signal
BNBUSDT,high,2024-12-30,False,signal
BNBUSDT,high,2025-04-14,False,invalidated
BNBUSDT,high,2025-06-23,False,signal
BNBUSDT,high,2025-08-04,False,invalidated
BNBUSDT,high,2025-08-25,False,invalidated
BNBUSDT,high,2025-09-22,False,invalidated
BNBUSDT,high,2025-11-24,False,invalidated
BNBUSDT,high,2025-12-08,False,invalidated
BNBUSDT,high,2025-12-22,False,invalidated
BNBUSDT,high,2026-07-06,False,signal
BNBUSDT,high,2026-07-20,False,signal
BNBUSDT,high,2026-08-24,False,signal
BNBUSDT,high,2026-09-07,True,invalidated
BTCUSDT,low,2021-05-31,False,signal
BTCUSDT,low,2021-09-13,False,signal
BTCUSDT,low,2021-12-06,False,invalidated
BTCUSDT,low,2022-05-16,False,invalidated
BTCUSDT,low,2022-08-29,False,signal
BTCUSDT,low,2022-11-14,False,signal
BTCUSDT,low,2023-05-01,False,invalidated
BTCUSDT,low,2023-05-15,False,signal
BTCUSDT,low,2023-09-04,False,signal
BTCUSDT,low,2024-12-23,False,signal
BTCUSDT,low,2025-02-10,False,invalidated
BTCUSDT,low,2025-03-03,False,signal
BTCUSDT,low,2025-05-26,False,signal
BTCUSDT,low,2025-10-13,False,signal
BTCUSDT,low,2026-02-16,False,signal
BTCUSDT,low,2026-06-08,False,invalidated
BTCUSDT,high,2020-01-20,False,invalidated
BTCUSDT,high,2020-03-16,False,invalidated
BTCUSDT,high,2020-05-11,False,signal
BTCUSDT,high,2020-06-29,False,invalidated
BTCUSDT,high,2020-08-03,False,signal
BTCUSDT,high,2020-09-07,False,invalidated
BTCUSDT,high,2021-01-11,False,invalidated
BTCUSDT,high,2021-03-01,False,invalidated
BTCUSDT,high,2021-03-15,False,signal
BTCUSDT,high,2021-08-02,False,invalidated
BTCUSDT,high,2022-03-14,False,invalidated
BTCUSDT,high,2022-08-01,False,invalidated
BTCUSDT,high,2022-10-17,False,invalidated
BTCUSDT,high,2022-12-26,False,invalidated
BTCUSDT,high,2023-04-03,False,invalidated
BTCUSDT,high,2023-06-26,False,signal
BTCUSDT,high,2023-08-21,False,invalidated
BTCUSDT,high,2023-12-11,False,signal
BTCUSDT,high,2023-12-25,False,signal
BTCUSDT,high,2024-05-27,False,signal
BTCUSDT,high,2024-07-08,False,invalidated
BTCUSDT,high,2024-08-12,False,invalidated
BTCUSDT,high,2024-11-25,False,signal
BTCUSDT,high,2025-06-23,False,signal
BTCUSDT,high,2025-08-04,False,signal
BTCUSDT,high,2025-10-20,False,signal
BTCUSDT,high,2025-11-24,False,invalidated
BTCUSDT,high,2026-03-09,False,signal
BTCUSDT,high,2026-03-30,False,invalidated
BTCUSDT,high,2026-08-03,False,invalidated
BTCUSDT,high,2026-08-10,False,invalidated
DOGEUSDT,low,2020-08-03,False,invalidated
DOGEUSDT,low,2021-03-15,False,invalidated
DOGEUSDT,low,2021-05-24,False,signal
DOGEUSDT,low,2021-06-07,False,invalidated
DOGEUSDT,low,2021-06-28,False,invalidated
DOGEUSDT,low,2021-08-30,False,invalidated
DOGEUSDT,low,2021-09-13,False,invalidated
DOGEUSDT,low,2021-11-01,False,invalidated
DOGEUSDT,low,2021-12-06,False,invalidated
DOGEUSDT,low,2021-12-20,False,invalidated
DOGEUSDT,low,2021-12-27,False,invalidated
DOGEUSDT,low,2022-01-24,False,signal
DOGEUSDT,low,2022-05-16,False,invalidated
DOGEUSDT,low,2022-05-30,False,invalidated
DOGEUSDT,low,2022-07-04,False,invalidated
DOGEUSDT,low,2022-09-26,False,signal
DOGEUSDT,low,2022-11-14,False,signal
DOGEUSDT,low,2023-02-13,False,invalidated
DOGEUSDT,low,2023-04-10,False,signal
DOGEUSDT,low,2023-05-01,False,invalidated
DOGEUSDT,low,2023-05-15,False,signal
DOGEUSDT,low,2023-07-31,False,invalidated
DOGEUSDT,low,2024-04-15,False,signal
DOGEUSDT,low,2024-04-22,False,signal
DOGEUSDT,low,2024-05-27,False,invalidated
DOGEUSDT,low,2024-06-24,False,invalidated
DOGEUSDT,low,2024-07-22,False,invalidated
DOGEUSDT,low,2025-01-20,False,signal
DOGEUSDT,low,2025-02-10,False,invalidated
DOGEUSDT,low,2025-05-12,False,invalidated
DOGEUSDT,low,2025-09-15,False,invalidated
DOGEUSDT,low,2025-10-20,False,invalidated
DOGEUSDT,low,2025-11-10,False,signal
DOGEUSDT,low,2025-11-24,False,signal
DOGEUSDT,low,2025-12-08,False,invalidated
DOGEUSDT,low,2025-12-22,False,signal
DOGEUSDT,low,2026-02-16,False,signal
DOGEUSDT,low,2026-06-08,False,invalidated
DOGEUSDT,low,2026-06-15,False,invalidated
DOGEUSDT,low,2026-07-06,False,signal
DOGEUSDT,low,2026-09-07,True,signal
DOGEUSDT,high,2020-07-20,False,invalidated
DOGEUSDT,high,2020-08-10,False,signal
DOGEUSDT,high,2020-09-28,False,invalidated
DOGEUSDT,high,2020-10-05,False,invalidated
DOGEUSDT,high,2020-10-12,False,invalidated
DOGEUSDT,high,2020-10-19,False,invalidated
DOGEUSDT,high,2020-11-30,False,invalidated
DOGEUSDT,high,2021-01-04,False,invalidated
DOGEUSDT,high,2021-01-18,False,invalidated
DOGEUSDT,high,2021-03-01,False,invalidated
DOGEUSDT,high,2021-04-19,False,invalidated
DOGEUSDT,high,2021-04-26,False,invalidated
DOGEUSDT,high,2021-09-27,False,invalidated
DOGEUSDT,high,2021-10-11,False,invalidated
DOGEUSDT,high,2022-02-28,False,invalidated
DOGEUSDT,high,2022-08-01,False,invalidated
DOGEUSDT,high,2022-10-17,False,invalidated
DOGEUSDT,high,2023-01-02,False,invalidated
DOGEUSDT,high,2023-06-12,False,invalidated
DOGEUSDT,high,2023-10-30,False,invalidated
DOGEUSDT,high,2023-11-20,False,invalidated
DOGEUSDT,high,2024-01-08,False,invalidated
DOGEUSDT,high,2024-01-22,False,signal
DOGEUSDT,high,2024-01-29,False,invalidated
DOGEUSDT,high,2024-03-11,False,invalidated
DOGEUSDT,high,2024-05-06,False,signal
DOGEUSDT,high,2024-07-08,False,invalidated
DOGEUSDT,high,2024-08-12,False,invalidated
DOGEUSDT,high,2024-10-07,False,invalidated
DOGEUSDT,high,2024-11-25,False,invalidated
DOGEUSDT,high,2024-12-23,False,invalidated
DOGEUSDT,high,2025-01-06,False,signal
DOGEUSDT,high,2025-03-17,False,signal
DOGEUSDT,high,2025-04-28,False,invalidated
DOGEUSDT,high,2025-06-23,False,invalidated
DOGEUSDT,high,2025-08-04,False,signal
DOGEUSDT,high,2026-03-09,False,signal
DOGEUSDT,high,2026-03-30,False,signal
DOGEUSDT,high,2026-04-20,False,invalidated
DOGEUSDT,high,2026-08-03,False,invalidated
DOGEUSDT,high,2026-08-24,True,invalidated
ETHUSDT,low,2020-02-17,False,invalidated
ETHUSDT,low,2020-06-08,False,signal
ETHUSDT,low,2021-03-15,False,signal
ETHUSDT,low,2021-05-31,False,invalidated
ETHUSDT,low,2021-09-13,False,invalidated
ETHUSDT,low,2021-12-06,False,invalidated
ETHUSDT,low,2022-05-16,False,invalidated
ETHUSDT,low,2022-05-30,False,invalidated
ETHUSDT,low,2022-09-26,False,signal
ETHUSDT,low,2022-10-03,False,signal
ETHUSDT,low,2023-02-20,False,signal
ETHUSDT,low,2023-05-29,False,invalidated
ETHUSDT,low,2023-10-02,False,invalidated
ETHUSDT,low,2024-10-28,False,signal
ETHUSDT,low,2024-12-23,False,signal
ETHUSDT,low,2025-01-20,False,invalidated
ETHUSDT,low,2025-02-10,False,invalidated
ETHUSDT,low,2025-03-17,False,invalidated
ETHUSDT,low,2025-08-25,False,invalidated
ETHUSDT,low,2025-09-15,False,invalidated
ETHUSDT,low,2025-10-13,False,invalidated
ETHUSDT,low,2025-10-20,False,invalidated
ETHUSDT,low,2026-02-16,False,signal
ETHUSDT,low,2026-04-20,False,invalidated
ETHUSDT,low,2026-09-28,True,open
ETHUSDT,high,2020-01-20,False,invalidated
ETHUSDT,high,2020-03-23,False,invalidated
ETHUSDT,high,2020-06-29,False,invalidated
ETHUSDT,high,2020-07-13,False,invalidated
ETHUSDT,high,2020-08-03,False,invalidated
ETHUSDT,high,2020-09-28,False,invalidated
ETHUSDT,high,2020-10-26,False,invalidated
ETHUSDT,high,2021-01-11,False,signal
ETHUSDT,high,2021-03-01,False,invalidated
ETHUSDT,high,2022-06-20,False,invalidated
ETHUSDT,high,2022-08-01,False,signal
ETHUSDT,high,2022-11-14,False,invalidated
ETHUSDT,high,2022-12-05,False,signal
ETHUSDT,high,2022-12-26,False,invalidated
ETHUSDT,high,2023-01-23,False,signal
ETHUSDT,high,2023-05-15,False,invalidated
ETHUSDT,high,2023-11-13,False,invalidated
ETHUSDT,high,2023-12-18,False,signal
ETHUSDT,high,2024-01-15,False,invalidated
ETHUSDT,high,2024-01-29,False,invalidated
ETHUSDT,high,2024-04-15,False,invalidated
ETHUSDT,high,2024-05-06,False,invalidated
ETHUSDT,high,2024-07-08,False,invalidated
ETHUSDT,high,2024-09-09,False,invalidated
ETHUSDT,high,2024-10-07,False,invalidated
ETHUSDT,high,2025-05-19,False,signal
ETHUSDT,high,2025-06-23,False,invalidated
ETHUSDT,high,2025-11-24,False,signal
ETHUSDT,high,2025-12-22,False,invalidated
ETHUSDT,high,2026-03-30,False,invalidated
ETHUSDT,high,2026-08-03,False,invalidated
ETHUSDT,high,2026-08-10,False,invalidated
LINKUSDT,low,2020-07-20,False,signal
LINKUSDT,low,2020-08-17,False,invalidated
LINKUSDT,low,2020-08-24,False,invalidated
LINKUSDT,low,2020-09-07,False,invalidated
LINKUSDT,low,2020-10-26,False,signal
LINKUSDT,low,2020-11-30,False,invalidated
LINKUSDT,low,2021-05-24,False,invalidated
LINKUSDT,low,2021-05-31,False,invalidated
LINKUSDT,low,2021-06-28,False,invalidated
LINKUSDT,low,2021-09-13,False,invalidated
LINKUSDT,low,2022-01-10,False,invalidated
LINKUSDT,low,2022-05-16,False,signal
LINKUSDT,low,2022-07-04,False,signal
LINKUSDT,low,2022-12-05,False,signal
LINKUSDT,low,2023-05-01,False,invalidated
LINKUSDT,low,2023-05-15,False,signal
LINKUSDT,low,2023-07-24,False,invalidated
LINKUSDT,low,2024-12-16,False,signal
LINKUSDT,low,2024-12-23,False,signal
LINKUSDT,low,2025-02-10,False,invalidated
LINKUSDT,low,2025-09-15,False,invalidated
LINKUSDT,low,2025-10-20,False,invalidated
LINKUSDT,low,2026-02-16,False,signal
LINKUSDT,low,2026-05-11,False,invalidated
LINKUSDT,high,2020-02-17,False,signal
LINKUSDT,high,2020-03-23,False,invalidated
LINKUSDT,high,2020-06-29,False,invalidated
LINKUSDT,high,2020-09-28,False,invalidated
LINKUSDT,high,2020-11-09,False,signal
LINKUSDT,high,2021-03-01,False,signal
LINKUSDT,high,2021-04-19,False,invalidated
LINKUSDT,high,2021-04-26,False,signal
LINKUSDT,high,2021-11-01,False,invalidated
LINKUSDT,high,2021-12-06,False,invalidated
LINKUSDT,high,2021-12-13,False,invalidated
LINKUSDT,high,2022-10-17,False,invalidated
LINKUSDT,high,2023-01-02,False,invalidated
LINKUSDT,high,2023-01-30,False,signal
LINKUSDT,high,2023-04-03,False,invalidated
LINKUSDT,high,2023-06-12,False,invalidated
LINKUSDT,high,2023-08-21,False,invalidated
LINKUSDT,high,2023-10-02,False,invalidated
LINKUSDT,high,2023-11-13,False,signal
LINKUSDT,high,2023-11-20,False,invalidated
LINKUSDT,high,2024-01-08,False,signal
LINKUSDT,high,2024-04-15,False,invalidated
LINKUSDT,high,2024-07-08,False,invalidated
LINKUSDT,high,2024-08-12,False,invalidated
LINKUSDT,high,2025-04-28,False,invalidated
LINKUSDT,high,2025-06-23,False,invalidated
LINKUSDT,high,2025-11-24,False,invalidated
LINKUSDT,high,2025-12-22,False,invalidated
LINKUSDT,high,2026-02-09,False,signal
LINKUSDT,high,2026-03-09,False,signal
LINKUSDT,high,2026-03-30,False,invalidated
LINKUSDT,high,2026-04-20,False,invalidated
LINKUSDT,high,2026-07-06,False,invalidated
LINKUSDT,high,2026-08-03,False,invalidated
LINKUSDT,high,2026-08-24,False,invalidated
LTCUSDT,low,2020-09-07,False,signal
LTCUSDT,low,2020-09-14,False,invalidated
LTCUSDT,low,2021-03-15,False,invalidated
LTCUSDT,low,2021-05-24,False,invalidated
LTCUSDT,low,2021-05-31,False,invalidated
LTCUSDT,low,2021-06-28,False,invalidated
LTCUSDT,low,2021-12-06,False,invalidated
LTCUSDT,low,2022-01-24,False,signal
LTCUSDT,low,2022-04-18,False,signal
LTCUSDT,low,2022-05-16,False,invalidated
LTCUSDT,low,2022-05-30,False,invalidated
LTCUSDT,low,2022-09-26,False,signal
LTCUSDT,low,2023-02-20,False,invalidated
LTCUSDT,low,2023-04-24,False,invalidated
LTCUSDT,low,2023-10-02,False,invalidated
LTCUSDT,low,2023-11-13,False,signal
LTCUSDT,low,2024-05-27,False,invalidated
LTCUSDT,low,2024-06-10,False,invalidated
LTCUSDT,low,2024-08-19,False,signal
LTCUSDT,low,2025-01-20,False,invalidated
LTCUSDT,low,2025-03-17,False,invalidated
LTCUSDT,low,2025-05-12,False,invalidated
LTCUSDT,low,2025-09-15,False,invalidated
LTCUSDT,low,2025-11-10,False,invalidated
LTCUSDT,low,2025-11-24,False,signal
LTCUSDT,low,2026-02-16,False,signal
LTCUSDT,low,2026-06-08,False,signal
LTCUSDT,low,2026-08-03,False,signal
LTCUSDT,high,2020-01-20,False,invalidated
LTCUSDT,high,2020-03-23,False,invalidated
LTCUSDT,high,2020-05-11,False,invalidated
LTCUSDT,high,2020-06-29,False,invalidated
LTCUSDT,high,2020-08-03,False,signal
LTCUSDT,high,2020-11-30,False,invalidated
LTCUSDT,high,2021-01-18,False,invalidated
LTCUSDT,high,2021-03-01,False,invalidated
LTCUSDT,high,2021-04-26,False,invalidated
LTCUSDT,high,2022-08-01,False,invalidated
LTCUSDT,high,2022-10-17,False,signal
LTCUSDT,high,2022-11-14,False,invalidated
LTCUSDT,high,2022-11-28,False,signal
LTCUSDT,high,2023-02-06,False,signal
LTCUSDT,high,2023-03-13,False,invalidated
LTCUSDT,high,2023-03-27,False,signal
LTCUSDT,high,2023-05-22,False,invalidated
LTCUSDT,high,2023-10-30,False,signal
LTCUSDT,high,2024-01-15,False,invalidated
LTCUSDT,high,2024-01-29,False,invalidated
LTCUSDT,high,2024-03-04,False,signal
LTCUSDT,high,2024-05-06,False,signal
LTCUSDT,high,2024-07-08,False,signal
LTCUSDT,high,2024-10-07,False,invalidated
LTCUSDT,high,2024-10-21,False,invalidated
LTCUSDT,high,2024-12-23,False,invalidated
LTCUSDT,high,2025-06-23,False,signal
LTCUSDT,high,2025-10-20,False,signal
LTCUSDT,high,2025-12-22,False,invalidated
LTCUSDT,high,2026-03-02,False,signal
LTCUSDT,high,2026-03-09,False,signal
LTCUSDT,high,2026-04-20,False,signal
LTCUSDT,high,2026-07-06,False,invalidated
LTCUSDT,high,2026-08-24,False,signal
SOLUSDT,low,2020-09-21,False,signal
SOLUSDT,low,2020-11-30,False,invalidated
SOLUSDT,low,2020-12-14,False,invalidated
SOLUSDT,low,2021-05-03,False,signal
SOLUSDT,low,2021-09-13,False,signal
SOLUSDT,low,2021-11-08,False,signal
SOLUSDT,low,2022-04-04,False,invalidated
SOLUSDT,low,2022-05-16,False,invalidated
SOLUSDT,low,2022-10-03,False,invalidated
SOLUSDT,low,2022-11-14,False,invalidated
SOLUSDT,low,2022-11-28,False,invalidated
SOLUSDT,low,2023-01-30,False,invalidated
SOLUSDT,low,2023-05-01,False,invalidated
SOLUSDT,low,2023-07-17,False,invalidated
SOLUSDT,low,2024-01-08,False,signal
SOLUSDT,low,2024-01-15,False,signal
SOLUSDT,low,2024-03-25,False,invalidated
SOLUSDT,low,2024-05-27,False,invalidated
SOLUSDT,low,2024-12-23,False,signal
SOLUSDT,low,2025-01-20,False,invalidated
SOLUSDT,low,2025-02-10,False,invalidated
SOLUSDT,low,2025-10-13,False,invalidated
SOLUSDT,low,2025-10-20,False,invalidated
SOLUSDT,low,2025-12-08,False,invalidated
SOLUSDT,low,2026-02-16,False,signal
SOLUSDT,low,2026-04-20,False,signal
SOLUSDT,low,2026-07-20,False,signal
SOLUSDT,low,2026-09-07,True,signal
SOLUSDT,high,2020-11-09,False,signal
SOLUSDT,high,2021-03-01,False,invalidated
SOLUSDT,high,2021-10-04,False,invalidated
SOLUSDT,high,2022-07-04,False,signal
SOLUSDT,high,2022-08-01,False,invalidated
SOLUSDT,high,2023-04-03,False,invalidated
SOLUSDT,high,2023-06-12,False,invalidated
SOLUSDT,high,2023-11-20,False,invalidated
SOLUSDT,high,2024-04-15,False,invalidated
SOLUSDT,high,2024-07-08,False,invalidated
SOLUSDT,high,2024-10-07,False,invalidated
SOLUSDT,high,2025-03-17,False,signal
SOLUSDT,high,2025-04-28,False,invalidated
SOLUSDT,high,2025-06-23,False,signal
SOLUSDT,high,2025-08-04,False,invalidated
SOLUSDT,high,2025-09-01,False,invalidated
SOLUSDT,high,2025-11-24,False,signal
SOLUSDT,high,2025-12-22,False,invalidated
SOLUSDT,high,2026-03-09,False,signal
SOLUSDT,high,2026-06-08,False,invalidated
SOLUSDT,high,2026-07-06,False,invalidated
SOLUSDT,high,2026-08-10,False,invalidated
SOLUSDT,high,2026-08-31,True,invalidated
XRPUSDT,low,2020-05-11,False,invalidated
XRPUSDT,low,2020-09-07,False,signal
XRPUSDT,low,2020-11-30,False,invalidated
XRPUSDT,low,2021-05-24,False,invalidated
XRPUSDT,low,2021-09-13,False,invalidated
XRPUSDT,low,2021-10-11,False,signal
XRPUSDT,low,2021-10-18,False,signal
XRPUSDT,low,2021-12-06,False,invalidated
XRPUSDT,low,2022-02-14,False,invalidated
XRPUSDT,low,2022-04-18,False,invalidated
XRPUSDT,low,2022-05-16,False,invalidated
XRPUSDT,low,2022-07-04,False,signal
XRPUSDT,low,2022-08-01,False,invalidated
XRPUSDT,low,2022-09-26,False,invalidated
XRPUSDT,low,2022-10-10,False,signal
XRPUSDT,low,2022-11-14,False,signal
XRPUSDT,low,2022-11-28,False,invalidated
XRPUSDT,low,2023-04-03,False,invalidated
XRPUSDT,low,2023-05-01,False,invalidated
XRPUSDT,low,2023-06-19,False,signal
XRPUSDT,low,2023-07-17,False,invalidated
XRPUSDT,low,2023-09-04,False,signal
XRPUSDT,low,2023-10-02,False,invalidated
XRPUSDT,low,2023-12-11,False,invalidated
XRPUSDT,low,2024-03-25,False,invalidated
XRPUSDT,low,2024-05-27,False,invalidated
XRPUSDT,low,2024-06-10,False,invalidated
XRPUSDT,low,2024-10-07,False,invalidated
XRPUSDT,low,2025-01-20,False,invalidated
XRPUSDT,low,2025-02-17,False,signal
XRPUSDT,low,2025-03-03,False,signal
XRPUSDT,low,2025-07-21,False,invalidated
XRPUSDT,low,2025-08-11,False,signal
XRPUSDT,low,2025-09-15,False,signal
XRPUSDT,low,2025-11-24,False,invalidated
XRPUSDT,low,2026-02-16,False,signal
XRPUSDT,low,2026-06-08,False,invalidated
XRPUSDT,low,2026-07-06,False,invalidated
XRPUSDT,high,2020-01-20,False,invalidated
XRPUSDT,high,2020-03-16,False,invalidated
XRPUSDT,high,2020-03-30,False,signal
XRPUSDT,high,2020-06-08,False,invalidated
XRPUSDT,high,2020-06-29,False,invalidated
XRPUSDT,high,2020-07-13,False,invalidated
XRPUSDT,high,2020-10-26,False,signal
XRPUSDT,high,2021-01-11,False,invalidated
XRPUSDT,high,2021-02-08,False,invalidated
XRPUSDT,high,2021-02-15,False,signal
XRPUSDT,high,2021-03-01,False,invalidated
XRPUSDT,high,2021-03-08,False,invalidated
XRPUSDT,high,2021-06-28,False,invalidated
XRPUSDT,high,2021-08-16,False,signal
XRPUSDT,high,2021-12-13,False,invalidated
XRPUSDT,high,2022-01-24,False,invalidated
XRPUSDT,high,2022-03-14,False,invalidated
XRPUSDT,high,2022-10-24,False,signal
XRPUSDT,high,2023-03-13,False,invalidated
XRPUSDT,high,2023-07-03,False,invalidated
XRPUSDT,high,2023-11-27,False,signal
XRPUSDT,high,2024-01-08,False,invalidated
XRPUSDT,high,2024-02-05,False,invalidated
XRPUSDT,high,2024-02-19,False,invalidated
XRPUSDT,high,2024-07-22,False,signal
XRPUSDT,high,2024-08-12,False,invalidated
XRPUSDT,high,2024-10-28,False,invalidated
XRPUSDT,high,2024-12-23,False,invalidated
XRPUSDT,high,2025-04-14,False,signal
XRPUSDT,high,2025-06-23,False,invalidated
XRPUSDT,high,2025-12-22,False,invalidated
XRPUSDT,high,2026-03-02,False,signal
XRPUSDT,high,2026-03-09,False,signal
XRPUSDT,high,2026-04-20,False,signal
XRPUSDT,high,2026-09-07,True,signal
